1518962343979133,27,-999999,-999999,-999999,-999999,-999999,-999999
1518962343979133,36,-999999,-999999,-999999,-999999,-999999,-999999
1518962344043079,36,-999999,-999999,-999999,-999999,-999999,-999999
1518962344111148,36,-999999,-999999,-999999,-999999,-999999,-999999
1518962344179074,36,-999999,-999999,-999999,-999999,-999999,-999999
1518962344243082,36,-999999,-999999,-999999,-999999,-999999,-999999
1518962344311139,36,-999999,-999999,-999999,-999999,-999999,-999999
1518962344379072,36,-999999,-999999,-999999,-999999,-999999,-999999
1518962344443083,36,-999999,-999999,-999999,-999999,-999999,-999999
1518962344511142,36,-999999,-999999,-999999,-999999,-999999,-999999
1518962344579107,36,-999999,-999999,-999999,-999999,-999999,-999999
1518962344643084,36,-999999,-999999,-999999,-999999,-999999,-999999
1518962344711079,36,-999999,-999999,-999999,-999999,-999999,-999999
1518962344779077,36,-999999,-999999,-999999,-999999,-999999,-999999
1518962345243080,27,-999999,-999999,-999999,-999999,-999999,-999999
1518962345243080,36,-999999,-999999,-999999,-999999,-999999,-999999
1518962345311103,36,-999999,-999999,-999999,-999999,-999999,-999999
1518962346111085,36,-999999,-999999,-999999,-999999,-999999,-999999
1518962346179080,27,-999999,-999999,-999999,-999999,-999999,-999999
1518962346179080,48,-999999,-999999,-999999,-999999,-999999,-999999
1518962346375102,27,-999999,-999999,-999999,-999999,-999999,-999999
1518962346375102,36,-999999,-999999,-999999,-999999,-999999,-999999
1518962346511128,36,-999999,-999999,-999999,-999999,-999999,-999999
1518962346579100,36,-999999,-999999,-999999,-999999,-999999,-999999
1518962346643123,36,-999999,-999999,-999999,-999999,-999999,-999999
1518962346711112,36,-999999,-999999,-999999,-999999,-999999,-999999
1518962347175113,36,-999999,-999999,-999999,-999999,-999999,-999999
1518962347375117,9,-999999,-999999,-999999,-999999,-999999,-999999
1518962348375087,28,-999999,-999999,-999999,-999999,-999999,-999999
1518962348439097,5,-0.598909,0.164432,3.78675,2.46264,0.00904341,1.8822
1518962348439097,28,-0.852199,0.173867,2.81829,-2.44599,0.0223465,-1.96826
1518962348439097,36,-999999,-999999,-999999,-999999,-999999,-999999
1518962348508022,5,-0.603475,0.162294,3.70214,2.46264,0.00991789,1.88779
1518962348508022,28,-0.850666,0.171912,2.70781,-2.43231,0.0173857,-1.98773
1518962348508022,31,-0.380707,0.187414,4.63828,-2.47096,0.138284,-1.91523
1518962348508022,36,-999999,-999999,-999999,-999999,-999999,-999999
1518962348575094,5,-0.66797,0.177558,3.93266,2.51256,0.004087,1.81653
1518962348575094,28,-0.910166,0.182438,2.75907,-2.45242,0.0367962,-1.95924
1518962348575094,36,-999999,-999999,-999999,-999999,-999999,-999999
1518962348643103,28,-0.869514,0.166545,2.51401,-2.42655,0.0374004,-1.98231
1518962348707095,28,-0.866893,0.181899,2.37484,-2.40503,-0.00536852,-1.9703
1518962348775088,5,-0.645581,0.182334,3.33932,2.46762,0.0182421,1.86116
1518962348839090,28,-0.884524,0.177132,2.12831,-2.3798,0.00010497,-2.04517
1518962348839090,36,-999999,-999999,-999999,-999999,-999999,-999999
1518962348907131,5,-0.650989,0.169543,2.98014,2.44016,0.0191017,1.91929
1518962348907131,31,-0.432742,0.195409,3.88225,-2.45572,0.116472,-1.94295
1518962348975127,5,-0.660394,0.172102,2.84258,2.44598,0.0148925,1.91564
1518962348975127,31,-0.442892,0.198322,3.72208,-2.45215,0.11754,-1.94368
1518962349043084,5,-0.695863,0.170626,2.78857,2.42318,0.045173,1.94951
1518962349107096,31,-0.493233,0.178664,3.43598,-2.41406,0.106242,-1.9819
1518962349639479,36,-999999,-999999,-999999,-999999,-999999,-999999
1518962349707096,36,-999999,-999999,-999999,-999999,-999999,-999999
1518962349775084,36,-999999,-999999,-999999,-999999,-999999,-999999
1518962349839099,36,-999999,-999999,-999999,-999999,-999999,-999999
1518962349907091,6,-0.950577,0.173213,2.96755,2.31169,-0.0427699,2.12658
1518962349907091,36,-999999,-999999,-999999,-999999,-999999,-999999
1518962349975095,36,-999999,-999999,-999999,-999999,-999999,-999999
1518962350043105,6,-0.9552,0.168046,2.7316,2.30537,-0.0355091,2.13677
1518962350043105,36,-999999,-999999,-999999,-999999,-999999,-999999
1518962350107098,6,-0.953015,0.166818,2.60874,2.30464,-0.0299855,2.15069
1518962350107098,36,-999999,-999999,-999999,-999999,-999999,-999999
1518962350239104,6,-0.992351,0.17736,2.4079,2.31534,-0.045677,2.12408
1518962350239104,7,-999999,-999999,-999999,-999999,-999999,-999999
1518962350239104,9,-999999,-999999,-999999,-999999,-999999,-999999
1518962350239104,11,-999999,-999999,-999999,-999999,-999999,-999999
1518962350239104,43,-999999,-999999,-999999,-999999,-999999,-999999
1518962350239104,50,-999999,-999999,-999999,-999999,-999999,-999999
1518962350311094,6,-0.983548,0.170855,2.2484,2.30983,-0.0225549,2.14211
1518962350311094,7,-999999,-999999,-999999,-999999,-999999,-999999
1518962350311094,9,-999999,-999999,-999999,-999999,-999999,-999999
1518962350311094,11,-999999,-999999,-999999,-999999,-999999,-999999
1518962350311094,43,-999999,-999999,-999999,-999999,-999999,-999999
1518962350311094,44,-999999,-999999,-999999,-999999,-999999,-999999
1518962350311094,50,-0.909401,0.182217,3.19069,-2.27691,0.00435453,-2.15715
1518962350375148,9,-999999,-999999,-999999,-999999,-999999,-999999
1518962350375148,43,-999999,-999999,-999999,-999999,-999999,-999999
1518962350375148,44,-999999,-999999,-999999,-999999,-999999,-999999
1518962350375148,50,-0.93352,0.193701,3.09502,-2.27854,-0.0015699,-2.13532
1518962350443079,7,-999999,-999999,-999999,-999999,-999999,-999999
1518962350443079,9,-999999,-999999,-999999,-999999,-999999,-999999
1518962350443079,11,-999999,-999999,-999999,-999999,-999999,-999999
1518962350443079,23,-999999,-999999,-999999,-999999,-999999,-999999
1518962350443079,43,-999999,-999999,-999999,-999999,-999999,-999999
1518962350443079,44,-999999,-999999,-999999,-999999,-999999,-999999
1518962350443079,50,-0.942805,0.192701,2.95162,-2.28039,-0.000570044,-2.1635
1518962350507125,9,-999999,-999999,-999999,-999999,-999999,-999999
1518962350507125,11,-999999,-999999,-999999,-999999,-999999,-999999
1518962350507125,43,-999999,-999999,-999999,-999999,-999999,-999999
1518962350507125,50,-0.963433,0.184036,2.86228,-2.28765,-0.00645607,-2.13637
1518962350575093,7,-0.891176,0.178577,3.64467,-2.29664,0.0814279,-2.06089
1518962350575093,9,-999999,-999999,-999999,-999999,-999999,-999999
1518962350575093,11,-999999,-999999,-999999,-999999,-999999,-999999
1518962350575093,38,-999999,-999999,-999999,-999999,-999999,-999999
1518962350575093,43,-999999,-999999,-999999,-999999,-999999,-999999
1518962350575093,49,-999999,-999999,-999999,-999999,-999999,-999999
1518962350575093,50,-0.951888,0.177375,2.68923,-2.29277,0.00398754,-2.1266
1518962350643092,7,-0.88376,0.183646,3.44187,-2.28974,0.0382789,-2.08123
1518962350643092,9,-999999,-999999,-999999,-999999,-999999,-999999
1518962350643092,11,1.4407,0.00984176,7.58328,-3.02082,0.117317,-0.738888
1518962350643092,23,-999999,-999999,-999999,-999999,-999999,-999999
1518962350643092,43,0.719282,0.0419319,7.562,2.8451,-0.0557488,-1.22967
1518962350643092,44,-999999,-999999,-999999,-999999,-999999,-999999
1518962350643092,50,-0.956664,0.184155,2.54804,-2.27763,0.00419387,-2.12551
1518962350707123,7,-0.89467,0.177879,3.30991,-2.28109,0.0592303,-2.10659
1518962350707123,9,0.0918336,0.120017,7.49111,2.89935,-0.0668688,-1.11583
1518962350707123,11,1.38991,-0.0021017,7.26469,-3.02101,0.11395,-0.807634
1518962350707123,38,-999999,-999999,-999999,-999999,-999999,-999999
1518962350707123,43,0.702403,0.0292527,7.40643,2.86993,-0.0553243,-1.23394
1518962350707123,44,-999999,-999999,-999999,-999999,-999999,-999999
1518962350707123,49,-999999,-999999,-999999,-999999,-999999,-999999
1518962350707123,50,-0.966679,0.179171,2.41457,-2.2702,0.0072739,-2.15174
1518962350775096,7,-0.905078,0.184246,3.17165,-2.27408,0.0449302,-2.10718
1518962350775096,9,0.0787922,0.122322,7.29026,2.89499,-0.0775387,-1.13683
1518962350775096,11,1.3817,-0.00342714,7.15379,-3.00981,0.140132,-0.784986
1518962350775096,23,-999999,-999999,-999999,-999999,-999999,-999999
1518962350775096,43,0.690657,0.0299587,7.28426,2.8813,-0.0532154,-1.22138
1518962350775096,49,-999999,-999999,-999999,-999999,-999999,-999999
1518962350775096,50,-0.971983,0.183391,2.27578,-2.27112,-0.0084716,-2.15118
1518962350843087,7,-0.896698,0.180001,3.03559,-2.3071,0.0471759,-2.07997
1518962350843087,9,0.0923155,0.122767,7.09152,2.88588,-0.107615,-1.22771
1518962350843087,11,1.35264,0.000874165,6.80155,-2.98875,0.127092,-1.03037
1518962350843087,43,0.705316,0.0346824,7.15479,2.80863,-0.0811032,-1.33237
1518962350843087,49,-999999,-999999,-999999,-999999,-999999,-999999
1518962350907118,7,-0.898564,0.193647,2.97378,-2.32415,0.0583524,-2.049
1518962350907118,8,-999999,-999999,-999999,-999999,-999999,-999999
1518962350907118,11,1.55558,0.0111056,7.43881,-3.03315,0.1497,-0.542898
1518962350907118,43,0.771231,0.0479641,7.23735,2.8722,-0.0405588,-1.18213
1518962350907118,49,-999999,-999999,-999999,-999999,-999999,-999999
1518962350975092,7,-0.858718,0.188265,2.84451,-2.33073,0.0600856,-2.04821
1518962350975092,49,-999999,-999999,-999999,-999999,-999999,-999999
1518962351043093,7,-0.794444,0.185232,2.70888,-2.34483,0.0553026,-2.04074
1518962351043093,49,-999999,-999999,-999999,-999999,-999999,-999999
1518962351107100,7,-0.754847,0.190216,2.60965,-2.35281,0.0359177,-2.02637
1518962351107100,49,-999999,-999999,-999999,-999999,-999999,-999999
1518962351175113,7,-0.777605,0.196145,2.62018,-2.39118,0.0342536,-1.99906
1518962351243144,7,-0.738835,0.170409,2.4039,-2.34622,0.0238004,-2.02072
1518962351243144,49,-999999,-999999,-999999,-999999,-999999,-999999
1518962351307115,7,-0.714926,0.180429,2.30698,-2.37799,0.0484776,-2.03248
1518962351375124,7,-0.690468,0.192626,2.23505,-2.38749,0.0364224,-1.99001
1518962351443076,7,-0.68922,0.184316,2.1344,-2.38078,0.0371424,-1.98885
1518962351443076,49,-999999,-999999,-999999,-999999,-999999,-999999
1518962351507091,7,-0.676091,0.180747,1.97191,-2.3456,0.0222792,-1.99826
1518962351507091,8,-999999,-999999,-999999,-999999,-999999,-999999
1518962351507091,9,0.598733,0.142761,5.91854,2.84871,-0.0771854,-1.24652
1518962351507091,11,1.8693,0.0224978,5.58983,-3.09181,0.113042,-0.590882
1518962351507091,23,-999999,-999999,-999999,-999999,-999999,-999999
1518962351507091,43,1.1928,0.0539077,5.77385,2.80922,-0.0554728,-1.36112
1518962351507091,49,-999999,-999999,-999999,-999999,-999999,-999999
1518962351575097,7,-0.707582,0.196136,1.93397,-2.36827,0.033245,-1.99077
1518962351575097,8,-999999,-999999,-999999,-999999,-999999,-999999
1518962351575097,43,1.22655,0.0759293,5.85559,2.84659,-0.0515061,-1.28416
1518962351575097,49,-999999,-999999,-999999,-999999,-999999,-999999
1518962351643077,7,-0.722525,0.186168,1.84468,-2.36344,0.0455396,-1.99049
1518962351643077,8,-999999,-999999,-999999,-999999,-999999,-999999
1518962351643077,49,-999999,-999999,-999999,-999999,-999999,-999999
1518962351707121,7,-0.702286,0.175803,1.67158,-2.35385,0.0266798,-2.00038
1518962351707121,8,-999999,-999999,-999999,-999999,-999999,-999999
1518962351707121,9,0.58703,0.124377,5.57778,2.85001,-0.0791937,-1.25557
1518962351707121,11,1.85391,0.00268704,5.23415,-3.08552,0.132479,-0.604808
1518962351707121,43,1.1818,0.0345981,5.43355,2.80387,-0.0596519,-1.38911
1518962351707121,49,-999999,-999999,-999999,-999999,-999999,-999999
1518962351775087,8,-999999,-999999,-999999,-999999,-999999,-999999
1518962351775087,9,0.587724,0.128594,5.4493,2.84063,-0.0734891,-1.24876
1518962351775087,11,1.87026,0.0105017,5.14908,-3.09023,0.121055,-0.534952
1518962351775087,43,1.18167,0.0400747,5.30202,2.80021,-0.0510701,-1.37875
1518962351775087,49,-999999,-999999,-999999,-999999,-999999,-999999
1518962351843153,8,-999999,-999999,-999999,-999999,-999999,-999999
1518962351843153,9,0.575282,0.112587,5.3338,2.84845,-0.0717249,-1.24763
1518962351843153,43,1.17658,0.0250883,5.21285,2.81885,-0.0515888,-1.3663
1518962351843153,49,-999999,-999999,-999999,-999999,-999999,-999999
1518962351907098,8,-999999,-999999,-999999,-999999,-999999,-999999
1518962351907098,9,0.574706,0.113017,5.18418,2.84926,-0.071569,-1.25673
1518962351907098,11,1.84618,-0.00295748,4.86043,-3.10166,0.116254,-0.536332
1518962351907098,43,1.16476,0.0261448,5.02489,2.79892,-0.0505583,-1.40331
1518962351907098,49,-999999,-999999,-999999,-999999,-999999,-999999
1518962351975101,8,-999999,-999999,-999999,-999999,-999999,-999999
1518962351975101,9,0.588834,0.107468,5.08081,2.84703,-0.0717321,-1.24484
1518962351975101,11,1.86791,-0.00801322,4.75381,-3.10473,0.115773,-0.503995
1518962351975101,43,1.18143,0.020377,4.91535,2.80248,-0.0541553,-1.39877
1518962351975101,49,-0.570376,0.196237,2.04347,-2.39214,-0.0209514,-2.03347
1518962352043075,8,-999999,-999999,-999999,-999999,-999999,-999999
1518962352043075,9,0.571096,0.109078,4.88193,2.83803,-0.0811094,-1.30971
1518962352043075,11,1.81891,-0.00831964,4.52502,-3.10915,0.118613,-0.571719
1518962352043075,43,1.15371,0.0212454,4.71234,2.78808,-0.0629545,-1.47002
1518962352043075,49,-0.578628,0.198235,1.91945,-2.40771,-0.00639844,-2.02493
1518962352107120,8,-0.409755,0.181894,2.6784,-2.36034,-0.00441259,-2.06785
1518962352107120,9,0.56854,0.112427,4.75983,2.8271,-0.0737269,-1.26887
1518962352107120,11,1.83307,-0.00844725,4.43341,-3.10337,0.12805,-0.488221
1518962352107120,43,1.15757,0.0234543,4.60786,2.7886,-0.0501028,-1.41992
1518962352107120,49,-0.578783,0.200384,1.76445,-2.37271,-0.0354203,-2.05372
1518962352175088,8,-0.439759,0.175181,2.63612,-2.37873,0.00975969,-2.04897
1518962352175088,9,0.56188,0.101118,4.7492,2.85957,-0.0685935,-1.22179
1518962352175088,11,1.85468,-0.0195373,4.40736,-3.10491,0.124197,-0.429802
1518962352175088,43,1.17113,0.011645,4.61286,2.81063,-0.0532826,-1.36379
1518962352175088,49,-0.605855,0.194459,1.67556,-2.39248,-0.0162816,-2.02946
1518962352243102,8,-0.455759,0.177357,2.46775,-2.33731,0.0243188,-2.04522
1518962352243102,9,0.519048,0.0915744,4.50117,2.82478,-0.0713059,-1.26636
1518962352243102,11,1.78569,-0.0309866,4.18822,-3.08217,0.130272,-0.473929
1518962352243102,43,1.1064,0.00146149,4.34446,2.77117,-0.0482744,-1.43037
1518962352243102,49,-0.602753,0.191884,1.48751,-2.34014,-0.0471345,-2.07478
1518962352307114,9,0.45312,0.100268,4.39523,2.83444,-0.0681388,-1.2554
1518962352307114,11,1.7376,-0.0161086,4.13523,-3.09012,0.126523,-0.460628
1518962352307114,43,1.0482,0.0134385,4.27105,2.78855,-0.0434955,-1.40682
1518962352375100,9,0.378585,0.106132,4.34534,2.85924,-0.0681336,-1.20024
1518962352375100,11,1.64958,-0.0120552,4.0291,-3.08739,0.1201,-0.508471
1518962352375100,43,0.970575,0.0180522,4.18114,2.79355,-0.0467265,-1.39253
1518962352443125,9,0.289233,0.105252,4.17556,2.84413,-0.0682813,-1.21911
1518962352443125,11,1.57418,-0.00934469,3.97297,-3.08278,0.120385,-0.526975
1518962352443125,43,0.888098,0.0191137,4.09577,2.79593,-0.0459124,-1.37884
1518962352507093,11,1.45165,-0.00640459,3.84815,-3.0442,0.110741,-0.664603
1518962352507093,43,0.779076,0.0217335,3.96559,2.74427,-0.0300258,-1.45012
1518962352575102,9,0.0764056,0.12187,4.00428,2.83701,-0.0569695,-1.2112
1518962352575102,11,1.34089,0.00961186,3.79391,-3.03908,0.0917008,-0.737067
1518962352575102,43,0.671163,0.0367172,3.90889,2.75788,-0.028948,-1.43589
1518962352639101,11,1.24794,0.000139238,3.82242,-3.03184,0.101379,-0.738785
1518962352639101,43,0.563203,0.0280048,3.90826,2.78371,-0.0290751,-1.38273
1518962352707109,11,1.10673,0.00796365,3.71958,-2.99842,0.0956154,-0.835649
1518962352707109,43,0.428134,0.0353701,3.74097,2.76534,-0.0265757,-1.37937
1518962352775093,9,-0.304562,0.134503,3.80938,2.91968,-0.0600546,-1.00698
1518962352775093,11,1.02927,0.0218486,3.88683,-3.02882,0.110491,-0.726252
1518962352775093,23,-999999,-999999,-999999,-999999,-999999,-999999
1518962352775093,43,0.314108,0.0487317,3.87167,2.85746,-0.0392325,-1.20806
1518962352839091,43,0.175214,0.0320499,3.6308,2.82314,-0.0317437,-1.30402
1518962352907115,9,-0.538966,0.116987,3.44759,2.91127,-0.0732582,-0.941705
1518962352907115,11,0.723387,0.00160504,3.60512,-2.96394,0.113542,-0.931222
1518962352907115,43,0.0491823,0.0304654,3.5332,2.85734,-0.0401007,-1.19948
1518962352975093,9,-0.647012,0.141963,3.32427,2.91964,-0.0797815,-0.908721
1518962352975093,11,0.598605,0.0246249,3.5156,-2.94396,0.0987753,-1.01382
1518962352975093,43,-0.0647436,0.0548559,3.44127,2.8584,-0.0405602,-1.16762
1518962353039095,9,-0.782849,0.145038,3.33731,2.94985,-0.0731493,-0.843262
1518962353039095,11,0.505336,0.0270738,3.59974,-2.95389,0.0946033,-1.01762
1518962353039095,23,-999999,-999999,-999999,-999999,-999999,-999999
1518962353039095,43,-0.18023,0.056643,3.46726,2.8966,-0.0374073,-1.09959
1518962353108022,9,-0.87547,0.125107,3.14794,2.96495,-0.0741234,-0.802359
1518962353175096,9,-0.955881,0.127496,2.9837,2.95805,-0.0855398,-0.720473
1518962353175096,43,-0.390446,0.0393706,3.2214,2.91607,-0.0500455,-0.958237
1518962353239133,9,-1.04131,0.141236,2.86673,2.97306,-0.0833632,-0.681817
1518962353239133,11,0.17284,0.0258672,3.26232,-2.86096,0.0898056,-1.19021
1518962353239133,12,-999999,-999999,-999999,-999999,-999999,-999999
1518962353239133,23,-999999,-999999,-999999,-999999,-999999,-999999
1518962353239133,43,-0.472804,0.0550671,3.06085,2.91522,-0.0428145,-0.967635
1518962353307113,9,-1.15747,0.139049,2.86116,3.03026,-0.0809508,-0.531742
1518962353307113,11,0.0946798,0.0248282,3.31607,-2.90792,0.101727,-1.12929
1518962353307113,12,-999999,-999999,-999999,-999999,-999999,-999999
1518962353307113,23,0.740625,-0.0155069,3.55041,2.95976,0.0601238,0.973419
1518962353307113,43,-0.571548,0.0529848,3.07739,2.98546,-0.0452655,-0.820742
1518962353375094,9,-1.18961,0.125197,2.68373,3.0221,-0.0842035,-0.536036
1518962353375094,11,0.0245204,0.00980167,3.17692,-2.87123,0.095387,-1.19435
1518962353375094,12,-999999,-999999,-999999,-999999,-999999,-999999
1518962353375094,23,0.651907,-0.0314471,3.41955,2.95068,0.0526515,1.04942
1518962353375094,43,-0.624949,0.0394301,2.92436,2.97993,-0.0426332,-0.818866
1518962353439100,11,-0.0301974,0.0182023,3.08291,-2.86379,0.1012,-1.20281
1518962353439100,12,-999999,-999999,-999999,-999999,-999999,-999999
1518962353439100,23,0.588608,-0.0223959,3.34427,2.94935,0.0484712,1.04939
1518962353439100,43,-0.66999,0.0465252,2.81831,2.99468,-0.0538575,-0.752339
1518962353439100,44,-999999,-999999,-999999,-999999,-999999,-999999
1518962353507094,11,-0.045498,0.0244166,3.03807,-2.88744,0.10737,-1.19212
1518962353507094,12,1.14833,0.106401,3.54231,2.97225,-0.0540283,0.967218
1518962353507094,23,0.57365,-0.0155062,3.29241,2.93296,0.045487,1.03911
1518962353507094,43,-0.688621,0.0523465,2.7691,3.02029,-0.0572261,-0.69881
1518962353507094,44,-999999,-999999,-999999,-999999,-999999,-999999
1518962353575100,11,-0.0593963,0.0186414,3.00203,-2.88503,0.104063,-1.18257
1518962353575100,12,1.14574,0.0992178,3.51924,2.98254,-0.0518098,0.954825
1518962353575100,23,0.566773,-0.0219813,3.26762,2.94545,0.0465573,1.02645
1518962353575100,43,-0.70587,0.0469164,2.71486,3.01935,-0.0522321,-0.691569
1518962353575100,44,-999999,-999999,-999999,-999999,-999999,-999999
1518962353643104,11,-0.0917103,0.0116172,2.89246,-2.86127,0.102794,-1.21951
1518962353643104,12,1.09208,0.0897753,3.41063,2.97753,-0.0600555,0.992708
1518962353643104,23,0.526032,-0.0297154,3.16918,2.93682,0.0489888,1.0613
1518962353643104,43,-0.728009,0.0409911,2.5973,3.0137,-0.051223,-0.692255
1518962353643104,44,-999999,-999999,-999999,-999999,-999999,-999999
1518962353707116,11,-0.128554,0.0206519,2.78754,-2.83695,0.0969092,-1.25166
1518962353707116,12,1.04296,0.103163,3.33352,2.97071,-0.0495017,1.0149
1518962353707116,23,0.482027,-0.0188373,3.07895,2.93447,0.0548553,1.09101
1518962353707116,43,-0.758503,0.0482554,2.48915,3.00709,-0.0513407,-0.674072
1518962353707116,44,1.76707,-0.0940016,3.69696,-2.9991,-0.00143072,-0.933751
1518962353775119,11,-0.167726,0.0292959,2.71966,-2.84666,0.0974166,-1.25606
1518962353775119,12,1.00216,0.11112,3.27604,2.95792,-0.0461924,1.02263
1518962353775119,23,0.44254,-0.0102082,3.01397,2.92387,0.0526478,1.09293
1518962353775119,43,-0.800531,0.0563587,2.41393,3.02118,-0.0533333,-0.607916
1518962353775119,44,1.7246,-0.0847074,3.65353,-3.00159,-0.00210139,-0.953506
1518962353843088,11,-0.211695,0.0249582,2.69715,-2.86226,0.0971967,-1.23645
1518962353843088,12,0.977736,0.107833,3.2712,2.96114,-0.0479909,1.01202
1518962353843088,23,0.410579,-0.015091,3.00309,2.9235,0.0536593,1.0716
1518962353843088,43,-0.853722,0.0522154,2.36044,3.03735,-0.0493762,-0.530506
1518962353843088,44,1.70796,-0.0899218,3.66113,-3.00298,-0.00560095,-0.948564
1518962353907113,11,-0.241332,0.0186231,2.53737,-2.8133,0.0941675,-1.3108
1518962353907113,12,0.924776,0.0989041,3.14977,2.95324,-0.051935,1.05389
1518962353907113,23,0.363608,-0.0218363,2.84014,2.90674,0.0514533,1.1612
1518962353907113,43,-0.870447,0.0469634,2.21174,3.02827,-0.0527741,-0.533265
1518962353907113,44,1.63969,-0.0996361,3.53891,-2.98304,-0.00115927,-0.991256
1518962353975083,43,-0.906167,0.0476332,2.11268,3.06079,-0.0678591,-0.546199
1518962354103084,11,-0.310635,0.0261344,2.17891,-2.79211,0.103625,-1.3792
1518962354103084,23,0.272778,-0.00965528,2.46714,2.87362,0.0501027,1.18733
1518962354171098,11,-0.350411,0.0232402,2.1775,-2.81092,0.0891088,-1.30446
1518962354171098,12,0.863877,0.113033,2.97544,2.95678,-0.0429282,1.014
1518962354171098,23,0.269053,-0.01746,2.57515,2.89956,0.0558656,1.11336
1518962354171098,44,1.59911,-0.0949621,3.39575,-3.00408,-0.0218495,-0.989718
1518962354239093,11,-0.38035,0.0146626,2.0779,-2.76312,0.149475,-1.45218
1518962354303086,11,-0.384923,0.014598,1.89083,-2.76066,0.0757183,-1.39597
1518962354303086,12,0.750316,0.0964181,2.57033,2.91949,-0.0514216,1.11755
1518962354303086,23,0.209531,-0.0249497,2.26651,2.88952,0.0530173,1.19258
1518962354371105,11,-0.394036,0.0131968,1.77534,-2.76661,0.0895354,-1.39559
1518962354371105,12,0.738438,0.095029,2.46551,2.92446,-0.0569714,1.10867
1518962354371105,23,0.196114,-0.0263323,2.14372,2.88033,0.0424429,1.1822
1518962354371105,44,1.43008,-0.100389,2.91093,-2.97278,0.00738503,-1.06817
1518962354439095,11,-0.395131,0.0145356,1.64603,-2.74213,0.0846234,-1.42894
1518962354439095,12,0.723225,0.095725,2.33503,2.92165,-0.0526594,1.09987
1518962354439095,23,0.187129,-0.0254061,2.01487,2.87823,0.0455917,1.18881
1518962354507108,11,-0.405667,0.0151406,1.55712,-2.74623,0.0805132,-1.43265
1518962354507108,12,0.720554,0.0976749,2.2502,2.92353,-0.0514524,1.09791
1518962354507108,23,0.181478,-0.0235495,1.92917,2.88428,0.0451728,1.17658
1518962354575082,11,-0.426729,0.00555805,1.50795,-2.76001,0.0745478,-1.3961
1518962354575082,12,0.725155,0.0872754,2.19229,2.94713,-0.0534197,1.07778
1518962354575082,23,0.180092,-0.0344959,1.88976,2.90782,0.0469696,1.13806
1518962354639086,11,-0.423007,0.00277577,1.35924,-2.68501,0.0694444,-1.49647
1518962354639086,12,0.689077,0.0829872,2.06478,2.93918,-0.051731,1.10592
1518962354639086,23,0.157122,-0.0376183,1.73765,2.89345,0.0505995,1.21067
1518962354707092,11,-0.446605,0.00770253,1.30286,-2.68784,0.0730538,-1.50917
1518962354707092,12,0.663902,0.0862135,2.01959,2.92844,-0.0514032,1.11763
1518962354707092,23,0.133288,-0.032943,1.68035,2.88422,0.0467998,1.21907
1518962354775076,11,-0.486368,0.00694742,1.25161,-2.64125,0.0483564,-1.55602
1518962354775076,12,0.614947,0.0847014,1.99706,2.91911,-0.0369075,1.1792
1518962354775076,23,0.0916427,-0.0338265,1.64619,2.87778,0.0594011,1.27354
1518962354839114,12,0.525707,0.0855537,1.97213,2.90478,-0.0244968,1.25591
1518962354839114,23,0.0198307,-0.0330579,1.60138,2.87136,0.0741434,1.34473
1518962354907113,23,-0.0713946,-0.0290702,1.56716,2.84118,0.083032,1.42788
1518962354971146,23,-0.17689,-0.0273574,1.5437,2.76859,0.0903881,1.56251
1518962355039122,23,-0.277385,-0.0256904,1.51108,2.7612,0.0929872,1.56412
1518962355107121,23,-0.369254,-0.0217724,1.47786,2.72435,0.0983466,1.63446
1518962355171097,23,-0.464547,-0.0191846,1.45388,2.67846,0.103939,1.70759
1518962355239105,23,-0.56545,-0.0192944,1.43223,2.64102,0.110131,1.76226
1518962355375077,12,-0.439166,0.108642,2.01111,2.90056,-0.0240589,1.26865
1518962356179080,40,0.281284,0.228415,2.0388,2.46421,0.0181622,-1.88606
1518962356247082,40,0.264132,0.227347,1.94114,2.48098,-0.00996632,-1.87389
1518962356379083,40,0.30733,0.231302,1.7673,2.43614,-0.02318,-1.91996
1518962356447075,40,0.312227,0.233943,1.63131,2.44309,-0.0172229,-1.91971
1518962356515077,40,0.330919,0.239706,1.57257,2.45258,-0.0147795,-1.90547
1518962357179154,15,-999999,-999999,-999999,-999999,-999999,-999999
1518962357179154,46,-999999,-999999,-999999,-999999,-999999,-999999
1518962357247088,15,-999999,-999999,-999999,-999999,-999999,-999999
1518962357247088,46,-999999,-999999,-999999,-999999,-999999,-999999
1518962357315151,15,-999999,-999999,-999999,-999999,-999999,-999999
1518962357315151,41,-999999,-999999,-999999,-999999,-999999,-999999
1518962357315151,46,-999999,-999999,-999999,-999999,-999999,-999999
1518962357383077,15,-999999,-999999,-999999,-999999,-999999,-999999
1518962357383077,41,-999999,-999999,-999999,-999999,-999999,-999999
1518962357383077,46,-999999,-999999,-999999,-999999,-999999,-999999
1518962357447103,15,-999999,-999999,-999999,-999999,-999999,-999999
1518962357511089,15,-999999,-999999,-999999,-999999,-999999,-999999
1518962357579095,41,-999999,-999999,-999999,-999999,-999999,-999999
1518962357647083,15,-999999,-999999,-999999,-999999,-999999,-999999
1518962357647083,46,-999999,-999999,-999999,-999999,-999999,-999999
1518962358043111,15,-999999,-999999,-999999,-999999,-999999,-999999
1518962358043111,41,-999999,-999999,-999999,-999999,-999999,-999999
1518962358043111,46,1.12203,0.0578844,4.40032,3.03635,-0.114516,0.743761
1518962358111110,15,-999999,-999999,-999999,-999999,-999999,-999999
1518962358111110,46,1.04616,0.0550339,4.0546,3.00079,-0.0328648,0.754973
1518962358179188,15,-999999,-999999,-999999,-999999,-999999,-999999
1518962358179188,46,1.0343,0.054239,3.92614,2.98492,-0.0366228,0.782162
1518962358311086,46,1.05095,0.063159,3.82297,3.00597,-0.0438006,0.72377
1518962358383077,15,-999999,-999999,-999999,-999999,-999999,-999999
1518962358383077,46,1.08016,0.0538564,3.86023,3.01135,-0.034547,0.672665
1518962358447083,15,-999999,-999999,-999999,-999999,-999999,-999999
1518962358447083,46,1.03738,0.0434411,3.63882,2.98735,-0.0424949,0.785967
1518962358515105,15,-999999,-999999,-999999,-999999,-999999,-999999
1518962358515105,46,1.06058,0.045963,3.59759,2.9907,-0.0370009,0.712902
1518962358583167,15,-999999,-999999,-999999,-999999,-999999,-999999
1518962358583167,46,1.0662,0.0519547,3.54157,3.00107,-0.0359932,0.712086
1518962358647130,15,-999999,-999999,-999999,-999999,-999999,-999999
1518962358647130,46,1.09714,0.0444547,3.62644,3.01419,-0.0354631,0.66704
1518962358715082,15,-999999,-999999,-999999,-999999,-999999,-999999
1518962358779107,15,-999999,-999999,-999999,-999999,-999999,-999999
1518962358779107,46,1.07306,0.0554307,3.66637,3.01428,-0.0378385,0.718283
1518962358847075,15,-999999,-999999,-999999,-999999,-999999,-999999
1518962358847075,46,1.0787,0.0537205,3.74369,3.00802,-0.0356752,0.722154
1518962358979077,46,1.14348,0.0777893,4.08751,3.01509,-0.0522862,0.766583
1518962359111080,15,-999999,-999999,-999999,-999999,-999999,-999999
1518962359111080,46,1.2041,0.0488719,4.49498,3.01463,-0.0544192,0.738781
1518962359247173,15,-999999,-999999,-999999,-999999,-999999,-999999
1518962359247173,46,1.12642,0.0862126,4.46124,2.96613,-0.0327655,0.846269
1518962359379107,46,1.15417,0.0741711,4.93908,2.98914,-0.0185131,0.810178
1518962359511079,15,-999999,-999999,-999999,-999999,-999999,-999999
1518962359579087,15,-999999,-999999,-999999,-999999,-999999,-999999
1518962359579087,46,1.05776,0.0592476,5.09151,3.00097,-0.0231104,0.839964
1518962359647084,15,-999999,-999999,-999999,-999999,-999999,-999999
1518962359647084,46,1.06401,0.062109,5.33092,2.98527,-0.0101004,0.812675
1518962359711088,15,0.415701,0.0282757,5.45095,2.9136,-0.0581624,-1.16962
1518962359711088,46,1.06065,0.0400582,5.52521,2.99505,-0.0191379,0.801192
1518962359979123,15,0.335462,0.0530933,5.92068,2.88129,-0.0748756,-1.15593
1518962359979123,46,0.96756,0.0595414,5.97555,3.01487,-0.0571853,0.869242
1518962361175075,6,0.847401,0.12775,2.32304,2.32201,-0.0198545,2.12549
1518962361175075,31,1.0005,0.175436,3.7186,-2.71932,0.0358022,-1.56258
1518962361443077,31,1.09427,0.17656,3.15217,-2.81747,-0.0201709,-1.44093
1518962361643112,31,1.20066,0.162989,2.75591,-2.92835,-0.00673361,-1.26551
1518962361711110,5,1.31992,0.155224,3.62397,2.74776,0.135903,1.40403
1518962361711110,31,1.22392,0.16891,2.66584,-2.93697,-0.0395231,-1.20833
1518962361779176,5,1.32249,0.146994,3.47526,2.75093,0.124726,1.41057
1518962361779176,31,1.23433,0.164323,2.55405,-2.95582,-0.0401998,-1.18141
1518962361843127,5,1.31965,0.138691,3.31081,2.76283,0.13489,1.37515
1518962361911084,5,1.32759,0.156126,3.21639,2.77111,0.139899,1.32556
1518962361979151,5,1.34038,0.1608,3.14869,2.79804,0.142092,1.29509
1518962362043085,5,1.40856,0.143298,3.21558,2.83726,0.130633,1.23429
1518962362175154,5,1.19608,0.145153,2.68735,2.8229,0.169124,1.26399
1518962362243081,5,1.19298,0.146282,2.68881,2.82284,0.169039,1.26352
1518962362311079,5,1.20734,0.140504,2.68532,2.84541,0.15805,1.17635
1518962362375111,5,1.15385,0.143202,2.49909,2.8304,0.156573,1.15974
1518962362375111,28,1.23321,0.161276,3.60382,-2.86573,-0.0856105,-1.42544
1518962362443081,5,1.13375,0.158735,2.36773,2.83835,0.165155,1.13009
1518962362443081,28,1.18612,0.180138,3.39321,-2.85874,-0.0725317,-1.44935
1518962362511092,4,-999999,-999999,-999999,-999999,-999999,-999999
1518962362579197,28,1.21824,0.156355,3.22233,-2.89385,-0.090405,-1.37929
1518962362779104,4,-999999,-999999,-999999,-999999,-999999,-999999
1518962362779104,28,1.25888,0.172572,2.98135,-2.97452,-0.09013,-1.21495
1518962362843111,4,1.21879,0.154147,3.5193,2.14928,-0.00508541,-2.27583
1518962362843111,28,1.14605,0.15334,2.58896,-2.9585,-0.0801166,-1.26187
1518962364647074,16,-999999,-999999,-999999,-999999,-999999,-999999
1518962364715101,16,-999999,-999999,-999999,-999999,-999999,-999999
1518962364715101,17,-999999,-999999,-999999,-999999,-999999,-999999
1518962364715101,26,-0.809413,0.226857,2.55893,2.34815,-0.00630537,2.06617
1518962364715101,34,-0.697928,0.236364,3.40859,-2.36437,0.0484142,-2.05215
1518962364715101,47,-999999,-999999,-999999,-999999,-999999,-999999
1518962364715101,48,-999999,-999999,-999999,-999999,-999999,-999999
1518962364783178,16,-999999,-999999,-999999,-999999,-999999,-999999
1518962364783178,17,-999999,-999999,-999999,-999999,-999999,-999999
1518962364783178,26,-0.806563,0.225546,2.52811,2.34545,-0.00520248,2.06835
1518962364783178,34,-0.696249,0.235137,3.37917,-2.36413,0.0494887,-2.05074
1518962364783178,47,-999999,-999999,-999999,-999999,-999999,-999999
1518962364783178,48,-999999,-999999,-999999,-999999,-999999,-999999
1518962364847112,17,-999999,-999999,-999999,-999999,-999999,-999999
1518962364847112,26,-0.807857,0.230655,2.52581,2.35206,-0.00895753,2.0609
1518962364847112,34,-0.692401,0.24064,3.36262,-2.365,0.0497268,-2.05289
1518962364847112,47,-999999,-999999,-999999,-999999,-999999,-999999
1518962364847112,48,-999999,-999999,-999999,-999999,-999999,-999999
1518962364915110,16,-999999,-999999,-999999,-999999,-999999,-999999
1518962364915110,17,-999999,-999999,-999999,-999999,-999999,-999999
1518962364915110,26,-0.810999,0.229795,2.50009,2.34351,-0.00380112,2.06827
1518962364915110,34,-0.69947,0.240097,3.34945,-2.36352,0.0437895,-2.05821
1518962364915110,47,-999999,-999999,-999999,-999999,-999999,-999999
1518962364915110,48,-999999,-999999,-999999,-999999,-999999,-999999
1518962364983092,17,-999999,-999999,-999999,-999999,-999999,-999999
1518962364983092,26,-0.808753,0.2268,2.45541,2.33954,-0.00522034,2.07751
1518962364983092,34,-0.697994,0.236408,3.29832,-2.35852,0.0478343,-2.06272
1518962364983092,47,-999999,-999999,-999999,-999999,-999999,-999999
1518962364983092,48,-999999,-999999,-999999,-999999,-999999,-999999
1518962365047080,17,-999999,-999999,-999999,-999999,-999999,-999999
1518962365047080,26,-0.813165,0.228529,2.41157,2.34005,-0.00493935,2.07888
1518962365047080,34,-0.703903,0.238248,3.25513,-2.35811,0.0462977,-2.05918
1518962365047080,47,-999999,-999999,-999999,-999999,-999999,-999999
1518962365047080,48,-999999,-999999,-999999,-999999,-999999,-999999
1518962365115084,17,-999999,-999999,-999999,-999999,-999999,-999999
1518962365115084,26,-0.820118,0.22617,2.37826,2.34103,-0.00491358,2.07359
1518962365115084,34,-0.71048,0.2362,3.22662,-2.35898,0.0512804,-2.05455
1518962365115084,47,-999999,-999999,-999999,-999999,-999999,-999999
1518962365115084,48,-999999,-999999,-999999,-999999,-999999,-999999
1518962365183102,16,-999999,-999999,-999999,-999999,-999999,-999999
1518962365183102,17,-999999,-999999,-999999,-999999,-999999,-999999
1518962365183102,26,-0.816188,0.22261,2.30509,2.32323,0.0012551,2.09198
1518962365183102,34,-0.71096,0.232836,3.16402,-2.35753,0.0518832,-2.0567
1518962365183102,47,-999999,-999999,-999999,-999999,-999999,-999999
1518962365183102,48,2.05644,0.0415982,5.28887,2.67976,-0.0540293,-1.6119
1518962365247110,17,-999999,-999999,-999999,-999999,-999999,-999999
1518962365247110,26,-0.817975,0.218674,2.23752,2.32151,0.00301456,2.09842
1518962365247110,34,-0.712484,0.228261,3.08847,-2.351,0.0402073,-2.06541
1518962365247110,47,-999999,-999999,-999999,-999999,-999999,-999999
1518962365247110,48,2.05171,0.0420864,5.22622,2.69351,-0.0521646,-1.62093
1518962365315106,17,-999999,-999999,-999999,-999999,-999999,-999999
1518962365315106,26,-0.82218,0.214603,2.17332,2.32512,-0.00154291,2.09953
1518962365315106,34,-0.711987,0.221041,3.0013,-2.34557,0.0430287,-2.07114
1518962365315106,47,-999999,-999999,-999999,-999999,-999999,-999999
1518962365315106,48,2.03746,0.0272619,5.1356,2.67606,-0.0503448,-1.64129
1518962365379085,16,-999999,-999999,-999999,-999999,-999999,-999999
1518962365379085,17,-999999,-999999,-999999,-999999,-999999,-999999
1518962365379085,26,-0.825682,0.213735,2.10343,2.32875,0.0046987,2.10417
1518962365379085,34,-0.718101,0.220912,2.93839,-2.34556,0.0443715,-2.0674
1518962365379085,47,-999999,-999999,-999999,-999999,-999999,-999999
1518962365379085,48,2.04493,0.0263484,5.10057,2.69866,-0.0497284,-1.61432
1518962365447092,16,-999999,-999999,-999999,-999999,-999999,-999999
1518962365447092,17,-999999,-999999,-999999,-999999,-999999,-999999
1518962365447092,26,-0.83918,0.217103,2.04781,2.32179,-0.00686016,2.10538
1518962365447092,34,-0.736452,0.228405,2.90041,-2.32363,0.0495348,-2.07647
1518962365447092,47,-999999,-999999,-999999,-999999,-999999,-999999
1518962365447092,48,2.0362,0.0342105,5.0494,2.68928,-0.0468236,-1.60774
1518962365515079,17,-999999,-999999,-999999,-999999,-999999,-999999
1518962365515079,26,-0.853548,0.219361,1.9613,2.28198,0.0171528,2.13943
1518962365515079,47,-999999,-999999,-999999,-999999,-999999,-999999
1518962365515079,48,2.04067,0.049886,5.10009,2.61937,-0.0395718,-1.59234
1518962365579103,17,-999999,-999999,-999999,-999999,-999999,-999999
1518962365579103,47,-999999,-999999,-999999,-999999,-999999,-999999
1518962365647195,16,-999999,-999999,-999999,-999999,-999999,-999999
1518962365647195,17,-999999,-999999,-999999,-999999,-999999,-999999
1518962365647195,47,-999999,-999999,-999999,-999999,-999999,-999999
1518962365647195,48,1.89146,0.0362609,4.86376,2.6867,-0.046861,-1.61868
1518962365715137,17,-999999,-999999,-999999,-999999,-999999,-999999
1518962365715137,47,-999999,-999999,-999999,-999999,-999999,-999999
1518962365715137,48,1.86518,0.0382739,4.78747,2.68434,-0.047964,-1.62154
1518962365783119,16,-999999,-999999,-999999,-999999,-999999,-999999
1518962365783119,17,-999999,-999999,-999999,-999999,-999999,-999999
1518962365783119,47,-999999,-999999,-999999,-999999,-999999,-999999
1518962365783119,48,1.83738,0.0360508,4.67039,2.67369,-0.0523538,-1.65442
1518962365847109,48,1.89816,0.030891,4.78735,2.67813,-0.059336,-1.60819
1518962365911109,16,-999999,-999999,-999999,-999999,-999999,-999999
1518962365911109,17,-999999,-999999,-999999,-999999,-999999,-999999
1518962365911109,34,-0.856007,0.221447,2.22148,-2.2682,0.016327,-2.15196
1518962365911109,47,-999999,-999999,-999999,-999999,-999999,-999999
1518962365911109,48,1.81245,0.0189192,4.54788,2.68222,-0.0527273,-1.63731
1518962365979108,17,-999999,-999999,-999999,-999999,-999999,-999999
1518962365979108,48,1.79159,0.0334068,4.46464,2.68981,-0.0596019,-1.64604
1518962366111100,17,-999999,-999999,-999999,-999999,-999999,-999999
1518962366111100,47,-999999,-999999,-999999,-999999,-999999,-999999
1518962366179093,17,-999999,-999999,-999999,-999999,-999999,-999999
1518962366179093,47,-999999,-999999,-999999,-999999,-999999,-999999
1518962366179093,48,1.74504,0.0443193,4.25206,2.67278,-0.0592227,-1.64625
1518962366247078,17,-999999,-999999,-999999,-999999,-999999,-999999
1518962366247078,47,-999999,-999999,-999999,-999999,-999999,-999999
1518962366247078,48,1.69144,0.0362306,4.09215,2.64904,-0.0553226,-1.67236
1518962366311083,16,-999999,-999999,-999999,-999999,-999999,-999999
1518962366311083,17,-999999,-999999,-999999,-999999,-999999,-999999
1518962366311083,47,-999999,-999999,-999999,-999999,-999999,-999999
1518962366311083,48,1.65215,0.0370354,3.97618,2.64455,-0.0550685,-1.69061
1518962366379080,17,-999999,-999999,-999999,-999999,-999999,-999999
1518962366379080,47,-999999,-999999,-999999,-999999,-999999,-999999
1518962366379080,48,1.61562,0.0467988,3.85836,2.61985,-0.0625364,-1.72599
1518962366447079,16,-999999,-999999,-999999,-999999,-999999,-999999
1518962366447079,17,-999999,-999999,-999999,-999999,-999999,-999999
1518962366447079,47,-999999,-999999,-999999,-999999,-999999,-999999
1518962366447079,48,1.58531,0.0537381,3.75541,2.61354,-0.0592736,-1.73553
1518962366515143,17,-999999,-999999,-999999,-999999,-999999,-999999
1518962366515143,47,-999999,-999999,-999999,-999999,-999999,-999999
1518962366515143,48,1.57564,0.0540291,3.68835,2.59353,-0.0597583,-1.762
1518962366579086,17,-999999,-999999,-999999,-999999,-999999,-999999
1518962366579086,47,-999999,-999999,-999999,-999999,-999999,-999999
1518962366579086,48,1.54516,0.0499421,3.57065,2.57395,-0.0550376,-1.78574
1518962366647127,17,-999999,-999999,-999999,-999999,-999999,-999999
1518962366647127,48,1.53775,0.0654285,3.52962,2.6067,-0.063217,-1.74859
1518962366711111,17,-999999,-999999,-999999,-999999,-999999,-999999
1518962366711111,47,-999999,-999999,-999999,-999999,-999999,-999999
1518962366711111,48,1.51687,0.077141,3.44631,2.60753,-0.0606108,-1.74474
1518962366779109,17,-999999,-999999,-999999,-999999,-999999,-999999
1518962366779109,47,-999999,-999999,-999999,-999999,-999999,-999999
1518962366779109,48,1.53699,0.0823318,3.45478,2.6053,-0.0578885,-1.72136
1518962366847101,47,-999999,-999999,-999999,-999999,-999999,-999999
1518962366911083,17,-999999,-999999,-999999,-999999,-999999,-999999
1518962366911083,47,-999999,-999999,-999999,-999999,-999999,-999999
1518962366911083,48,1.43813,0.0588885,3.15234,2.56279,-0.0603381,-1.79554
1518962366979076,17,-999999,-999999,-999999,-999999,-999999,-999999
1518962366979076,47,-999999,-999999,-999999,-999999,-999999,-999999
1518962366979076,48,1.40896,0.0596695,3.05032,2.55063,-0.0689072,-1.8187
1518962367047092,16,-999999,-999999,-999999,-999999,-999999,-999999
1518962367047092,17,-999999,-999999,-999999,-999999,-999999,-999999
1518962367047092,47,-999999,-999999,-999999,-999999,-999999,-999999
1518962367047092,48,1.38972,0.0703407,2.95485,2.53028,-0.0727901,-1.85281
1518962367115071,16,-999999,-999999,-999999,-999999,-999999,-999999
1518962367115071,17,-999999,-999999,-999999,-999999,-999999,-999999
1518962367115071,47,-999999,-999999,-999999,-999999,-999999,-999999
1518962367115071,48,1.36384,0.0725104,2.84017,2.48843,-0.0719271,-1.90834
1518962367183090,17,-999999,-999999,-999999,-999999,-999999,-999999
1518962367183090,47,-999999,-999999,-999999,-999999,-999999,-999999
1518962367247080,16,-999999,-999999,-999999,-999999,-999999,-999999
1518962367247080,17,-999999,-999999,-999999,-999999,-999999,-999999
1518962367247080,47,-999999,-999999,-999999,-999999,-999999,-999999
1518962367315074,16,-999999,-999999,-999999,-999999,-999999,-999999
1518962367315074,17,-999999,-999999,-999999,-999999,-999999,-999999
1518962367315074,47,-999999,-999999,-999999,-999999,-999999,-999999
1518962367379083,16,-999999,-999999,-999999,-999999,-999999,-999999
1518962367379083,17,-999999,-999999,-999999,-999999,-999999,-999999
1518962367379083,47,-999999,-999999,-999999,-999999,-999999,-999999
1518962367447077,17,-999999,-999999,-999999,-999999,-999999,-999999
1518962367707109,17,-999999,-999999,-999999,-999999,-999999,-999999
1518962367707109,48,1.12386,0.0693135,2.36238,2.40653,-0.0816865,-1.98008
1518962367775150,17,-999999,-999999,-999999,-999999,-999999,-999999
1518962367843173,17,-999999,-999999,-999999,-999999,-999999,-999999
1518962367843173,48,1.0522,0.0627173,2.27731,2.48486,-0.079703,-1.87452
1518962367911074,17,-999999,-999999,-999999,-999999,-999999,-999999
1518962367911074,47,-999999,-999999,-999999,-999999,-999999,-999999
1518962367911074,48,0.981751,0.0530202,2.11993,2.44959,-0.0856732,-1.94114
1518962367979129,17,-999999,-999999,-999999,-999999,-999999,-999999
1518962367979129,47,-999999,-999999,-999999,-999999,-999999,-999999
1518962368043110,17,-999999,-999999,-999999,-999999,-999999,-999999
1518962368111098,17,-999999,-999999,-999999,-999999,-999999,-999999
1518962368179168,17,-999999,-999999,-999999,-999999,-999999,-999999
1518962370975137,3,-999999,-999999,-999999,-999999,-999999,-999999
1518962370975137,22,-999999,-999999,-999999,-999999,-999999,-999999
1518962370975137,30,-999999,-999999,-999999,-999999,-999999,-999999
1518962370975137,35,-999999,-999999,-999999,-999999,-999999,-999999
1518962371043081,30,-999999,-999999,-999999,-999999,-999999,-999999
1518962371043081,35,-999999,-999999,-999999,-999999,-999999,-999999
1518962371107167,3,-999999,-999999,-999999,-999999,-999999,-999999
1518962371107167,30,-999999,-999999,-999999,-999999,-999999,-999999
1518962371107167,35,-999999,-999999,-999999,-999999,-999999,-999999
1518962371175084,2,1.70944,0.141062,7.43963,-2.67274,0.0126869,1.63373
1518962371175084,3,-999999,-999999,-999999,-999999,-999999,-999999
1518962371175084,30,-999999,-999999,-999999,-999999,-999999,-999999
1518962371175084,35,0.564788,0.203108,9.29026,2.69336,-0.00938637,-1.58724
1518962371243104,3,-999999,-999999,-999999,-999999,-999999,-999999
1518962371311076,3,2.68215,0.0544517,5.76712,-2.56895,0.0648033,1.75322
1518962372111077,29,-999999,-999999,-999999,-999999,-999999,-999999
1518962372111077,30,-999999,-999999,-999999,-999999,-999999,-999999
1518962372179073,22,-999999,-999999,-999999,-999999,-999999,-999999
1518962372179073,29,-999999,-999999,-999999,-999999,-999999,-999999
1518962372179073,30,-999999,-999999,-999999,-999999,-999999,-999999
1518962372247075,22,-999999,-999999,-999999,-999999,-999999,-999999
1518962372247075,29,-0.618987,-0.0501873,7.12054,2.99005,-0.0660839,-0.883746
1518962372247075,30,-999999,-999999,-999999,-999999,-999999,-999999
1518962372311114,22,-999999,-999999,-999999,-999999,-999999,-999999
1518962372311114,29,-0.613161,-0.0603213,6.85043,2.97807,-0.0716721,-0.939174
1518962372311114,30,1.30297,-0.117606,7.18635,3.04456,-0.038507,0.772209
1518962372379073,29,-0.597261,-0.063833,7.15766,3.01167,-0.0742752,-0.849158
1518962374911085,47,-999999,-999999,-999999,-999999,-999999,-999999
1518962375907087,26,-0.795203,0.226589,2.90135,2.52965,0.0638637,1.71051
1518962375975156,26,-0.757177,0.23083,2.83301,2.55855,0.053672,1.64445
1518962375975156,34,-0.144062,0.225182,2.57469,-2.92826,-0.00598314,-1.38118
1518962376043095,26,-0.724082,0.222357,2.71865,2.54695,0.0590226,1.65154
1518962376043095,34,-0.119781,0.219481,2.47472,-2.95914,-0.012853,-1.32748
1518962376111078,26,-0.708282,0.220455,2.62744,2.53868,0.0657942,1.66464
1518962376111078,34,-0.105453,0.217807,2.36723,-2.97393,-0.0192819,-1.31611
1518962376175150,26,-0.689359,0.218091,2.51346,2.51836,0.0695609,1.68539
1518962376175150,34,-0.0934427,0.217253,2.26005,-2.97273,-0.0273174,-1.32305
1518962376243080,26,-0.691645,0.216293,2.45997,2.50705,0.0736807,1.69008
1518962376243080,34,-0.0864985,0.216047,2.19683,-2.99232,-0.0266858,-1.28767
1518962376311103,26,-0.660509,0.209648,2.35217,2.48383,0.0608483,1.69366
1518962376311103,34,-0.0630857,0.209687,2.08555,-3.01148,-0.0179768,-1.34791
1518962376375077,26,-0.60472,0.217353,2.24675,2.46873,0.0660905,1.70427
1518962376375077,34,-0.0187335,0.215465,1.95065,-3.01833,-0.0240527,-1.34404
1518962376443096,26,-0.566748,0.215015,2.20542,2.47576,0.0720784,1.70293
1518962376443096,34,0.0190092,0.213931,1.89757,-3.01559,-0.0434735,-1.31194
1518962376507112,26,-0.517848,0.205566,2.15934,2.48059,0.0704487,1.69383
1518962376507112,34,0.0631912,0.204573,1.82563,-3.04001,-0.040759,-1.27017
1518962376575088,34,0.100171,0.207663,1.77549,-3.05943,-0.056918,-1.25372
1518962376639083,26,-0.416211,0.213973,2.08682,2.47963,0.0793653,1.6648
1518962376639083,34,0.144201,0.211544,1.72712,-3.10248,-0.0547867,-1.19467
1518962376707189,26,-0.378711,0.21423,2.10338,2.5268,0.0847379,1.60745
1518962376707189,34,0.182088,0.212099,1.72735,-3.11559,-0.0628318,-1.10626
1518962376775139,26,-0.368934,0.210761,2.08515,2.53897,0.0926673,1.59113
1518962376775139,34,0.186414,0.208727,1.70993,-3.11878,-0.0674008,-1.07622
1518962376843082,26,-0.366066,0.21283,2.08278,2.53803,0.0914291,1.59037
1518962376843082,34,0.187682,0.210802,1.70964,-3.11883,-0.0673485,-1.07639
1518962376911079,26,-0.362641,0.216176,2.09551,2.53503,0.0881814,1.58711
1518962376911079,34,0.193059,0.214383,1.72665,-3.13048,-0.0638175,-1.07096
1518962376975153,26,-0.329346,0.212904,2.09648,2.53124,0.078958,1.58112
1518962376975153,34,0.220856,0.210864,1.71122,-3.1434,-0.0553055,-1.07202
1518962377043106,26,-0.254276,0.213912,2.08384,2.5306,0.0730392,1.55799
1518962377043106,34,0.281707,0.209663,1.66459,-3.18762,-0.0476956,-1.0516
1518962377107099,26,-0.150735,0.209902,2.06059,2.55799,0.0745066,1.49478
1518962377107099,34,0.370259,0.207641,1.61734,-3.21935,-0.0561585,-0.963149
1518962377175105,34,0.466907,0.205498,1.55054,-3.26549,-0.0689223,-0.841094
1518962377243077,26,0.0731631,0.206104,1.98657,2.63767,0.0781884,1.31312
1518962377243077,34,0.557566,0.203985,1.45564,-3.31385,-0.0836139,-0.705696
1518962377307148,26,0.17496,0.201586,1.89183,2.68101,0.0953334,1.19694
1518962377375158,26,0.261925,0.205877,1.80937,2.71904,0.115911,1.10369
1518962377443076,26,0.334394,0.203935,1.72696,2.74801,0.122195,1.01239
1518962377507079,26,0.385663,0.201431,1.64327,2.77993,0.140721,0.926781
1518962377575090,26,0.409113,0.200388,1.55344,2.80105,0.155431,0.853727
1518962377643097,26,0.415968,0.203209,1.47673,2.80959,0.16777,0.796654
1518962377707198,26,0.417801,0.205135,1.39572,2.80542,0.17163,0.760418
1518962377775173,26,0.419494,0.205671,1.30889,2.80232,0.180497,0.711944
1518962377843078,26,0.420558,0.200824,1.2271,2.80911,0.190965,0.656998
1518962377907153,26,0.420706,0.200051,1.14228,2.80467,0.202088,0.600943
1518962377975077,26,0.41562,0.197059,1.04329,2.79046,0.211239,0.561346
1518962378043072,26,0.413345,0.194606,0.94467,2.76571,0.226221,0.490578
1518962378175075,50,-1.7911,0.197101,5.13797,-2.73012,0.0145628,-1.56953
1518962378907172,5,-0.876337,0.168929,4.73137,2.70911,0.0319844,1.51121
1518962378907172,6,0.48403,0.145842,4.55581,2.86601,-0.0589516,1.09493
1518962378907172,28,-1.69546,0.19988,4.93511,-2.67271,0.000373187,-1.78569
1518962378907172,31,-0.207448,0.175862,4.6006,-2.88947,0.0897362,-1.3076
1518962378907172,50,1.18552,0.143614,4.58558,-3.04458,-0.0010858,-0.907099
1518962378975094,5,-0.793819,0.160796,4.65995,2.78347,0.0457862,1.38681
1518962378975094,6,0.569268,0.135934,4.50975,2.97678,-0.0434572,0.91731
1518962378975094,7,0.737465,0.0456675,1.71666,-2.38505,0.0277866,-1.96701
1518962378975094,31,-0.129831,0.167832,4.57429,-2.92226,0.0979748,-1.16619
1518962378975094,50,1.27347,0.131577,4.49372,-3.07626,0.0195689,-0.746677
1518962379039088,5,-0.782635,0.155147,4.5819,2.77904,0.0581097,1.40381
1518962379039088,6,0.582643,0.132898,4.40932,2.98505,-0.0376628,0.903497
1518962379039088,31,-0.116852,0.164044,4.49553,-2.91849,0.091814,-1.15469
1518962379039088,50,1.29351,0.130199,4.40868,-3.08145,0.0142532,-0.698171
1518962379107106,5,-0.797152,0.160507,4.52059,2.78808,0.0585198,1.39296
1518962379107106,6,0.584811,0.143322,4.3826,2.98731,-0.0363963,0.863258
1518962379107106,7,1.93219,0.123243,4.23284,-3.09568,0.0745525,-0.624338
1518962379107106,28,-1.57901,0.184618,4.62457,-2.65384,0.00922379,-1.69406
1518962379107106,31,-0.126212,0.172254,4.45553,-2.92844,0.0884522,-1.13085
1518962379107106,50,1.28584,0.140049,4.30916,-3.09176,0.00886865,-0.728791
1518962379171087,5,-0.795733,0.163268,4.36177,2.73894,0.0623757,1.4593
1518962379171087,6,0.572571,0.145803,4.23177,2.98539,-0.037027,0.880645
1518962379171087,28,-1.56716,0.186263,4.45687,-2.61445,-0.00403906,-1.79504
1518962379171087,31,-0.13184,0.174806,4.30429,-2.92626,0.087054,-1.16206
1518962379171087,50,1.28511,0.144264,4.21761,-3.08757,0.00707982,-0.699511
1518962379239108,5,-0.808002,0.161086,4.27249,2.71338,0.0691548,1.51866
1518962379239108,6,0.581654,0.142676,4.2244,3.00655,-0.0384659,0.828579
1518962379239108,31,-0.14132,0.173161,4.27039,-2.929,0.0866131,-1.16106
1518962379239108,50,1.31714,0.139499,4.21892,-3.10009,0.0108802,-0.607739
1518962379307077,5,-0.801422,0.166025,4.09641,2.72309,0.0815969,1.53356
1518962379307077,6,0.569523,0.149419,4.06557,2.99162,-0.0358371,0.83966
1518962379307077,31,-0.14708,0.180367,4.126,-2.91303,0.0882006,-1.13967
1518962379371103,6,0.568882,0.161184,4.00544,2.98759,-0.0239679,0.799087
1518962379371103,31,-0.160694,0.192085,4.07908,-2.92891,0.0821253,-1.10584
1518962379639082,5,-0.861695,0.181141,3.60546,2.68894,0.0765946,1.54486
1518962379639082,6,0.551303,0.160821,3.41719,2.97892,-0.0435724,0.806306
1518962379639082,31,-0.174293,0.194288,3.54167,-2.9172,0.0854042,-1.12841
1518962379707101,5,-0.830816,0.178413,3.33892,2.62628,0.0725682,1.60614
1518962379707101,6,0.539139,0.164957,3.22707,2.99595,-0.0257551,0.822393
1518962379707101,31,-0.171135,0.192503,3.30036,-2.93845,0.0717535,-1.18587
1518962379771085,6,0.544257,0.157321,3.14855,3.01858,-0.0349079,0.75972
1518962379771085,31,-0.180058,0.186924,3.24206,-2.91702,0.0788476,-1.15674
1518962379771085,50,1.26333,0.15477,3.08639,-3.1124,0.0102117,-0.576531
1518962379839104,31,-0.179756,0.190843,2.98076,-2.85046,0.0424457,-1.27116
1518962379907091,6,0.532582,0.167153,2.84765,3.01494,-0.0636794,0.892225
1518962379907091,31,-0.18146,0.186457,2.82078,-2.87722,0.0539133,-1.30694
1518962379971110,6,0.527862,0.153754,2.69038,3.04863,-0.0500543,0.744672
1518962379971110,31,-0.204484,0.199931,2.96658,-2.97703,0.0740906,-1.07429
1518962379971110,50,1.248,0.153556,2.65021,-3.12935,-0.0180453,-0.654651
1518962380039107,6,0.513313,0.142002,2.49874,2.98956,-0.0256534,0.777289
1518962380039107,31,-0.189848,0.170199,2.56795,-2.87979,0.0447278,-1.28778
1518962380107104,6,0.510306,0.152074,2.45771,3.049,-0.0361503,0.720346
1518962380171081,6,0.447003,0.154997,2.26245,2.98332,-0.0159555,0.77446
1518962380239111,6,0.394726,0.145434,2.17048,2.9112,0.01988,0.897447
1518962381707084,9,1.13641,0.0980535,4.81961,2.70148,-0.090092,-1.47264
1518962381707084,43,1.22044,0.00634538,3.25964,3.05643,-0.0468104,-0.540733
1518962381775080,43,1.73274,0.00759367,4.73058,3.13053,-0.0585377,0.331981
1518962381839110,8,-0.272966,0.172981,2.84722,-2.513,0.0169327,-1.87908
1518962381839110,9,0.999013,0.0883859,4.63485,2.78421,-0.0692585,-1.38459
1518962381839110,43,1.56021,-0.00264792,4.33901,3.10606,-0.0552071,0.503869
1518962381839110,49,-0.571402,0.196486,1.97313,-2.51441,-0.0167628,-1.87473
1518962381907179,8,-0.301819,0.180894,2.71243,-2.48691,0.00249563,-1.906
1518962381907179,9,0.965036,0.103959,4.6054,2.76684,-0.0687339,-1.33656
1518962381907179,43,1.53556,0.00983868,4.31278,3.11862,-0.0528626,0.47796
1518962381907179,49,-0.604561,0.206922,1.88898,-2.49978,-0.0120916,-1.87812
1518962381975087,8,-0.349124,0.188329,2.70374,-2.4778,0.0344377,-1.87638
1518962381975087,9,0.89883,0.102271,4.45433,2.78744,-0.0703837,-1.36794
1518962381975087,43,1.46048,0.0105614,4.16264,3.10148,-0.052711,0.521532
1518962381975087,49,-0.624624,0.201812,1.76145,-2.48651,-0.0274761,-1.92003
1518962382043156,8,-0.368208,0.182044,2.50593,-2.47286,0.000649245,-1.92419
1518962382043156,9,0.844842,0.108772,4.31985,2.77423,-0.0712874,-1.37778
1518962382043156,43,1.40883,0.0192773,4.05551,3.09863,-0.0528769,0.546209
1518962382043156,49,-0.644502,0.201659,1.64143,-2.47418,-0.0392217,-1.92841
1518962382111113,8,-0.387781,0.181401,2.3826,-2.46947,-0.00218585,-1.92866
1518962382111113,9,0.811521,0.110634,4.22275,2.78752,-0.0676804,-1.3604
1518962382111113,43,1.38379,0.0223568,3.98199,3.09666,-0.0494858,0.520677
1518962382175099,8,-0.442819,0.183996,2.32459,-2.46313,-0.00944194,-1.93994
1518962382175099,9,0.751345,0.11704,4.19197,2.80272,-0.0648653,-1.33881
1518962382175099,43,1.32,0.0298013,3.9168,3.09331,-0.0410013,0.558787
1518962382307153,11,0.655854,-0.00155222,1.38941,-2.69627,0.0608578,-1.48168
1518962382907081,9,-1.38884,0.144849,3.18131,3.00663,-0.077879,-0.545711
1518962382907081,11,-0.121679,0.0272896,3.51579,-2.80782,0.0916542,-1.32092
1518962382907081,23,0.509766,-0.0111361,3.71833,2.93919,0.0519691,1.15434
1518962382907081,44,1.90528,-0.0899444,4.32395,-3.00315,-0.0383537,-0.84047
1518962382975083,11,-0.263274,0.0312045,3.40337,-2.78783,0.0697876,-1.33839
1518962382975083,43,-0.902681,0.0573103,3.14658,2.71158,0.0125785,1.66655
1518962383043101,11,-0.387542,0.0291231,3.35143,-2.80216,0.0802198,-1.33865
1518962383043101,23,0.231812,-0.00916204,3.62231,2.89859,0.0657969,1.18857
1518962383043101,43,-1.03142,0.0549867,3.07505,2.71602,0.00439111,1.64275
1518962383107111,11,-0.478617,0.0303006,3.33087,-2.82478,0.0863589,-1.30166
1518962383107111,12,0.722479,0.117755,3.89806,2.94669,-0.0381028,1.05537
1518962383107111,23,0.148715,-0.00719373,3.60631,2.8955,0.0624077,1.16445
1518962383107111,43,-1.12223,0.0554416,3.00415,2.72336,-0.00283436,1.61157
1518962383107111,44,1.45752,-0.0773475,4.25297,-2.98307,-0.0209846,-0.992756
1518962383175079,11,-0.524945,0.0289901,3.15263,-2.77866,0.0788498,-1.38278
1518962383175079,12,0.645111,0.115651,3.76584,2.93356,-0.0384154,1.10827
1518962383175079,23,0.0852589,-0.00831673,3.48643,2.88253,0.0605618,1.20499
1518962383175079,43,-1.15237,0.0536172,2.83034,2.67906,0.00550775,1.6991
1518962383175079,44,1.38253,-0.0784366,4.18808,-2.9783,-0.0123618,-1.01242
1518962383243090,11,-0.573603,0.0299994,3.02734,-2.76735,0.0795314,-1.40049
1518962383243090,12,0.577323,0.117094,3.64902,2.92589,-0.0426943,1.12719
1518962383243090,13,-999999,-999999,-999999,-999999,-999999,-999999
1518962383243090,23,0.0274271,-0.00676917,3.37838,2.88127,0.062104,1.22232
1518962383243090,43,-1.22251,0.0572306,2.76532,2.65286,0.0134466,1.68122
1518962383243090,44,1.29966,-0.0749545,4.07787,-2.96674,-0.0158903,-1.04434
1518962383307084,11,-0.613065,0.0347507,2.92656,-2.74089,0.0675896,-1.43883
1518962383307084,12,0.543383,0.131811,3.6424,2.94461,-0.0403471,1.12593
1518962383307084,13,-999999,-999999,-999999,-999999,-999999,-999999
1518962383307084,23,-0.0143496,0.000322789,3.28991,2.8724,0.0744651,1.25407
1518962383307084,44,1.25898,-0.0617424,4.03304,-2.96415,-0.0237365,-1.05084
1518962383375109,11,-0.639378,0.0341324,2.83796,-2.76801,0.0795802,-1.40432
1518962383375109,12,0.507717,0.127029,3.4813,2.91593,-0.0385866,1.13781
1518962383375109,13,-999999,-999999,-999999,-999999,-999999,-999999
1518962383375109,23,-0.0395723,-3.51566e-05,3.17939,2.86632,0.0616308,1.23556
1518962383375109,44,1.2145,-0.0621146,3.89691,-2.96643,-0.0109293,-1.06399
1518962383443079,11,-0.65693,0.0289821,2.76763,-2.77514,0.0777044,-1.4003
1518962383443079,12,0.499655,0.121347,3.39467,2.91965,-0.035342,1.13466
1518962383443079,13,-999999,-999999,-999999,-999999,-999999,-999999
1518962383443079,23,-0.0499448,-0.00512543,3.11965,2.87031,0.0652393,1.21508
1518962383443079,44,1.22986,-0.0679926,3.87789,-2.9774,-0.0155883,-1.03935
1518962383507086,11,-0.668828,0.0299977,2.66139,-2.70711,0.0756517,-1.40361
1518962383507086,12,0.487909,0.123519,3.29233,2.92119,-0.0396611,1.12442
1518962383507086,23,-0.0606524,-0.00670108,2.97281,2.86823,0.068822,1.25119
1518962383507086,44,1.19559,-0.0692914,3.70704,-2.95783,-0.0156177,-1.05679
1518962383575107,11,-0.648533,0.0381651,2.51685,-2.77672,0.0948557,-1.44356
1518962383575107,12,0.495535,0.132423,3.13345,2.8741,-0.0458413,1.17434
1518962383575107,23,-0.049932,0.00561388,2.85569,2.83278,0.0480704,1.25551
1518962383575107,44,1.19079,-0.0532437,3.53916,-2.96415,-0.00525779,-1.1371
1518962383643137,11,-0.643744,0.0286852,2.5509,-2.81447,0.0882915,-1.31529
1518962383643137,12,0.566989,0.119451,3.17703,2.94126,-0.053453,1.0546
1518962383643137,13,-999999,-999999,-999999,-999999,-999999,-999999
1518962383643137,23,-0.00995115,-0.00910616,2.88649,2.89827,0.0556223,1.13389
1518962383643137,44,1.30417,-0.0761924,3.58033,-2.98561,0.00202001,-0.991736
1518962383707081,11,-0.600696,0.0189505,2.35539,-2.78029,0.0978325,-1.3989
1518962383707081,12,0.562781,0.103376,2.91192,2.90384,-0.0519147,1.12339
1518962383707081,23,0.0107252,-0.0188733,2.66422,2.86814,0.0432208,1.20929
1518962383707081,44,1.30971,-0.0877436,3.4,-3.00416,-0.045214,-1.0449
1518962383775076,11,-0.557315,0.0181709,2.23757,-2.778,0.100575,-1.42067
1518962383775076,12,0.603425,0.103716,2.7793,2.90118,-0.0518061,1.1044
1518962383775076,23,0.0503869,-0.0188501,2.52894,2.86207,0.0425989,1.20473
1518962383775076,44,1.3084,-0.0871838,3.14293,-2.98932,0.00959569,-1.05899
1518962383843151,11,-0.501155,0.0140874,2.17781,-2.78793,0.112825,-1.41428
1518962383843151,12,0.682189,0.0941056,2.68777,2.90372,-0.0660183,1.07622
1518962383843151,23,0.116131,-0.0259478,2.44876,2.87397,0.035041,1.19397
1518962383907141,11,-0.420234,0.00817889,2.10091,-2.79573,0.125317,-1.42285
1518962383907141,23,0.202317,-0.0348209,2.35889,2.88418,0.0153329,1.15247
1518962383975079,11,-0.330897,0.00360266,2.01261,-2.82012,0.13659,-1.41412
1518962383975079,23,0.289755,-0.0397549,2.22043,2.88227,0.0115905,1.1118
1518962384039086,11,-0.225227,0.00907959,1.94801,-2.85212,0.139699,-1.39029
1518962384039086,23,0.397586,-0.033682,2.09352,2.88258,0.0095242,1.06009
1518962384107076,11,-0.107699,0.0105175,1.89084,-2.90007,0.147628,-1.32223
1518962384107076,43,-0.768284,0.0406184,1.79201,2.52846,-0.0622179,1.79601
1518962384171090,11,0.0206392,0.00921217,1.82815,-2.94227,0.155577,-1.23533
1518962384171090,43,-0.643279,0.0410396,1.77854,2.54733,-0.0726197,1.75312
1518962384239084,11,0.156868,0.0040162,1.75433,-2.98917,0.1554,-1.11663
1518962384239084,43,-0.514258,0.0362914,1.77571,2.61569,-0.073476,1.65495
1518962384307073,11,0.290651,0.00174259,1.65983,-3.06399,0.159582,-0.977041
1518962384371086,43,-0.230523,0.0272409,1.69378,2.69514,-0.0799273,1.476
1518962384439079,11,0.563714,-0.00734328,1.41932,-3.15601,0.160398,-0.753246
1518962384439079,43,-0.0792266,0.0243302,1.65362,2.76296,-0.0847038,1.33976
1518962384975073,42,-999999,-999999,-999999,-999999,-999999,-999999
1518962385039139,42,-999999,-999999,-999999,-999999,-999999,-999999
1518962385107092,42,-999999,-999999,-999999,-999999,-999999,-999999
1518962385175167,42,-999999,-999999,-999999,-999999,-999999,-999999
1518962385239171,42,-999999,-999999,-999999,-999999,-999999,-999999
1518962385307152,42,-999999,-999999,-999999,-999999,-999999,-999999
1518962385375085,42,-999999,-999999,-999999,-999999,-999999,-999999
1518962385443103,42,-999999,-999999,-999999,-999999,-999999,-999999
1518962385511123,42,-999999,-999999,-999999,-999999,-999999,-999999
1518962385575105,42,-999999,-999999,-999999,-999999,-999999,-999999
1518962385643120,42,-999999,-999999,-999999,-999999,-999999,-999999
1518962385711112,42,-999999,-999999,-999999,-999999,-999999,-999999
1518962386711086,42,-999999,-999999,-999999,-999999,-999999,-999999
1518962386775078,42,-999999,-999999,-999999,-999999,-999999,-999999
1518962389107156,12,-0.380717,0.10686,1.8357,2.70436,-0.0546267,1.56323
1518962389175110,12,-0.372548,0.109959,1.74068,2.68149,-0.0244631,1.66481
1518962389243140,12,-0.397307,0.114776,1.68625,2.67258,-0.0190022,1.66871
1518962389311115,12,-0.415501,0.111429,1.60068,2.66244,-0.0220824,1.68362
1518962389375130,12,-0.424554,0.111821,1.49384,2.65018,-0.0192609,1.71672
1518962389443121,12,-0.438775,0.113986,1.40886,2.64167,-0.0158214,1.72155
1518962389511083,12,-0.451877,0.113034,1.32093,2.6273,-0.0107348,1.74066
1518962389575131,12,-0.46405,0.110869,1.22607,2.61715,-0.00762047,1.76251
1518962389775098,13,-999999,-999999,-999999,-999999,-999999,-999999
1518962389775098,44,-0.0207079,-0.0720892,1.75225,-2.70894,-0.0134656,-1.60936
1518962389775098,45,-999999,-999999,-999999,-999999,-999999,-999999
1518962389843088,13,-999999,-999999,-999999,-999999,-999999,-999999
1518962389843088,44,-0.0141378,-0.0730986,1.67841,-2.71952,-0.0186234,-1.58935
1518962389907084,13,0.368605,-0.0334346,2.18969,-2.70975,0.0581273,-1.5822
1518962389907084,44,-0.0165023,-0.0707909,1.57895,-2.71422,-0.0221953,-1.59839
1518962389975105,44,-0.0193584,-0.0670458,1.49783,-2.70989,-0.0219461,-1.60242
1518962390043085,44,-0.0282028,-0.0671232,1.4414,-2.70756,-0.0177289,-1.60394
1518962390107114,44,-0.0282848,-0.0608121,1.36259,-2.71677,-0.0189263,-1.61123
1518962390175108,44,-0.0167101,-0.0559645,1.30735,-2.72108,-0.0180692,-1.61146
1518962390243109,44,-0.00277041,-0.0590389,1.30437,-2.73271,-0.0146278,-1.59079
1518962390307152,44,0.0127134,-0.0589464,1.26551,-2.72948,-0.0127551,-1.59867
1518962390375107,44,0.0322304,-0.057402,1.28863,-2.73403,-0.0072475,-1.59222
1518962390439110,44,0.0458999,-0.0597558,1.35377,-2.7544,-0.0219965,-1.54217
1518962390507153,44,0.0491987,-0.064977,1.39927,-2.74439,-0.018429,-1.5554
1518962390575097,44,0.0537725,-0.0627565,1.50411,-2.74508,-0.0209313,-1.54728
1518962390639083,44,0.0617389,-0.0765804,1.62925,-2.75151,-0.0171829,-1.5278
1518962390707146,44,0.0674045,-0.0762411,1.68309,-2.74188,-0.0127121,-1.55192
1518962390775111,44,0.0772195,-0.0789039,1.83005,-2.75073,-0.0120582,-1.53694
1518962390843105,12,-0.421085,0.107522,1.17018,2.55749,-0.0680399,1.73158
1518962390843105,13,0.500919,-0.0559794,2.53124,-2.73839,0.0697034,-1.5124
1518962390843105,44,0.0861502,-0.0858483,1.92145,-2.74395,-0.00243749,-1.54515
1518962390907088,12,-0.413378,0.113142,1.2937,2.60094,-0.0591651,1.6933
1518962390907088,44,0.0960038,-0.0780896,2.05256,-2.74983,-0.010526,-1.53894
1518962390975085,12,-0.413208,0.114701,1.41341,2.66556,-0.0496439,1.63561
1518962390975085,44,0.0954969,-0.074465,2.15446,-2.7119,-0.0133478,-1.57889
1518962391043118,12,-0.427422,0.11394,1.5118,2.6181,-0.0440394,1.70154
1518962391043118,44,0.0686873,-0.0775447,2.29998,-2.72678,-0.00348238,-1.56663
1518962391107080,12,-0.429479,0.115538,1.62731,2.65258,-0.0491266,1.65994
1518962391107080,13,0.486974,-0.0451979,3.1606,-2.76683,0.0108183,-1.55271
1518962391107080,44,0.0642711,-0.0731313,2.39788,-2.72968,-0.0117935,-1.5773
1518962391175092,12,-0.444877,0.114116,1.79584,2.68354,-0.0612765,1.61741
1518962391175092,44,0.0611382,-0.0784038,2.53713,-2.7086,-0.0120489,-1.60631
1518962391243094,12,-0.429231,0.104924,1.8448,2.63414,-0.0491774,1.68222
1518962391243094,13,0.454348,-0.0500266,3.26706,-2.70743,0.0573551,-1.5618
1518962391243094,44,0.0576986,-0.0841177,2.6317,-2.71852,-0.016196,-1.58867
1518962391311078,12,-0.440171,0.109238,2.00101,2.68904,-0.0456313,1.62728
1518962391311078,13,0.450707,-0.0438756,3.40803,-2.71006,0.0524109,-1.57677
1518962391311078,44,0.0540043,-0.079145,2.7701,-2.71441,-0.0171809,-1.59685
1518962391375092,12,-0.4662,0.103442,2.0967,2.6363,-0.0225371,1.72855
1518962392775124,50,0.6945,0.160173,1.96644,-3.1114,-0.138088,-0.944232
1518962392843111,50,0.654099,0.158783,1.90723,-3.11985,-0.118983,-1.00387
1518962392911116,50,0.64203,0.154084,1.79474,-3.11116,-0.117709,-1.04223
1518962393511092,31,0.971586,0.1673,2.50998,-2.93495,-0.0272272,-1.26912
1518962393579120,5,0.939003,0.1468,3.32025,2.70635,0.136309,1.48016
1518962393579120,31,0.957554,0.164272,2.41037,-2.94826,-0.0504774,-1.19677
1518962393643098,31,0.909357,0.166025,2.35615,-2.92296,-0.0652472,-1.21835
1518962394239111,6,0.0170616,0.164377,1.44738,2.58248,0.119046,1.51567
1518962394239111,31,-0.447236,0.218754,2.49302,-2.91932,-0.0638389,-1.22971
1518962394307133,6,0.0385073,0.164656,1.37984,2.56345,0.116376,1.51178
1518962394307133,31,-0.370563,0.189125,2.08848,-2.40771,-0.0718287,-2.13455
1518962395043123,5,0.940734,0.146417,2.05433,2.7898,0.165459,1.19595
1518962395111081,5,0.931298,0.144951,1.93291,2.82727,0.183492,1.11501
1518962395247083,4,1.02081,0.165604,3.60823,2.14562,0.000130073,-2.29441
1518962395247083,22,-999999,-999999,-999999,-999999,-999999,-999999
1518962395247083,28,0.962082,0.16289,2.71743,-2.8678,-0.113584,-1.47424
1518962395311080,4,1.06738,0.171222,3.67657,2.18011,-0.00764024,-2.26052
1518962395311080,28,0.979462,0.163938,2.66331,-2.89011,-0.103083,-1.41739
1518962395379177,28,0.940908,0.160125,2.46502,-2.90567,-0.0951428,-1.39117
1518962397047119,17,-999999,-999999,-999999,-999999,-999999,-999999
1518962397047119,47,-999999,-999999,-999999,-999999,-999999,-999999
1518962397115094,26,-0.477803,0.229097,2.81506,2.42396,-0.0103216,2.02198
1518962397115094,34,-0.329216,0.240081,3.7262,-2.40589,0.0491368,-1.98067
1518962397179120,26,-0.48476,0.232457,2.72862,2.41884,-0.021058,2.01964
1518962397179120,34,-0.322688,0.236262,3.50912,-2.41411,0.0412137,-1.99763
1518962397247097,26,-0.489852,0.21838,2.63651,2.40946,0.000912942,2.00421
1518962397247097,34,-0.342517,0.234122,3.6242,-2.42097,0.0610987,-1.96445
1518962397311090,34,-0.338844,0.224708,3.40993,-2.40964,0.0560155,-1.96192
1518962397379110,17,-999999,-999999,-999999,-999999,-999999,-999999
1518962397379110,26,-0.480432,0.218724,2.26854,2.37522,0.0131451,2.04711
1518962397379110,34,-0.332995,0.231069,3.13437,-2.40431,0.0400064,-1.99689
1518962397447108,17,-999999,-999999,-999999,-999999,-999999,-999999
1518962397447108,34,-0.334254,0.22283,2.97773,-2.40037,0.0427576,-2.01293
1518962397447108,47,-999999,-999999,-999999,-999999,-999999,-999999
1518962397643149,17,-999999,-999999,-999999,-999999,-999999,-999999
1518962397711097,34,-0.378738,0.232497,2.50737,-2.42082,0.0459964,-1.99593
1518962398243113,17,-999999,-999999,-999999,-999999,-999999,-999999
1518962398243113,47,-999999,-999999,-999999,-999999,-999999,-999999
1518962398243113,48,1.68073,0.0590863,4.0202,2.59948,-0.0403278,-1.75804
1518962398315120,17,-999999,-999999,-999999,-999999,-999999,-999999
1518962398315120,47,-999999,-999999,-999999,-999999,-999999,-999999
1518962398443108,16,-999999,-999999,-999999,-999999,-999999,-999999
1518962398443108,17,-999999,-999999,-999999,-999999,-999999,-999999
1518962398443108,47,-999999,-999999,-999999,-999999,-999999,-999999
1518962398443108,48,1.65285,0.0639361,3.84991,2.57587,-0.0639755,-1.74876
1518962398511102,17,-999999,-999999,-999999,-999999,-999999,-999999
1518962398511102,47,-999999,-999999,-999999,-999999,-999999,-999999
1518962398511102,48,1.55548,0.0612447,3.53666,2.52864,-0.0721494,-1.8836
1518962398579099,16,-999999,-999999,-999999,-999999,-999999,-999999
1518962398579099,17,-999999,-999999,-999999,-999999,-999999,-999999
1518962398579099,47,-999999,-999999,-999999,-999999,-999999,-999999
1518962398579099,48,1.55061,0.0693419,3.41734,2.50483,-0.0703218,-1.89328
1518962398647099,17,-999999,-999999,-999999,-999999,-999999,-999999
1518962398647099,47,-999999,-999999,-999999,-999999,-999999,-999999
1518962398647099,48,1.54498,0.0701994,3.29418,2.49281,-0.0664657,-1.90302
1518962398715121,17,-999999,-999999,-999999,-999999,-999999,-999999
1518962398715121,47,-999999,-999999,-999999,-999999,-999999,-999999
1518962398779119,17,-999999,-999999,-999999,-999999,-999999,-999999
1518962398779119,47,-999999,-999999,-999999,-999999,-999999,-999999
1518962398847093,17,-999999,-999999,-999999,-999999,-999999,-999999
1518962398847093,47,-999999,-999999,-999999,-999999,-999999,-999999
1518962398915083,17,-999999,-999999,-999999,-999999,-999999,-999999
1518962398915083,47,-999999,-999999,-999999,-999999,-999999,-999999
1518962399111092,17,-999999,-999999,-999999,-999999,-999999,-999999
1518962399175090,17,-999999,-999999,-999999,-999999,-999999,-999999
1518962399175090,47,-999999,-999999,-999999,-999999,-999999,-999999
1518962399579088,17,-999999,-999999,-999999,-999999,-999999,-999999
1518962399647105,17,-999999,-999999,-999999,-999999,-999999,-999999
1518962399647105,47,-999999,-999999,-999999,-999999,-999999,-999999
1518962399711134,17,-999999,-999999,-999999,-999999,-999999,-999999
1518962399711134,47,-999999,-999999,-999999,-999999,-999999,-999999
1518962399780008,17,-999999,-999999,-999999,-999999,-999999,-999999
1518962399780008,47,-999999,-999999,-999999,-999999,-999999,-999999
1518962399847087,17,-999999,-999999,-999999,-999999,-999999,-999999
1518962399847087,47,-999999,-999999,-999999,-999999,-999999,-999999
1518962399915077,17,-999999,-999999,-999999,-999999,-999999,-999999
1518962399915077,47,-999999,-999999,-999999,-999999,-999999,-999999
1518962399979095,17,-999999,-999999,-999999,-999999,-999999,-999999
1518962399979095,47,-999999,-999999,-999999,-999999,-999999,-999999
1518962400047093,17,-999999,-999999,-999999,-999999,-999999,-999999
1518962400115078,17,-999999,-999999,-999999,-999999,-999999,-999999
1518962400179112,17,-999999,-999999,-999999,-999999,-999999,-999999
1518962400247114,17,-999999,-999999,-999999,-999999,-999999,-999999
1518962400311112,17,-999999,-999999,-999999,-999999,-999999,-999999
1518962400375092,17,-999999,-999999,-999999,-999999,-999999,-999999
1518962400443081,17,-999999,-999999,-999999,-999999,-999999,-999999
1518962400511084,17,-999999,-999999,-999999,-999999,-999999,-999999
1518962400575105,17,-999999,-999999,-999999,-999999,-999999,-999999
1518962400643083,17,-999999,-999999,-999999,-999999,-999999,-999999
1518962400711120,17,-999999,-999999,-999999,-999999,-999999,-999999
1518962400783100,17,-999999,-999999,-999999,-999999,-999999,-999999
1518962400847107,17,-999999,-999999,-999999,-999999,-999999,-999999
1518962400915087,17,-999999,-999999,-999999,-999999,-999999,-999999
1518962400983080,17,-999999,-999999,-999999,-999999,-999999,-999999
1518962401047114,17,-999999,-999999,-999999,-999999,-999999,-999999
1518962401115084,17,-999999,-999999,-999999,-999999,-999999,-999999
1518962401183104,17,-999999,-999999,-999999,-999999,-999999,-999999
1518962401251147,17,-999999,-999999,-999999,-999999,-999999,-999999
1518962401315102,17,-999999,-999999,-999999,-999999,-999999,-999999
1518962401383078,17,-999999,-999999,-999999,-999999,-999999,-999999
1518962401451101,17,-999999,-999999,-999999,-999999,-999999,-999999
1518962401515108,17,-999999,-999999,-999999,-999999,-999999,-999999
1518962401583106,17,-999999,-999999,-999999,-999999,-999999,-999999
1518962401651074,17,-999999,-999999,-999999,-999999,-999999,-999999
1518962401715133,17,-999999,-999999,-999999,-999999,-999999,-999999
1518962401783103,17,-999999,-999999,-999999,-999999,-999999,-999999
1518962401851077,17,-999999,-999999,-999999,-999999,-999999,-999999
1518962401915175,17,-999999,-999999,-999999,-999999,-999999,-999999
1518962401983078,17,-999999,-999999,-999999,-999999,-999999,-999999
1518962402051168,17,-999999,-999999,-999999,-999999,-999999,-999999
1518962402115105,17,-999999,-999999,-999999,-999999,-999999,-999999
1518962402183081,17,-999999,-999999,-999999,-999999,-999999,-999999
1518962402251073,17,-999999,-999999,-999999,-999999,-999999,-999999
1518962402315077,17,-999999,-999999,-999999,-999999,-999999,-999999
1518962402383103,17,-999999,-999999,-999999,-999999,-999999,-999999
1518962402451099,17,-999999,-999999,-999999,-999999,-999999,-999999
1518962402515088,17,-999999,-999999,-999999,-999999,-999999,-999999
1518962402583138,17,-999999,-999999,-999999,-999999,-999999,-999999
1518962402651076,17,-999999,-999999,-999999,-999999,-999999,-999999
1518962402715082,17,-999999,-999999,-999999,-999999,-999999,-999999
1518962402783145,17,-999999,-999999,-999999,-999999,-999999,-999999
1518962402851072,17,-999999,-999999,-999999,-999999,-999999,-999999
1518962402915083,17,-999999,-999999,-999999,-999999,-999999,-999999
1518962402983079,17,-999999,-999999,-999999,-999999,-999999,-999999
1518962403051174,17,-999999,-999999,-999999,-999999,-999999,-999999
1518962403115093,17,-999999,-999999,-999999,-999999,-999999,-999999
1518962403183147,17,-999999,-999999,-999999,-999999,-999999,-999999
1518962403251165,17,-999999,-999999,-999999,-999999,-999999,-999999
1518962403315173,17,-999999,-999999,-999999,-999999,-999999,-999999
1518962403383105,17,-999999,-999999,-999999,-999999,-999999,-999999
1518962403451076,17,-999999,-999999,-999999,-999999,-999999,-999999
1518962403515087,17,-999999,-999999,-999999,-999999,-999999,-999999
1518962403583152,17,-999999,-999999,-999999,-999999,-999999,-999999
1518962403651142,17,-999999,-999999,-999999,-999999,-999999,-999999
1518962403715083,17,-999999,-999999,-999999,-999999,-999999,-999999
1518962403783077,17,-999999,-999999,-999999,-999999,-999999,-999999
1518962403851100,17,-999999,-999999,-999999,-999999,-999999,-999999
1518962403915107,17,-999999,-999999,-999999,-999999,-999999,-999999
1518962403983126,17,-999999,-999999,-999999,-999999,-999999,-999999
1518962404051078,17,-999999,-999999,-999999,-999999,-999999,-999999
1518962404115083,17,-999999,-999999,-999999,-999999,-999999,-999999
1518962404183135,17,-999999,-999999,-999999,-999999,-999999,-999999
1518962404251145,17,-999999,-999999,-999999,-999999,-999999,-999999
1518962404315082,17,-999999,-999999,-999999,-999999,-999999,-999999
1518962404383102,17,-999999,-999999,-999999,-999999,-999999,-999999
1518962404451101,17,-999999,-999999,-999999,-999999,-999999,-999999
1518962404515085,17,-999999,-999999,-999999,-999999,-999999,-999999
1518962404583086,17,-999999,-999999,-999999,-999999,-999999,-999999
1518962404651204,17,-999999,-999999,-999999,-999999,-999999,-999999
1518962404715117,17,-999999,-999999,-999999,-999999,-999999,-999999
1518962404783107,17,-999999,-999999,-999999,-999999,-999999,-999999
1518962404851081,17,-999999,-999999,-999999,-999999,-999999,-999999
1518962404915105,17,-999999,-999999,-999999,-999999,-999999,-999999
1518962404983085,17,-999999,-999999,-999999,-999999,-999999,-999999
1518962405051081,17,-999999,-999999,-999999,-999999,-999999,-999999
1518962405115083,17,-999999,-999999,-999999,-999999,-999999,-999999
1518962405183092,17,-999999,-999999,-999999,-999999,-999999,-999999
1518962405251144,17,-999999,-999999,-999999,-999999,-999999,-999999
1518962405315081,17,-999999,-999999,-999999,-999999,-999999,-999999
1518962405383077,17,-999999,-999999,-999999,-999999,-999999,-999999
1518962405451177,17,-999999,-999999,-999999,-999999,-999999,-999999
1518962405515084,17,-999999,-999999,-999999,-999999,-999999,-999999
1518962405583083,17,-999999,-999999,-999999,-999999,-999999,-999999
1518962405651136,17,-999999,-999999,-999999,-999999,-999999,-999999
1518962405715084,17,-999999,-999999,-999999,-999999,-999999,-999999
1518962405783154,17,-999999,-999999,-999999,-999999,-999999,-999999
1518962405851074,17,-999999,-999999,-999999,-999999,-999999,-999999
1518962405915078,17,-999999,-999999,-999999,-999999,-999999,-999999
1518962405983103,17,-999999,-999999,-999999,-999999,-999999,-999999
1518962406051140,17,-999999,-999999,-999999,-999999,-999999,-999999
1518962406115110,17,-999999,-999999,-999999,-999999,-999999,-999999
1518962406183209,17,-999999,-999999,-999999,-999999,-999999,-999999
1518962406251172,17,-999999,-999999,-999999,-999999,-999999,-999999
1518962406315084,17,-999999,-999999,-999999,-999999,-999999,-999999
1518962406383103,17,-999999,-999999,-999999,-999999,-999999,-999999
1518962406451074,17,-999999,-999999,-999999,-999999,-999999,-999999
1518962406515132,17,-999999,-999999,-999999,-999999,-999999,-999999
1518962406583086,17,-999999,-999999,-999999,-999999,-999999,-999999
1518962406651074,17,-999999,-999999,-999999,-999999,-999999,-999999
1518962406715086,17,-999999,-999999,-999999,-999999,-999999,-999999
1518962406783097,17,-999999,-999999,-999999,-999999,-999999,-999999
1518962406851074,17,-999999,-999999,-999999,-999999,-999999,-999999
1518962406915112,17,-999999,-999999,-999999,-999999,-999999,-999999
1518962406983081,17,-999999,-999999,-999999,-999999,-999999,-999999
1518962407051074,17,-999999,-999999,-999999,-999999,-999999,-999999
1518962407115144,17,-999999,-999999,-999999,-999999,-999999,-999999
1518962407183163,17,-999999,-999999,-999999,-999999,-999999,-999999
1518962407251088,17,-999999,-999999,-999999,-999999,-999999,-999999
1518962407315079,17,-999999,-999999,-999999,-999999,-999999,-999999
1518962407383078,17,-999999,-999999,-999999,-999999,-999999,-999999
1518962407451077,17,-999999,-999999,-999999,-999999,-999999,-999999
1518962407515082,17,-999999,-999999,-999999,-999999,-999999,-999999
1518962407583105,17,-999999,-999999,-999999,-999999,-999999,-999999
1518962407651099,17,-999999,-999999,-999999,-999999,-999999,-999999
1518962407715124,17,-999999,-999999,-999999,-999999,-999999,-999999
1518962407783081,17,-999999,-999999,-999999,-999999,-999999,-999999
1518962407851074,17,-999999,-999999,-999999,-999999,-999999,-999999
1518962407915157,17,-999999,-999999,-999999,-999999,-999999,-999999
1518962407983083,17,-999999,-999999,-999999,-999999,-999999,-999999
1518962408051104,17,-999999,-999999,-999999,-999999,-999999,-999999
1518962408115130,17,-999999,-999999,-999999,-999999,-999999,-999999
1518962408183081,17,-999999,-999999,-999999,-999999,-999999,-999999
1518962408251086,17,-999999,-999999,-999999,-999999,-999999,-999999
1518962408315081,17,-999999,-999999,-999999,-999999,-999999,-999999
1518962408383078,17,-999999,-999999,-999999,-999999,-999999,-999999
1518962408451119,17,-999999,-999999,-999999,-999999,-999999,-999999
1518962408515084,17,-999999,-999999,-999999,-999999,-999999,-999999
1518962408583099,17,-999999,-999999,-999999,-999999,-999999,-999999
1518962408651079,17,-999999,-999999,-999999,-999999,-999999,-999999
1518962408715109,17,-999999,-999999,-999999,-999999,-999999,-999999
1518962408783103,17,-999999,-999999,-999999,-999999,-999999,-999999
1518962408851082,17,-999999,-999999,-999999,-999999,-999999,-999999
1518962408915086,17,-999999,-999999,-999999,-999999,-999999,-999999
1518962408983145,17,-999999,-999999,-999999,-999999,-999999,-999999
1518962409051079,17,-999999,-999999,-999999,-999999,-999999,-999999
1518962409383151,17,-999999,-999999,-999999,-999999,-999999,-999999
1518962409583082,17,-999999,-999999,-999999,-999999,-999999,-999999
1518962409651097,17,-999999,-999999,-999999,-999999,-999999,-999999
1518962409715112,17,-999999,-999999,-999999,-999999,-999999,-999999
1518962409783111,17,-999999,-999999,-999999,-999999,-999999,-999999
1518962409851079,17,-999999,-999999,-999999,-999999,-999999,-999999
1518962409983077,17,-999999,-999999,-999999,-999999,-999999,-999999
1518962410051090,17,-999999,-999999,-999999,-999999,-999999,-999999
1518962410115082,17,-999999,-999999,-999999,-999999,-999999,-999999
1518962410183104,17,-999999,-999999,-999999,-999999,-999999,-999999
1518962410251095,17,-999999,-999999,-999999,-999999,-999999,-999999
1518962410315155,17,-999999,-999999,-999999,-999999,-999999,-999999
1518962410383103,17,-999999,-999999,-999999,-999999,-999999,-999999
1518962410451083,17,-999999,-999999,-999999,-999999,-999999,-999999
1518962410515088,17,-999999,-999999,-999999,-999999,-999999,-999999
1518962410583080,17,-999999,-999999,-999999,-999999,-999999,-999999
1518962410651081,17,-999999,-999999,-999999,-999999,-999999,-999999
1518962410715125,17,-999999,-999999,-999999,-999999,-999999,-999999
1518962410783104,17,-999999,-999999,-999999,-999999,-999999,-999999
1518962410851086,17,-999999,-999999,-999999,-999999,-999999,-999999
1518962410915118,17,-999999,-999999,-999999,-999999,-999999,-999999
1518962410983079,17,-999999,-999999,-999999,-999999,-999999,-999999
1518962411051083,17,-999999,-999999,-999999,-999999,-999999,-999999
1518962411115105,17,-999999,-999999,-999999,-999999,-999999,-999999
1518962411183081,17,-999999,-999999,-999999,-999999,-999999,-999999
1518962411251118,17,-999999,-999999,-999999,-999999,-999999,-999999
1518962411315083,17,-999999,-999999,-999999,-999999,-999999,-999999
1518962411383103,17,-999999,-999999,-999999,-999999,-999999,-999999
1518962411451086,17,-999999,-999999,-999999,-999999,-999999,-999999
1518962411515082,17,-999999,-999999,-999999,-999999,-999999,-999999
1518962411583083,17,-999999,-999999,-999999,-999999,-999999,-999999
1518962411651103,17,-999999,-999999,-999999,-999999,-999999,-999999
1518962411715087,17,-999999,-999999,-999999,-999999,-999999,-999999
1518962411783119,17,-999999,-999999,-999999,-999999,-999999,-999999
1518962411851085,17,-999999,-999999,-999999,-999999,-999999,-999999
1518962411915112,17,-999999,-999999,-999999,-999999,-999999,-999999
1518962411983102,17,-999999,-999999,-999999,-999999,-999999,-999999
1518962412051105,17,-999999,-999999,-999999,-999999,-999999,-999999
1518962412115198,17,-999999,-999999,-999999,-999999,-999999,-999999
1518962412183104,17,-999999,-999999,-999999,-999999,-999999,-999999
1518962412251104,17,-999999,-999999,-999999,-999999,-999999,-999999
1518962412315084,17,-999999,-999999,-999999,-999999,-999999,-999999
1518962412383100,17,-999999,-999999,-999999,-999999,-999999,-999999
1518962412451104,17,-999999,-999999,-999999,-999999,-999999,-999999
1518962412515083,17,-999999,-999999,-999999,-999999,-999999,-999999
1518962412583349,17,-999999,-999999,-999999,-999999,-999999,-999999
1518962412651085,17,-999999,-999999,-999999,-999999,-999999,-999999
1518962412715111,17,-999999,-999999,-999999,-999999,-999999,-999999
1518962412783088,17,-999999,-999999,-999999,-999999,-999999,-999999
1518962412851109,17,-999999,-999999,-999999,-999999,-999999,-999999
1518962412915086,17,-999999,-999999,-999999,-999999,-999999,-999999
1518962412983092,17,-999999,-999999,-999999,-999999,-999999,-999999
1518962413051099,17,-999999,-999999,-999999,-999999,-999999,-999999
1518962413115084,17,-999999,-999999,-999999,-999999,-999999,-999999
1518962413183099,17,-999999,-999999,-999999,-999999,-999999,-999999
1518962413251106,17,-999999,-999999,-999999,-999999,-999999,-999999
1518962413315106,17,-999999,-999999,-999999,-999999,-999999,-999999
1518962413383109,17,-999999,-999999,-999999,-999999,-999999,-999999
1518962413451104,17,-999999,-999999,-999999,-999999,-999999,-999999
1518962413515087,17,-999999,-999999,-999999,-999999,-999999,-999999
1518962413583153,17,-999999,-999999,-999999,-999999,-999999,-999999
1518962413651086,17,-999999,-999999,-999999,-999999,-999999,-999999
1518962413715154,17,-999999,-999999,-999999,-999999,-999999,-999999
1518962413783107,17,-999999,-999999,-999999,-999999,-999999,-999999
1518962413851088,17,-999999,-999999,-999999,-999999,-999999,-999999
1518962413915084,17,-999999,-999999,-999999,-999999,-999999,-999999
1518962413983133,17,-999999,-999999,-999999,-999999,-999999,-999999
1518962414051106,17,-999999,-999999,-999999,-999999,-999999,-999999
1518962414115181,17,-999999,-999999,-999999,-999999,-999999,-999999
1518962414183136,17,-999999,-999999,-999999,-999999,-999999,-999999
1518962414251102,17,-999999,-999999,-999999,-999999,-999999,-999999
1518962414315083,17,-999999,-999999,-999999,-999999,-999999,-999999
1518962414383111,17,-999999,-999999,-999999,-999999,-999999,-999999
1518962414451117,17,-999999,-999999,-999999,-999999,-999999,-999999
1518962414515155,17,-999999,-999999,-999999,-999999,-999999,-999999
1518962414583110,17,-999999,-999999,-999999,-999999,-999999,-999999
1518962414651088,17,-999999,-999999,-999999,-999999,-999999,-999999
1518962414715188,17,-999999,-999999,-999999,-999999,-999999,-999999
1518962414783112,17,-999999,-999999,-999999,-999999,-999999,-999999
1518962414851081,17,-999999,-999999,-999999,-999999,-999999,-999999
1518962414915107,17,-999999,-999999,-999999,-999999,-999999,-999999
1518962414983117,17,-999999,-999999,-999999,-999999,-999999,-999999
1518962415051087,17,-999999,-999999,-999999,-999999,-999999,-999999
1518962415115186,17,-999999,-999999,-999999,-999999,-999999,-999999
