accel_x,accel_y,accel_z,gyro_x,gyro_y,gyro_z,mag_x,mag_y,mag_z,x,y,z,left_encoder_rate,right_encoder_rate,time
0.0230103,0.00927734,0.950562,-0,-0,-0,0,0,0,0,0,206.381
0.0263672,0.00909424,0.947266,0.15213,0.15213,0.30426,0,0,0,0,0,206.396
0.0265503,0.00732422,0.948914,0.15213,0.15213,-0,0,0,0,0,0,206.416
0.0264893,0.0103149,0.950867,0.15213,0.30426,-0.15213,0,0,0,0,0,206.436
0.0275879,0.00793457,0.946899,0.15213,0.15213,-0.15213,0,0,0,0,0,206.456
0.0267334,0.0090332,0.942139,0.15213,0.15213,-0,0,0,0,0,0,206.476
0.0234985,0.0090332,0.950317,-0.15213,-0,0.30426,0,0,0,0,0,206.496
0.0270386,0.00665283,0.944641,0.15213,0.15213,0.15213,0,0,0,0,0,206.516
0.0291138,0.00976562,0.945312,0.15213,0.15213,-0,0,0,0,0,0,206.536
0.0266113,0.00714111,0.947449,0.15213,0.45639,0.15213,0,0,0,0,0,206.555
0.0263672,0.00653076,0.947754,0.30426,0.15213,0.15213,0,0,0,0,0,206.575
0.024353,0.00976562,0.948486,-0.15213,0.30426,-0,0,0,0,0,0,206.597
0.0251465,0.00543213,0.947815,0.15213,0.15213,0.30426,0,0,0,0,0,206.615
0.0266113,0.00744629,0.943298,-0,-0.15213,0.15213,0,0,0,0,0,206.635
0.0256348,0.0109253,0.952698,-0.30426,-0,0.30426,0,0,0,0,0,206.655
0.0258789,0.00915527,0.947449,0.30426,0.15213,0.15213,0,0,0,0,0,206.676
0.0291748,0.00531006,0.952209,0.15213,0.15213,-0,0,0,0,0,0,206.697
0.0281982,0.00982666,0.950745,0.15213,-0,0.15213,0,0,0,0,0,206.716
0.026001,0.00830078,0.94519,-0,-0,0.15213,0,0,0,0,0,206.737
0.0267334,0.00836182,0.94696,-0.30426,-0,-0.15213,0,0,0,0,0,206.755
0.0288696,0.00695801,0.946594,0.15213,0.30426,0.15213,0,0,0,0,0,206.775
0.0264282,0.00860596,0.944092,0.15213,0.15213,-0.15213,0,0,0,0,0,206.796
0.0307617,0.00915527,0.945984,0.15213,0.30426,0.30426,0,0,0,0,0,206.816
0.0249634,0.00958252,0.946167,0.15213,0.15213,-0.15213,0,0,0,0,0,206.836
0.0269775,0.00732422,0.947144,-0,-0,0.30426,0,0,0,0,0,206.856
0.0276489,0.00683594,0.953186,-0.15213,0.15213,0.30426,0,0,0,0,0,206.876
0.0287476,0.0098877,0.952454,0.15213,0.15213,0.15213,0,0,0,0,0,206.896
0.0285034,0.00872803,0.949768,-0,-0,0.45639,0,0,0,0,0,206.916
0.0286865,0.00823975,0.945496,-0.15213,-0,-0,0,0,0,0,0,206.936
0.0278931,0.00891113,0.946655,0.15213,0.30426,0.15213,0,0,0,0,0,206.956
0.0290527,0.00878906,0.944946,0.15213,-0,-0,0,0,0,0,0,206.976
0.0261841,0.00842285,0.949646,0.15213,0.15213,0.15213,0,0,0,0,0,206.996
0.024231,0.00726318,0.944824,0.15213,0.15213,0.15213,0,0,0,0,0,207.016
0.0289307,0.00720215,0.945068,0.15213,-0,0.15213,0,0,0,0,0,207.036
0.0258179,0.00866699,0.949402,0.15213,0.45639,-0,0,0,0,0,0,207.056
0.0267334,0.00610352,0.94635,-0,0.15213,0.15213,0,0,0,0,0,207.076
0.0291748,0.00628662,0.946106,0.15213,0.45639,0.15213,0,0,0,0,0,207.096
0.0264893,0.00891113,0.945984,-0.15213,-0,0.15213,0,0,0,0,0,207.116
0.0213013,0.00634766,0.947937,-0.15213,-0.30426,0.30426,0,0,0,0,0,207.136
0.0273438,0.00744629,0.947083,-0,-0,0.15213,0,0,0,0,0,207.156
0.022583,0.00634766,0.950928,0.30426,0.30426,0.15213,0,0,0,0,0,207.176
0.0233154,0.00695801,0.947266,0.30426,0.15213,0.30426,0,0,0,0,0,207.196
0.0300293,0.0111694,0.943604,0.30426,0.30426,0.30426,0,0,0,0,0,207.216
0.0264893,0.0088501,0.946106,0.15213,0.30426,0.15213,0,0,0,0,0,207.236
0.0251465,0.00854492,0.949524,0.30426,0.15213,-0,0,0,0,0,0,207.256
0.0303955,0.00726318,0.943176,-0,0.15213,0.15213,0,0,0,0,0,207.276
0.0270386,0.00787354,0.947205,0.30426,0.45639,0.15213,0,0,0,0,0,207.296
0.0252075,0.00653076,0.949341,0.15213,0.15213,0.30426,0,0,0,0,0,207.315
0.026062,0.0088501,0.94989,-0,0.15213,0.15213,0,0,0,0,0,207.335
0.0280151,0.00567627,0.942261,-0.15213,-0,0.30426,0,0,0,0,0,207.355
0.0294189,0.00506592,0.948608,0.15213,0.15213,0.15213,0,0,0,0,0,207.375
0.0240479,0.00976562,0.947449,0.15213,0.15213,0.45639,0,0,0,0,0,207.395
0.0270996,0.00726318,0.947083,0.15213,0.15213,0.15213,0,0,0,0,0,207.415
0.0266113,0.00830078,0.945984,-0,-0,0.30426,0,0,0,0,0,207.435
0.0263062,0.0108032,0.943542,-0,-0,-0,0,0,0,0,0,207.456
0.0266724,0.00872803,0.94635,0.15213,0.15213,0.15213,0,0,0,0,0,207.476
0.0266724,0.00622559,0.948303,-0,-0,-0,0,0,0,0,0,207.496
0.0249023,0.00878906,0.941284,-0.15213,-0.15213,-0,0,0,0,0,0,207.516
0.026123,0.00598145,0.949646,-0,0.15213,-0,0,0,0,0,0,207.536
0.0257568,0.00744629,0.947937,0.15213,0.15213,0.30426,0,0,0,0,0,207.556
0.0227051,0.00720215,0.947876,-0.15213,-0.15213,-0,0,0,0,0,0,207.576
0.0253906,0.00964355,0.948303,-0,-0.15213,-0,0,0,0,0,0,207.597
0.0266113,0.0090332,0.947388,0.30426,0.15213,0.15213,0,0,0,0,0,207.616
0.026001,0.0090332,0.948792,-0,-0,-0,0,0,0,0,0,207.636
0.0280151,0.0100708,0.952515,-0,0.15213,0.15213,0,0,0,0,0,207.656
0.0255737,0.0090332,0.9505,-0,-0,0.30426,0,0,0,0,0,207.676
0.0251465,0.00872803,0.948975,0.30426,-0,0.30426,0,0,0,0,0,207.696
0.0289917,0.00848389,0.947449,0.30426,0.30426,0.15213,0,0,0,0,0,207.716
0.026001,0.00799561,0.951599,-0,-0,0.608521,0,0,0,0,0,207.737
0.0278931,0.00793457,0.947021,0.15213,0.30426,-0,0,0,0,0,0,207.756
0.0286255,0.00952148,0.949097,-0,-0,0.15213,0,0,0,0,0,207.776
0.0261841,0.00976562,0.944824,-0.15213,-0.30426,-0,0,0,0,0,0,207.796
0.0250244,0.00665283,0.943481,0.15213,0.15213,0.15213,0,0,0,0,0,207.816
0.0302124,0.00762939,0.946289,0.15213,0.15213,0.15213,0,0,0,0,0,207.836
0.0250854,0.0101929,0.948547,-0.15213,-0,0.30426,0,0,0,0,0,207.857
0.0266113,0.00769043,0.947815,-0.30426,-0,0.30426,0,0,0,0,0,207.876
0.0285034,0.00732422,0.945374,-0,-0,0.30426,0,0,0,0,0,207.896
0.0287476,0.0113525,0.94574,-0,-0.15213,0.30426,0,0,0,0,0,207.916
0.0285034,0.0088501,0.950378,-0,-0,-0,0,0,0,0,0,207.936
0.0298462,0.00732422,0.941711,0.15213,0.30426,0.15213,0,0,0,0,0,207.956
0.0286255,0.00982666,0.950623,-0,-0,0.15213,0,0,0,0,0,207.975
0.0281372,0.00585938,0.947266,0.15213,0.15213,0.15213,0,0,0,0,0,207.995
0.0304565,0.0102539,0.95105,0.15213,0.30426,-0,0,0,0,0,0,208.016
0.0253296,0.00769043,0.941833,0.15213,0.15213,0.30426,0,0,0,0,0,208.036
0.024231,0.00775146,0.946472,0.15213,-0,0.30426,0,0,0,0,0,208.056
0.029541,0.0103149,0.948242,-0.15213,-0.15213,-0,0,0,0,0,0,208.076
0.022644,0.0088501,0.949585,-0.15213,0.30426,0.15213,0,0,0,0,0,208.095
0.0261841,0.00762939,0.953064,-0,-0,-0,0,0,0,0,0,208.116
0.026123,0.0102539,0.944763,0.15213,0.30426,0.30426,0,0,0,0,0,208.136
0.0258789,0.00994873,0.948975,-0,-0,0.15213,0,0,0,0,0,208.155
0.0278931,0.00927734,0.949219,-0,-0.15213,0.15213,0,0,0,0,0,208.176
0.0280151,0.00762939,0.947754,-0,-0,-0,0,0,0,0,0,208.196
0.0238037,0.00720215,0.94751,0.15213,0.30426,0.30426,0,0,0,0,0,208.216
0.0278931,0.00610352,0.948364,-0,0.30426,-0,0,0,0,0,0,208.236
0.0258179,0.00921631,0.946533,-0,-0,0.15213,0,0,0,0,0,208.256
0.0234985,0.0067749,0.945312,0.15213,-0,0.30426,0,0,0,0,0,208.276
0.0261841,0.00750732,0.947388,0.15213,0.15213,0.15213,0,0,0,0,0,208.296
0.0283813,0.00701904,0.948608,-0.15213,-0,0.45639,0,0,0,0,0,208.316
0.0302734,0.0090332,0.948853,0.30426,0.30426,-0,0,0,0,0,0,208.336
0.0287476,0.00634766,0.950134,-0,-0.15213,0.45639,0,0,0,0,0,208.356
0.0266724,0.0090332,0.949646,0.30426,0.15213,0.30426,0,0,0,0,0,208.377
0.026123,0.00756836,0.943604,-0,-0.15213,0.30426,0,0,0,0,0,208.396
0.0287476,0.00927734,0.950073,-0.15213,-0,-0.15213,0,0,0,0,0,208.416
0.024231,0.00823975,0.945862,-0,-0.15213,-0,0,0,0,0,0,208.436
0.0285034,0.00994873,0.951416,0.30426,0.30426,0.45639,0,0,0,0,0,208.455
0.0272217,0.00769043,0.949646,-0,-0.15213,-0,0,0,0,0,0,208.476
0.0258789,0.00939941,0.951416,-0.15213,-0,-0,0,0,0,0,0,208.495
0.0233154,0.00848389,0.946411,0.30426,0.30426,0.30426,0,0,0,0,0,208.516
0.0288696,0.00750732,0.944458,0.30426,0.45639,0.15213,0,0,0,0,0,208.536
0.0231934,0.00811768,0.948853,-0,-0.15213,0.30426,0,0,0,0,0,208.556
0.0299683,0.00726318,0.9505,0.15213,0.30426,0.30426,0,0,0,0,0,208.575
0.0241089,0.00891113,0.951538,0.15213,0.30426,0.30426,0,0,0,0,0,208.596
0.0232544,0.00811768,0.94458,0.15213,0.15213,0.15213,0,0,0,0,0,208.616
0.0292969,0.00933838,0.944946,-0,-0,0.15213,0,0,0,0,0,208.636
0.0274048,0.00946045,0.951904,-0,-0.15213,-0,0,0,0,0,0,208.656
0.0234985,0.00866699,0.94574,0.15213,0.15213,-0.15213,0,0,0,0,0,208.676
0.0255737,0.0088501,0.947266,0.15213,0.608521,0.15213,0,0,0,0,0,208.696
0.0275879,0.00598145,0.945618,0.30426,0.15213,0.45639,0,0,0,0,0,208.716
0.0227051,0.0065918,0.950317,0.15213,0.30426,0.30426,0,0,0,0,0,208.737
0.0275269,0.00665283,0.946594,0.15213,0.15213,0.30426,0,0,0,0,0,208.756
0.0264893,0.00598145,0.947144,-0,-0,0.45639,0,0,0,0,0,208.776
0.0250244,0.0067749,0.948547,-0.15213,-0.15213,0.15213,0,0,0,0,0,208.796
0.0274658,0.00622559,0.946655,0.15213,0.15213,0.15213,0,0,0,0,0,208.816
0.0249023,0.00720215,0.949097,0.15213,0.30426,-0,0,0,0,0,0,208.835
0.0270386,0.00720215,0.948792,0.45639,0.15213,0.30426,0,0,0,0,0,208.855
0.0289307,0.00616455,0.95166,-0.15213,-0,0.15213,0,0,0,0,0,208.876
0.0283203,0.0100098,0.948669,-0.15213,-0,0.15213,0,0,0,0,0,208.895
0.0239258,0.00421143,0.946899,0.15213,0.45639,0.15213,0,0,0,0,0,208.916
0.0306396,0.0101318,0.948914,0.15213,0.15213,-0,0,0,0,0,0,208.935
0.0249634,0.0103149,0.9505,0.30426,0.30426,-0.15213,0,0,0,0,0,208.955
0.0272217,0.00811768,0.951172,0.15213,0.45639,0.15213,0,0,0,0,0,208.976
0.0285034,0.00738525,0.949341,0.15213,0.30426,-0,0,0,0,0,0,208.996
0.0232544,0.00860596,0.946472,-0,0.15213,0.30426,0,0,0,0,0,209.016
0.0234375,0.00665283,0.941895,-0.15213,-0.30426,-0,0,0,0,0,0,209.036
0.0301514,0.00891113,0.94928,0.30426,0.30426,0.30426,0,0,0,0,0,209.056
0.0244141,0.00769043,0.950317,0.15213,0.15213,-0,0,0,0,0,0,209.076
0.0250244,0.0055542,0.946533,-0,-0,-0,0,0,0,0,0,209.096
0.0289917,0.00921631,0.94873,0.15213,0.30426,0.30426,0,0,0,0,0,209.116
0.0258789,0.00939941,0.947388,-0,0.15213,0.30426,0,0,0,0,0,209.136
0.022644,0.00421143,0.947937,-0,-0,-0,0,0,0,0,0,209.156
0.0297852,0.00982666,0.950012,-0,0.15213,-0,0,0,0,0,0,209.176
0.024231,0.00842285,0.947144,0.15213,0.15213,0.30426,0,0,0,0,0,209.196
0.026062,0.00830078,0.948242,-0.15213,0.30426,0.15213,0,0,0,0,0,209.216
0.027771,0.0078125,0.949036,-0,-0,0.15213,0,0,0,0,0,209.236
0.0244141,0.00463867,0.947632,0.30426,0.15213,0.30426,0,0,0,0,0,209.256
0.0241089,0.00738525,0.949463,-0,-0,0.45639,0,0,0,0,0,209.276
0.0289917,0.00689697,0.946594,0.30426,0.15213,0.15213,0,0,0,0,0,209.296
0.0228882,0.00622559,0.948547,-0.30426,-0.30426,-0.15213,0,0,0,0,0,209.316
0.0267944,0.00732422,0.946228,0.15213,0.30426,0.15213,0,0,0,0,0,209.336
0.0244751,0.00689697,0.946472,-0,-0.30426,0.30426,0,0,0,0,0,209.356
0.0263062,0.00646973,0.946106,-0,-0,0.30426,0,0,0,0,0,209.376
0.026123,0.00738525,0.9422,0.15213,0.15213,0.30426,0,0,0,0,0,209.403
0.0255127,0.00616455,0.950134,0.15213,0.30426,0.30426,0,0,0,0,0,209.416
0.0253906,0.00952148,0.949158,-0,-0.15213,-0,0,0,0,0,0,209.437
0.0261841,0.00909424,0.950195,0.15213,0.15213,-0,0,0,0,0,0,209.464
0.0261841,0.00909424,0.950195,0.15213,0.15213,-0,0,0,0,0,0,209.475
0.0250854,0.00701904,0.946655,-0,-0,0.30426,0,0,0,0,0,209.495
0.0288696,0.00598145,0.946228,-0,-0,0.30426,0,0,0,0,0,209.515
0.0239258,0.0088501,0.947083,-0.15213,0.15213,0.15213,0,0,0,0,0,209.539
0.0257568,0.0111694,0.943481,-0.15213,-0.15213,0.15213,0,0,0,0,0,209.555
0.0264282,0.00744629,0.947998,0.15213,0.30426,0.30426,0,0,0,0,0,209.575
0.0249634,0.00927734,0.952026,0.15213,0.30426,0.15213,0,0,0,0,0,209.595
0.0292969,0.00720215,0.949463,0.15213,0.30426,-0,0,0,0,0,0,209.615
0.0299683,0.00616455,0.949219,0.15213,0.15213,0.15213,0,0,0,0,0,209.635
0.0264893,0.00750732,0.94574,-0.15213,-0.15213,0.30426,0,0,0,0,0,209.685
0.0234375,0.00683594,0.946228,-0.15213,0.30426,0.15213,0,0,0,0,0,209.717
0.0253296,0.00726318,0.948181,0.15213,0.30426,-0,0,0,0,0,0,209.741
0.0266113,0.0102539,0.950378,0.15213,0.15213,0.15213,0,0,0,0,0,209.755
0.0278931,0.0088501,0.949768,-0,-0.15213,-0.15213,0,0,0,0,0,209.776
0.0283813,0.00701904,0.947388,0.15213,0.30426,0.15213,0,0,0,0,0,209.796
0.0281982,0.00891113,0.948792,-0.15213,-0,0.15213,0,0,0,0,0,209.816
0.0269165,0.0078125,0.948364,-0,0.15213,-0,0,0,0,0,0,209.836
0.0247803,0.00769043,0.946228,0.15213,0.15213,0.30426,0,0,0,0,0,209.856
0.0263672,0.00976562,0.94635,0.45639,0.15213,0.15213,0,0,0,0,0,209.876
0.0236206,0.0088501,0.944885,0.15213,0.15213,0.30426,0,0,0,0,0,209.896
0.0272827,0.00799561,0.956482,0.30426,0.15213,0.15213,0,0,0,0,0,209.916
0.0286255,0.0090332,0.946045,-0.15213,-0.15213,0.15213,0,0,0,0,0,209.936
0.0253906,0.00891113,0.94873,0.15213,0.30426,0.15213,0,0,0,0,0,209.956
0.0303955,0.00769043,0.944519,-0,-0.15213,0.30426,0,0,0,0,0,209.976
0.0283813,0.0100098,0.944397,0.15213,0.45639,0.15213,0,0,0,0,0,209.996
0.026001,0.012146,0.946655,-0,-0,0.15213,0,0,0,0,0,210.015
0.0238037,0.0101318,0.949036,-0,-0.15213,-0.15213,0,0,0,0,0,210.035
0.0267944,0.00640869,0.947571,-0,0.30426,0.15213,0,0,0,0,0,210.055
0.0253906,0.00762939,0.94751,-0,-0,0.15213,0,0,0,0,0,210.075
0.0278931,0.0114746,0.94519,0.15213,0.15213,0.15213,0,0,0,0,0,210.095
0.0293579,0.0090332,0.944275,-0,-0,0.30426,0,0,0,0,0,210.115
0.0261841,0.00671387,0.945312,0.15213,0.15213,0.15213,0,0,0,0,0,210.136
0.0265503,0.00836182,0.950806,0.15213,0.45639,0.15213,0,0,0,0,0,210.156
0.0264893,0.00982666,0.948242,0.15213,0.30426,-0,0,0,0,0,0,210.176
0.0270386,0.0055542,0.945862,-0,-0,0.15213,0,0,0,0,0,210.196
0.0238647,0.00799561,0.945129,-0,0.15213,0.15213,0,0,0,0,0,210.215
0.026123,0.00958252,0.948669,0.15213,0.15213,-0,0,0,0,0,0,210.236
0.027832,0.00805664,0.947144,0.30426,0.30426,0.15213,0,0,0,0,0,210.256
0.0254517,0.00823975,0.946655,0.15213,0.30426,0.15213,0,0,0,0,0,210.276
0.0263672,0.00683594,0.949341,0.15213,0.15213,0.15213,0,0,0,0,0,210.296
0.027771,0.00897217,0.950134,-0.15213,-0,0.30426,0,0,0,0,0,210.316
0.0263062,0.00653076,0.948242,-0,-0,-0.15213,0,0,0,0,0,210.336
0.0251465,0.00891113,0.944092,0.15213,0.30426,-0,0,0,0,0,0,210.356
0.0281372,0.00848389,0.950928,-0,0.15213,0.30426,0,0,0,0,0,210.376
0.0270996,0.0118408,0.949951,-0,-0,0.30426,0,0,0,0,0,210.396
0.0268555,0.0102539,0.941895,-0,0.15213,-0,0,0,0,0,0,210.416
0.0279541,0.00805664,0.949951,-0.15213,-0,0.30426,0,0,0,0,0,210.436
0.0265503,0.0107422,0.947998,-0.30426,-0,0.30426,0,0,0,0,0,210.456
0.0254517,0.00439453,0.950989,-0.15213,-0,0.15213,0,0,0,0,0,210.476
0.0289307,0.00830078,0.953003,0.15213,0.30426,0.30426,0,0,0,0,0,210.496
0.0274048,0.00805664,0.948303,-0,0.15213,0.30426,0,0,0,0,0,210.516
0.0256348,0.00799561,0.948364,0.15213,0.30426,0.15213,0,0,0,0,0,210.536
0.0291138,0.0111084,0.944702,-0,0.15213,-0.15213,0,0,0,0,0,210.556
0.0259399,0.00817871,0.946899,0.15213,0.30426,0.15213,0,0,0,0,0,210.576
0.0255737,0.00842285,0.945618,0.15213,0.45639,0.30426,0,0,0,0,0,210.595
0.0258789,0.00708008,0.943054,-0,-0,0.30426,0,0,0,0,0,210.615
0.0279541,0.00756836,0.949646,0.15213,0.15213,-0,0,0,0,0,0,210.635
0.0255737,0.00585938,0.947083,-0,0.15213,0.15213,0,0,0,0,0,210.655
0.0272217,0.0090332,0.944763,-0,-0.15213,0.15213,0,0,0,0,0,210.675
0.0245361,0.00549316,0.950439,-0.15213,-0.15213,0.45639,0,0,0,0,0,210.695
0.0228882,0.00689697,0.944153,-0,-0,0.30426,0,0,0,0,0,210.715
0.0281982,0.00531006,0.957336,-0,-0,0.45639,0,0,0,0,0,210.737
0.024353,0.00921631,0.947205,0.30426,0.30426,0.30426,0,0,0,0,0,210.755
0.024231,0.00811768,0.945923,-0.15213,0.15213,-0,0,0,0,0,0,210.775
0.0250854,0.00640869,0.948792,-0.15213,-0,-0,0,0,0,0,0,210.796
0.0269775,0.0055542,0.947937,-0,-0,0.15213,0,0,0,0,0,210.816
0.0255127,0.00689697,0.942932,0.15213,0.30426,0.30426,0,0,0,0,0,210.836
0.0264282,0.00732422,0.949463,-0,-0,0.30426,0,0,0,0,0,210.856
0.0236206,0.00762939,0.948975,-0,-0,-0.15213,0,0,0,0,0,210.876
0.0286255,0.00616455,0.945923,0.15213,0.15213,0.15213,0,0,0,0,0,210.896
0.0259399,0.00921631,0.948242,0.30426,0.608521,0.30426,0,0,0,0,0,210.916
0.0238037,0.00732422,0.948181,0.15213,-0,0.30426,0,0,0,0,0,210.936
0.0250854,0.0112305,0.947205,0.15213,0.45639,0.15213,0,0,0,0,0,210.956
0.0248413,0.00854492,0.947937,0.15213,0.30426,0.30426,0,0,0,0,0,210.976
0.0228271,0.00854492,0.949585,-0,-0,0.15213,0,0,0,0,0,210.996
0.0283203,0.00897217,0.948303,0.15213,0.30426,-0,0,0,0,0,0,211.015
0.022583,0.0103149,0.949097,-0,-0,0.30426,0,0,0,0,0,211.035
0.0244141,0.00299072,0.949158,0.15213,0.15213,0.30426,0,0,0,0,0,211.055
0.0267944,0.0100708,0.948425,-0,0.15213,-0,0,0,0,0,0,211.075
0.0249634,0.00848389,0.945007,0.15213,0.15213,0.15213,0,0,0,0,0,211.095
0.0233765,0.00445557,0.942444,-0,-0,0.30426,0,0,0,0,0,211.115
0.0280151,0.00646973,0.942139,0.15213,0.15213,0.15213,0,0,0,0,0,211.135
0.026062,0.00756836,0.948608,0.15213,0.15213,0.15213,0,0,0,0,0,211.156
0.0268555,0.00469971,0.946106,-0,0.15213,0.45639,0,0,0,0,0,211.176
0.0307007,0.0101929,0.949097,0.15213,0.15213,0.15213,0,0,0,0,0,211.195
0.0249634,0.00854492,0.94928,0.15213,0.15213,0.15213,0,0,0,0,0,211.216
0.0231323,0.00756836,0.945984,0.15213,0.30426,-0.15213,0,0,0,0,0,211.236
0.0275269,0.0098877,0.948669,0.15213,0.30426,-0,0,0,0,0,0,211.257
0.0261841,0.00762939,0.944214,0.15213,0.30426,0.15213,0,0,0,0,0,211.276
0.0252686,0.0065918,0.948853,-0,0.30426,0.15213,0,0,0,0,0,211.296
0.0280151,0.00933838,0.944946,-0,0.15213,0.15213,0,0,0,0,0,211.316
0.0250244,0.00860596,0.948364,-0,-0.30426,-0.15213,0,0,0,0,0,211.336
0.02771,0.00720215,0.942566,-0,-0,-0.15213,0,0,0,0,0,211.355
0.0286865,0.00958252,0.948547,0.30426,0.30426,0.30426,0,0,0,0,0,211.375
0.0262451,0.0078125,0.94635,-0.15213,-0,0.15213,0,0,0,0,0,211.395
0.0286255,0.00744629,0.947632,0.15213,0.30426,-0.15213,0,0,0,0,0,211.415
0.0267944,0.00860596,0.950439,0.15213,0.30426,-0.15213,0,0,0,0,0,211.436
0.0254517,0.00823975,0.942932,-0,0.15213,0.30426,0,0,0,0,0,211.456
0.0258179,0.0065918,0.950073,-0,0.30426,0.15213,0,0,0,0,0,211.476
0.0297241,0.0067749,0.944031,-0.15213,-0.15213,0.15213,0,0,0,0,0,211.496
0.0278931,0.00756836,0.948181,0.15213,0.15213,-0,0,0,0,0,0,211.516
0.0288086,0.00701904,0.947754,-0,-0,0.15213,0,0,0,0,0,211.536
0.0274048,0.00952148,0.946289,0.15213,0.30426,0.30426,0,0,0,0,0,211.556
0.0258179,0.00805664,0.94696,0.30426,0.30426,-0,0,0,0,0,0,211.576
0.0265503,0.0088501,0.946472,-0,0.15213,0.30426,0,0,0,0,0,211.596
0.0283203,0.0106812,0.948547,0.15213,0.45639,0.15213,0,0,0,0,0,211.616
0.0305176,0.00787354,0.945129,-0,-0.15213,-0.15213,0,0,0,0,0,211.636
0.0265503,0.00714111,0.946533,0.30426,0.15213,-0,0,0,0,0,0,211.656
0.0258179,0.00561523,0.951416,-0.15213,0.15213,-0.15213,0,0,0,0,0,211.676
0.0262451,0.00738525,0.945984,-0.30426,-0,0.15213,0,0,0,0,0,211.696
0.0272827,0.00628662,0.947815,-0.15213,-0.15213,0.15213,0,0,0,0,0,211.716
0.0289307,0.00671387,0.950134,-0.15213,0.15213,0.15213,0,0,0,0,0,211.736
0.0266724,0.00622559,0.943726,0.15213,0.45639,-0,0,0,0,0,0,211.757
0.0284424,0.00701904,0.94751,-0.15213,-0,0.15213,0,0,0,0,0,211.775
0.0281372,0.00787354,0.950378,-0,0.15213,0.15213,0,0,0,0,0,211.796
0.0266724,0.00976562,0.949402,-0.15213,0.30426,0.15213,0,0,0,0,0,211.816
0.0281372,0.0119629,0.946533,-0,-0.15213,-0,0,0,0,0,0,211.836
0.0261841,0.00830078,0.948059,0.15213,0.30426,-0,0,0,0,0,0,211.856
0.0254517,0.0100098,0.950378,0.15213,-0,-0.30426,0,0,0,0,0,211.876
0.0304565,0.00811768,0.950623,0.15213,0.30426,-0,0,0,0,0,0,211.896
0.0267944,0.00927734,0.944153,0.15213,0.15213,-0.15213,0,0,0,0,0,211.916
0.0258789,0.00720215,0.947571,0.15213,0.30426,-0,0,0,0,0,0,211.936
0.0269165,0.00793457,0.946289,-0.15213,-0.15213,-0.15213,0,0,0,0,0,211.956
0.0274658,0.00720215,0.946472,-0.15213,-0,-0.30426,0,0,0,0,0,211.976
0.0288696,0.00689697,0.950317,0.30426,0.608521,-0,0,0,0,0,0,211.996
0.02771,0.0078125,0.946411,-0.15213,-0,-0,0,0,0,0,0,212.016
0.0258789,0.00854492,0.947693,-0.15213,-0.15213,-0.15213,0,0,0,0,0,212.036
0.0274048,0.0107422,0.948303,0.15213,0.15213,-0.15213,0,0,0,0,0,212.056
0.026123,0.00622559,0.94812,0.15213,0.45639,-0,0,0,0,0,0,212.075
0.0238647,0.00762939,0.950562,0.15213,0.30426,-0,0,0,0,0,0,212.095
0.0306396,0.00695801,0.953125,0.15213,0.15213,-0.15213,0,0,0,0,0,212.115
0.0247803,0.00891113,0.951477,0.15213,0.30426,0.15213,0,0,0,0,0,212.136
0.0235596,0.00683594,0.945129,-0,-0,-0.15213,0,0,0,0,0,212.156
0.0306396,0.0113525,0.948975,-0,0.15213,-0,0,0,0,0,0,212.176
0.0289307,0.00830078,0.948486,0.15213,0.45639,-0,0,0,0,0,0,212.195
0.0255737,0.00738525,0.950928,0.30426,0.15213,0.15213,0,0,0,0,0,212.215
0.0303345,0.00592041,0.948608,-0.15213,-0,-0,0,0,0,0,0,212.235
0.0276489,0.00915527,0.941589,-0,-0,-0,0,0,0,0,0,212.255
0.0258789,0.0107422,0.948425,-0,-0,0.15213,0,0,0,0,0,212.275
0.0267334,0.00964355,0.945251,-0.45639,-0.15213,-0.30426,0,0,0,0,0,212.296
0.0245972,0.00927734,0.946716,0.15213,0.15213,-0,0,0,0,0,0,212.315
0.0228271,0.00604248,0.951843,0.15213,0.15213,-0,0,0,0,0,0,212.335
0.0316162,0.00860596,0.94397,-0,0.15213,0.15213,0,0,0,0,0,212.356
0.02771,0.00836182,0.948303,0.30426,0.30426,-0,0,0,0,0,0,212.376
0.026001,0.00738525,0.945007,-0,-0.15213,-0.15213,0,0,0,0,0,212.396
0.0255737,0.00933838,0.947388,0.15213,0.30426,0.15213,0,0,0,0,0,212.416
0.0249634,0.0067749,0.947815,-0.15213,-0.15213,-0.15213,0,0,0,0,0,212.436
0.0245972,0.00775146,0.944397,-0.15213,-0,-0.15213,0,0,0,0,0,212.458
0.0270996,0.00946045,0.945312,-0.30426,-0.15213,-0.15213,0,0,0,0,0,212.476
0.0266113,0.00830078,0.948364,0.45639,0.30426,-0,0,0,0,0,0,212.496
0.0241089,0.0067749,0.944885,0.15213,-0,-0,0,0,0,0,0,212.516
0.0272827,0.00671387,0.950562,0.15213,0.15213,-0.15213,0,0,0,0,0,212.536
0.0253906,0.00671387,0.945923,-0.15213,-0,-0,0,0,0,0,0,212.556
0.0274048,0.00915527,0.946838,-0,0.15213,-0,0,0,0,0,0,212.576
0.0286255,0.00805664,0.948486,0.15213,0.15213,-0,0,0,0,0,0,212.596
0.0233154,0.010498,0.94458,0.30426,0.15213,-0.15213,0,0,0,0,0,212.616
0.0230103,0.00921631,0.944458,0.15213,-0,-0,0,0,0,0,0,212.636
0.0236206,0.00933838,0.946411,-0,0.15213,-0,0,0,0,0,0,212.656
0.0263062,0.00921631,0.942932,0.45639,0.30426,0.15213,0,0,0,0,0,212.676
0.0283203,0.0057373,0.949219,0.15213,0.15213,-0.15213,0,0,0,0,0,212.696
0.0289917,0.00909424,0.946594,0.15213,0.30426,-0,0,0,0,0,0,212.716
0.022583,0.00738525,0.94281,-0,-0,-0.15213,0,0,0,0,0,212.738
0.0263672,0.00500488,0.948425,0.15213,0.15213,0.30426,0,0,0,0,0,212.757
0.0249023,0.00750732,0.94928,-0.15213,-0.15213,0.15213,0,0,0,0,0,212.776
0.0239258,0.00720215,0.949219,0.15213,0.15213,-0,0,0,0,0,0,212.796
0.0266113,0.00665283,0.940063,-0,-0,-0,0,0,0,0,0,212.816
0.0238647,0.00891113,0.947327,-0,-0,0.15213,0,0,0,0,0,212.836
0.0229492,0.0078125,0.947327,0.30426,0.15213,-0.15213,0,0,0,0,0,212.856
0.0269775,0.00830078,0.946655,0.15213,0.15213,-0,0,0,0,0,0,212.876
0.0241089,0.00848389,0.945435,0.15213,0.15213,0.30426,0,0,0,0,0,212.896
0.0258789,0.00854492,0.947205,-0,0.15213,-0,0,0,0,0,0,212.916
0.0255737,0.00891113,0.948242,0.15213,0.15213,-0,0,0,0,0,0,212.936
0.0253906,0.00592041,0.947632,0.15213,0.15213,-0.15213,0,0,0,0,0,212.956
0.0249023,0.00732422,0.949219,0.45639,0.15213,-0.15213,0,0,0,0,0,212.976
0.0283203,0.0112305,0.945557,-0,-0,-0.15213,0,0,0,0,0,212.996
0.0269165,0.00897217,0.946472,-0.15213,-0,0.15213,0,0,0,0,0,213.016
0.0275269,0.00726318,0.945312,-0,-0,-0.15213,0,0,0,0,0,213.036
0.0285645,0.00836182,0.945374,-0,0.15213,0.15213,0,0,0,0,0,213.056
0.0286865,0.00506592,0.943542,0.15213,0.30426,-0,0,0,0,0,0,213.076
0.0271606,0.00878906,0.953003,-0,-0,-0.15213,0,0,0,0,0,213.096
0.024353,0.00646973,0.947754,-0.15213,-0,-0.15213,0,0,0,0,0,213.116
0.0252686,0.00769043,0.949463,-0,-0,-0.45639,0,0,0,0,0,213.136
0.0238037,0.00909424,0.948608,0.15213,0.15213,-0.15213,0,0,0,0,0,213.156
0.0307007,0.0078125,0.943848,-0,-0,0.15213,0,0,0,0,0,213.176
0.0247803,0.00744629,0.947998,0.30426,0.45639,-0.15213,0,0,0,0,0,213.196
0.0251465,0.00732422,0.947327,0.15213,0.15213,-0,0,0,0,0,0,213.216
0.0286865,0.00836182,0.951355,-0,-0,-0,0,0,0,0,0,213.236
0.0251465,0.00653076,0.949585,-0.15213,-0,-0.15213,0,0,0,0,0,213.256
0.0283813,0.010498,0.948547,0.30426,0.30426,0.15213,0,0,0,0,0,213.277
0.026123,0.00970459,0.95343,-0.15213,-0,-0,0,0,0,0,0,213.297
0.0286865,0.00756836,0.946228,0.30426,0.30426,-0.15213,0,0,0,0,0,213.316
0.0251465,0.010437,0.947998,-0,0.15213,0.15213,0,0,0,0,0,213.336
0.0275879,0.00787354,0.948669,-0,-0.15213,0.30426,0,0,0,0,0,213.356
0.0261841,0.0088501,0.9505,-0,-0,-0.15213,0,0,0,0,0,213.375
0.0285034,0.0078125,0.951782,-0,-0,0.15213,0,0,0,0,0,213.395
0.0296021,0.0115967,0.950073,0.15213,0.30426,-0,0,0,0,0,0,213.415
0.0252686,0.00946045,0.945801,0.15213,0.15213,-0.15213,0,0,0,0,0,213.435
0.0283813,0.00946045,0.947876,-0,-0,-0,0,0,0,0,0,213.456
0.026123,0.00854492,0.944153,-0,0.15213,-0.15213,0,0,0,0,0,213.476
0.0241699,0.00750732,0.950623,-0,0.15213,0.15213,0,0,0,0,0,213.496
0.0255127,0.00726318,0.944885,0.45639,0.15213,-0.30426,0,0,0,0,0,213.516
0.0266724,0.0108032,0.950867,-0,0.30426,-0.15213,0,0,0,0,0,213.535
0.026062,0.00756836,0.948059,0.15213,0.30426,-0,0,0,0,0,0,213.556
0.0304565,0.00909424,0.942932,0.15213,0.30426,-0,0,0,0,0,0,213.576
0.0280151,0.00921631,0.948853,-0,0.15213,-0.15213,0,0,0,0,0,213.596
0.026001,0.00683594,0.949341,0.15213,0.30426,-0.15213,0,0,0,0,0,213.616
0.0279541,0.00994873,0.945435,0.15213,0.45639,-0,0,0,0,0,0,213.636
0.0275269,0.0102539,0.946838,0.30426,0.30426,-0,0,0,0,0,0,213.656
0.0265503,0.00714111,0.953369,0.15213,0.30426,-0,0,0,0,0,0,213.676
0.0293579,0.00701904,0.946167,0.15213,0.30426,-0.15213,0,0,0,0,0,213.696
0.026123,0.00726318,0.946899,-0.15213,-0,0.15213,0,0,0,0,0,213.716
0.0278931,0.00915527,0.94928,-0.15213,-0.15213,0.15213,0,0,0,0,0,213.738
0.0292358,0.00665283,0.946228,-0,0.30426,0.30426,0,0,0,0,0,213.756
0.0212402,0.00506592,0.948975,0.15213,0.15213,-0.15213,0,0,0,0,0,213.776
0.027771,0.0090332,0.9505,-0,-0,0.15213,0,0,0,0,0,213.796
0.0270386,0.00567627,0.944763,-0,-0,-0.15213,0,0,0,0,0,213.817
0.022522,0.00756836,0.947632,-0.15213,-0,-0,0,0,0,0,0,213.836
0.0263672,0.00518799,0.949585,0.30426,0.15213,0.15213,0,0,0,0,0,213.856
0.0274048,0.0115356,0.950256,0.15213,0.30426,0.15213,0,0,0,0,0,213.876
0.0264282,0.00915527,0.946167,-0,0.30426,-0,0,0,0,0,0,213.896
0.0296021,0.00830078,0.94989,-0,-0.30426,0.15213,0,0,0,0,0,213.916
0.0266724,0.00720215,0.94696,0.15213,-0.15213,0.15213,0,0,0,0,0,213.936
0.0230103,0.0055542,0.94812,0.45639,0.30426,-0,0,0,0,0,0,213.956
0.0293579,0.00701904,0.949097,-0,0.30426,-0,0,0,0,0,0,213.976
0.0258789,0.00762939,0.942261,0.30426,0.45639,-0,0,0,0,0,0,213.996
0.0231323,0.0067749,0.950623,-0.30426,-0.15213,-0,0,0,0,0,0,214.016
0.02771,0.00823975,0.951599,-0.30426,-0,0.15213,0,0,0,0,0,214.036
0.0251465,0.00762939,0.943298,0.15213,0.30426,-0,0,0,0,0,0,214.056
0.0245361,0.00927734,0.950867,-0.15213,-0.15213,0.15213,0,0,0,0,0,214.076
0.0264893,0.00610352,0.948608,-0.15213,-0,-0.30426,0,0,0,0,0,214.096
0.0238037,0.00817871,0.950256,-0.15213,-0,-0,0,0,0,0,0,214.116
0.0245972,0.00726318,0.946167,-0.15213,0.45639,-0,0,0,0,0,0,214.136
0.0274658,0.00769043,0.94635,-0,-0,0.15213,0,0,0,0,0,214.156
0.0279541,0.0100098,0.948059,0.30426,0.45639,-0,0,0,0,0,0,214.176
0.022522,0.00567627,0.953796,0.30426,0.15213,-0,0,0,0,0,0,214.196
0.0274048,0.00866699,0.95105,-0,0.30426,0.15213,0,0,0,0,0,214.217
0.0254517,0.0106201,0.946594,0.15213,0.30426,-0.15213,0,0,0,0,0,214.236
0.0247803,0.00793457,0.951172,-0.15213,-0,0.15213,0,0,0,0,0,214.256
0.0289917,0.0108032,0.960205,-0.15213,-0,0.30426,0,0,0,0,0,214.276
0.0233765,0.0108032,0.947876,0.15213,0.15213,-0.30426,0,0,0,0,0,214.296
0.0247192,0.00811768,0.950562,-0,-0,-0.15213,0,0,0,0,0,214.316
0.0302734,0.00598145,0.946167,-0,-0,-0,0,0,0,0,0,214.337
0.0269165,0.00537109,0.950989,-0,-0,0.15213,0,0,0,0,0,214.356
0.0250244,0.0101929,0.946167,0.15213,0.30426,-0,0,0,0,0,0,214.376
0.0249023,0.00799561,0.950806,0.15213,0.15213,0.15213,0,0,0,0,0,214.396
0.0244751,0.0100098,0.949097,-0,-0.15213,-0,0,0,0,0,0,214.416
0.0267334,0.00762939,0.952209,0.30426,0.30426,-0.15213,0,0,0,0,0,214.437
0.0261841,0.00762939,0.950989,-0,-0,-0,0,0,0,0,0,214.456
0.02771,0.00848389,0.947449,-0,-0,0.15213,0,0,0,0,0,214.477
0.0264893,0.00799561,0.948181,0.30426,0.30426,-0,0,0,0,0,0,214.497
0.0259399,0.0102539,0.947876,-0.15213,-0,-0.15213,0,0,0,0,0,214.515
0.0269775,0.00683594,0.947632,0.15213,0.15213,-0.15213,0,0,0,0,0,214.537
0.0273438,0.00897217,0.939941,0.15213,0.15213,-0,0,0,0,0,0,214.555
0.0296021,0.00823975,0.949951,-0,-0,-0.15213,0,0,0,0,0,214.575
0.0264282,0.00756836,0.94928,-0,-0.15213,0.15213,0,0,0,0,0,214.595
0.0274658,0.00860596,0.945374,-0,-0,0.45639,0,0,0,0,0,214.615
0.0283813,0.00756836,0.944946,-0.15213,-0,-0,0,0,0,0,0,214.637
0.0249634,0.0102539,0.946472,0.15213,0.15213,-0,0,0,0,0,0,214.656
0.0271606,0.00982666,0.948059,-0.30426,-0,-0.15213,0,0,0,0,0,214.676
0.0269165,0.010376,0.954163,0.15213,0.15213,-0,0,0,0,0,0,214.695
0.0241089,0.00762939,0.945435,-0,-0.15213,-0.15213,0,0,0,0,0,214.716
0.0266724,0.0090332,0.946045,-0,0.15213,0.15213,0,0,0,0,0,214.738
0.0258789,0.00799561,0.947449,-0,-0.15213,-0.30426,0,0,0,0,0,214.756
0.0254517,0.00671387,0.940796,0.45639,0.30426,-0,0,0,0,0,0,214.776
0.0288086,0.00909424,0.952454,-0.15213,0.30426,-0.15213,0,0,0,0,0,214.796
0.0255127,0.00811768,0.947327,-0.15213,-0,-0,0,0,0,0,0,214.817
0.0257568,0.00653076,0.949036,0.15213,0.30426,0.15213,0,0,0,0,0,214.837
0.0300293,0.00817871,0.944885,-0,0.30426,0.30426,0,0,0,0,0,214.856
0.0245972,0.00610352,0.941406,-0,-0,0.15213,0,0,0,0,0,214.876
0.0274658,0.00640869,0.950867,-0,-0,-0,0,0,0,0,0,214.896
0.0294189,0.00726318,0.949158,0.15213,0.608521,-0.15213,0,0,0,0,0,214.916
0.0247803,0.00927734,0.949402,0.15213,0.30426,-0.15213,0,0,0,0,0,214.936
0.0263672,0.00738525,0.94574,0.15213,0.608521,-0,0,0,0,0,0,214.956
0.0278931,0.00823975,0.947998,-0,0.15213,-0,0,0,0,0,0,214.976
0.0248413,0.00933838,0.950989,-0.15213,-0,-0,0,0,0,0,0,214.996
0.0237427,0.00744629,0.944214,0.15213,0.15213,-0.15213,0,0,0,0,0,215.016
0.0283813,0.00854492,0.946594,0.15213,0.30426,-0,0,0,0,0,0,215.037
0.0267944,0.00958252,0.947693,-0,-0,-0.30426,0,0,0,0,0,215.056
0.0267334,0.0098877,0.949463,0.15213,0.30426,0.30426,0,0,0,0,0,215.076
0.0279541,0.00860596,0.946472,0.15213,0.15213,-0.15213,0,0,0,0,0,215.096
0.024231,0.00836182,0.946106,0.30426,0.15213,-0,0,0,0,0,0,215.116
0.0274048,0.00958252,0.944519,0.15213,0.15213,-0.15213,0,0,0,0,0,215.136
0.026062,0.00457764,0.94751,0.15213,0.15213,-0.15213,0,0,0,0,0,215.156
0.0231323,0.00830078,0.950745,0.30426,0.30426,-0,0,0,0,0,0,215.176
0.0288696,0.00616455,0.947205,0.15213,0.15213,0.15213,0,0,0,0,0,215.199
0.0300903,0.00799561,0.950989,0.15213,0.30426,-0,0,0,0,0,0,215.216
0.0275879,0.00787354,0.950806,-0,-0.15213,-0.15213,0,0,0,0,0,215.236
0.0254517,0.00976562,0.947571,0.15213,0.15213,-0.15213,0,0,0,0,0,215.256
0.0253296,0.00866699,0.947693,0.15213,0.30426,-0,0,0,0,0,0,215.276
0.0209351,0.00488281,0.947083,-0,-0.15213,0.15213,0,0,0,0,0,215.303
0.0265503,0.00726318,0.945312,0.15213,0.30426,-0,0,0,0,0,0,215.316
0.0259399,0.0105591,0.948547,0.15213,0.15213,-0,0,0,0,0,0,215.337
0.0298462,0.00598145,0.950195,-0.15213,-0,-0.30426,0,0,0,0,0,215.356
0.0275269,0.00854492,0.945923,0.15213,0.30426,0.15213,0,0,0,0,0,215.376
0.0250854,0.00982666,0.948975,-0,-0,-0.15213,0,0,0,0,0,215.396
0.0267334,0.0098877,0.944458,-0,-0,-0,0,0,0,0,0,215.42
0.0282593,0.00756836,0.947266,0.30426,0.15213,-0.15213,0,0,0,0,0,215.436
0.0244141,0.0111084,0.953735,-0,-0,0.15213,0,0,0,0,0,215.456
0.0286865,0.00762939,0.947266,-0,-0,-0.15213,0,0,0,0,0,215.476
0.0238647,0.00726318,0.945312,0.15213,0.15213,-0,0,0,0,0,0,215.496
0.0269165,0.00622559,0.944885,0.30426,0.30426,0.15213,0,0,0,0,0,215.516
0.0267334,0.00878906,0.946594,0.15213,0.30426,-0.15213,0,0,0,0,0,215.536
0.0283813,0.00775146,0.948059,0.30426,0.30426,-0,0,0,0,0,0,215.557
0.0270386,0.0101318,0.946228,-0,0.30426,-0.15213,0,0,0,0,0,215.576
0.0291748,0.00634766,0.944641,0.15213,0.45639,-0.15213,0,0,0,0,0,215.596
0.0297241,0.00842285,0.948181,0.15213,0.45639,-0,0,0,0,0,0,215.616
0.0261841,0.00946045,0.945984,-0,-0,-0,0,0,0,0,0,215.637
0.0251465,0.00915527,0.945129,-0,-0,-0,0,0,0,0,0,215.656
0.0264282,0.00732422,0.951172,0.15213,0.15213,0.15213,0,0,0,0,0,215.677
0.0263672,0.0057373,0.952087,-0.30426,-0,0.15213,0,0,0,0,0,215.697
0.0276489,0.00836182,0.952759,-0.15213,-0,-0,0,0,0,0,0,215.716
0.0258789,0.00708008,0.949646,-0,0.15213,-0.15213,0,0,0,0,0,215.737
0.0246582,0.00384521,0.947937,-0,-0,-0,0,0,0,0,0,215.756
0.0269165,0.0090332,0.951721,0.15213,0.15213,0.15213,0,0,0,0,0,215.776
0.0264893,0.00976562,0.949219,0.15213,0.15213,-0,0,0,0,0,0,215.796
0.0256958,0.00848389,0.943604,-0,0.15213,-0,0,0,0,0,0,215.815
0.0292969,0.00488281,0.945312,0.30426,0.30426,-0.30426,0,0,0,0,0,215.836
0.0244751,0.00616455,0.944824,-0.15213,-0,-0,0,0,0,0,0,215.858
0.0246582,0.00830078,0.946899,0.15213,0.30426,-0.15213,0,0,0,0,0,215.875
0.0303955,0.00817871,0.949768,-0,-0,-0.15213,0,0,0,0,0,215.895
0.0278931,0.00817871,0.950073,0.30426,0.15213,-0,0,0,0,0,0,215.916
0.0259399,0.00598145,0.952698,0.15213,0.15213,-0.30426,0,0,0,0,0,215.936
0.0252075,0.00933838,0.948181,-0.15213,-0,-0,0,0,0,0,0,215.955
0.0267334,0.00695801,0.944092,-0,-0,-0,0,0,0,0,0,215.976
0.0279541,0.00909424,0.947693,-0,-0.15213,-0,0,0,0,0,0,215.995
0.0297241,0.00744629,0.944214,-0,-0,-0,0,0,0,0,0,216.015
0.0275269,0.0078125,0.952942,0.15213,0.15213,-0.15213,0,0,0,0,0,216.035
0.027771,0.00915527,0.945679,0.15213,0.45639,-0,0,0,0,0,0,216.056
0.0258789,0.00756836,0.944275,0.15213,0.15213,-0.15213,0,0,0,0,0,216.076
0.0231934,0.00964355,0.94928,0.15213,0.30426,0.15213,0,0,0,0,0,216.096
0.024231,0.00671387,0.94751,-0,-0.15213,0.15213,0,0,0,0,0,216.116
0.0223999,0.00842285,0.945801,0.30426,0.30426,-0,0,0,0,0,0,216.136
0.0268555,0.00640869,0.948547,0.15213,0.15213,-0,0,0,0,0,0,216.156
0.0275269,0.00640869,0.948242,-0.15213,0.30426,-0.15213,0,0,0,0,0,216.176
0.0245972,0.0101929,0.947449,0.15213,0.30426,-0,0,0,0,0,0,216.196
0.0234985,0.00488281,0.951538,0.15213,0.45639,-0.30426,0,0,0,0,0,216.216
0.0270386,0.00549316,0.950256,0.15213,0.15213,-0,0,0,0,0,0,216.236
0.026123,0.00817871,0.947571,-0,0.15213,0.15213,0,0,0,0,0,216.256
0.0263062,0.00708008,0.944275,0.15213,0.15213,-0,0,0,0,0,0,216.276
0.0287476,0.00823975,0.945618,-0,0.30426,0.15213,0,0,0,0,0,216.296
0.0238647,0.00616455,0.943909,0.30426,0.15213,0.15213,0,0,0,0,0,216.316
0.0272217,0.00738525,0.942261,-0.15213,-0.15213,0.15213,0,0,0,0,0,216.336
0.0291138,0.0108643,0.942078,-0,-0,-0,0,0,0,0,0,216.356
0.0244141,0.00671387,0.945984,-0.15213,-0,-0,0,0,0,0,0,216.376
0.0254517,0.00646973,0.941345,-0,0.15213,-0.15213,0,0,0,0,0,216.396
0.0280151,0.00628662,0.949341,0.30426,0.15213,-0.15213,0,0,0,0,0,216.416
0.0221558,0.00823975,0.949524,-0.15213,-0,0.15213,0,0,0,0,0,216.436
0.0259399,0.00842285,0.942566,0.30426,0.30426,0.15213,0,0,0,0,0,216.456
0.0269165,0.0103149,0.946533,0.15213,0.15213,-0.15213,0,0,0,0,0,216.476
0.0264282,0.00665283,0.949524,-0,0.15213,-0,0,0,0,0,0,216.496
0.0249023,0.00860596,0.95105,0.15213,0.15213,-0.15213,0,0,0,0,0,216.516
0.0244141,0.00701904,0.951416,0.15213,0.30426,-0,0,0,0,0,0,216.536
0.0219116,0.00952148,0.940308,-0,-0.15213,-0.15213,0,0,0,0,0,216.556
0.024292,0.00860596,0.946472,-0,-0,0.15213,0,0,0,0,0,216.576
0.0271606,0.00756836,0.948486,-0,0.15213,-0.30426,0,0,0,0,0,216.596
0.027771,0.0128784,0.941162,-0,-0,-0.15213,0,0,0,0,0,216.616
0.0200806,0.0110474,0.942566,-0,-0,-0,0,0,0,0,0,216.636
0.0334473,0.00756836,0.949646,0.15213,0.15213,-0,0,0,0,0,0,216.656
0.0349731,-0.0123901,0.947754,-0.30426,0.45639,-0.608521,0,-1.52588e-05,0,0,0,216.676
0.0318604,-0.0125122,0.942383,-0,0.45639,-0.608521,0,-6.10352e-05,0,0,0,216.696
0.0346069,-0.0105591,0.93634,-0.15213,0.45639,-1.06491,0,-0.000137329,0,0,0,216.716
0.0291138,0.0164795,0.946228,0.15213,-0,-0.912781,0,-0.000137329,0,0,0,216.736
0.024292,0.0261841,0.964539,-0.30426,-0.912781,-1.06491,0,-0.000137329,0,0,0,216.756
0.0230713,0.0142822,0.960571,-0.608521,-1.06491,-0.760651,0,-0.000137329,0,0,0,216.776
0.0194702,0.00933838,0.930847,-0,-0.45639,-0.608521,0,-0.000137329,0,0,0,216.796
0.0223389,0.0151978,0.94989,-0.15213,-0,-0.760651,0,-0.000137329,0,0,0,216.816
0.0199585,0.0100098,0.940979,0.30426,0.760651,-0.15213,0,-0.000137329,0,0,0,216.836
0.0189209,0.00909424,0.946838,-0,0.45639,0.15213,0,-0.000137329,0,0,0,216.856
0.013916,0.0215454,0.951782,0.15213,0.30426,-0,0,-0.000137329,0,0,0,216.876
0.00866699,0.0253906,0.946777,0.15213,-0.45639,0.608521,0,-0.000137329,0,0,0,216.896
0.0106201,0.0321045,0.949402,0.30426,-0.760651,0.912781,0,-4.57764e-05,0,0,0,216.918
0.00543213,0.0330811,0.946899,-0,-0.45639,1.06491,-1.52588e-05,3.05176e-05,0,0,0,216.937
0.0160522,0.0020752,0.935486,-0,1.06491,1.67343,-0.000137329,0.000244141,0,0,0,216.957
0.034668,-0.0078125,0.940613,0.15213,2.43408,1.67343,-0.000137329,0.000244141,0,0,0,216.976
0.0425415,-0.0107422,0.940491,0.30426,3.34686,1.06491,-0.000137329,0.000244141,0,0,0,216.996
0.0441284,-0.0148315,0.945557,0.15213,3.65112,0.608521,-0.000137329,0.000228882,0,0,0,217.015
0.072876,-0.0396729,0.943176,-0.15213,3.80325,0.608521,-1.52588e-05,1.52588e-05,0,0,0,217.035
0.0715332,-0.0349121,0.931946,-0.30426,2.89047,0.760651,0.000137329,-0.000167847,0,0,0,217.056
0.0717163,-0.0176392,0.941589,0.15213,1.36917,0.912781,0.000350952,-0.000396729,0,0,0,217.075
0.0559082,0.0289917,0.976135,0.15213,-5.93307,-0.912781,0.000930786,-0.000900269,0,0,0,217.095
0.0390015,0.0357056,0.962585,-0.15213,-6.84586,-1.82556,0.00125122,-0.00109863,0,0,0,217.115
0.0177612,0.0198975,0.954895,-1.06491,-7.30225,-1.82556,0.00125122,-0.00128174,0,0,0,217.136
-0.0145874,0.0222778,0.918884,-0,-3.65112,-1.21704,0.00115967,-0.00128174,0,0,0,217.155
-0.0209351,0.0131226,0.957153,0.30426,-1.06491,-0.30426,0.00102234,-0.00128174,0,0,0,217.175
-0.0238037,0.0167847,0.940186,0.912781,2.12982,0.15213,0.000823975,-0.00128174,0,0,0,217.195
-0.0145874,0.0263672,0.953613,0.15213,4.25964,0.760651,0.000244141,-0.00128174,0,0,0,217.216
-0.00952148,0.0163574,0.943298,-0,2.73834,0.15213,-0.000106812,-0.00128174,0,0,0,217.235
0.00915527,0.000915527,0.940674,0.760651,1.21704,-1.67343,-0.000946045,-0.00128174,0,0,0,217.255
0.0187988,-0.00317383,0.957031,0.15213,0.30426,-2.58621,-0.000946045,-0.00128174,0,0,0,217.275
0.0200195,-0.0127563,0.953003,-0.760651,0.30426,-2.43408,-0.000946045,-0.001297,0,0,0,217.295
0.0345459,-0.020813,0.934448,-0.30426,1.67343,-3.19473,-0.000946045,-0.00135803,0,0,0,217.317
0.0458984,-0.0010376,0.937195,0.30426,3.49899,-3.34686,-0.000854492,-0.00143433,0,0,0,217.336
0.0450439,-0.00537109,0.943481,0.912781,4.10751,-2.12982,-0.000778198,-0.00143433,0,0,0,217.355
0.053894,0.0211792,0.962585,0.30426,4.10751,-0.30426,-0.000671387,-0.00143433,0,0,0,217.376
0.0891113,0.0275269,0.959534,-0,1.36917,2.73834,-0.000244141,-0.00141907,0,0,0,217.396
0.0797729,0.0344238,0.92627,0.15213,-0,2.73834,6.10352e-05,-0.00137329,0,0,0,217.416
0.0535278,0.0522461,0.945801,1.21704,-5.02029,3.0426,0.00088501,-0.00111389,0,0,0,217.436
0.0424805,0.045105,0.959534,-0.45639,-6.23734,3.95538,0.00134277,-0.000915527,0,0,0,217.456
0.026062,0.0245972,0.957275,-0,-5.62881,5.02029,0.00134277,-0.000671387,0,0,0,217.476
0.0132446,0.000610352,0.917053,0.45639,-3.95538,5.78094,0.00134277,-0.000427246,0,0,0,217.496
0.0103149,-0.0167847,0.932068,0.45639,-0.30426,6.08521,0.00134277,-0.000457764,0,0,0,217.517
0.00506592,-0.0203247,0.949524,-0,1.06491,5.47668,0.00131226,-0.000518799,0,0,0,217.536
0.00665283,-0.0249634,0.948975,-0.15213,2.89047,4.5639,0.00126648,-0.00062561,0,0,0,217.556
0.00335693,-0.00494385,0.946411,0.45639,1.36917,1.06491,0.00108337,-0.000961304,0,0,0,217.576
-0.00500488,-0.0088501,0.956482,-0,-0.608521,-1.5213,0.000946045,-0.000961304,0,0,0,217.597
-0.0214844,-0.00012207,0.953308,-0.15213,-4.41177,-5.17242,0.00050354,-0.000961304,0,0,0,217.617
-0.0290527,-0.0256348,0.943787,-0.912781,-3.80325,-6.99799,0.000167847,-0.000991821,0,0,0,217.636
-0.0296631,-0.0311279,0.941284,-0.15213,-2.28195,-9.27994,-0.000198364,-0.00106812,0,0,0,217.656
-0.0249634,-0.0214233,0.929016,-0.760651,-0.15213,-10.9534,-0.000671387,-0.00119019,0,0,0,217.676
-0.0055542,-0.00585938,0.919128,0.760651,7.15012,-10.6491,-0.00172424,-0.00157166,0,0,0,217.696
-0.00262451,0.0254517,0.958862,-1.5213,8.97568,-8.0629,-0.00230408,-0.00157166,0,0,0,217.716
0.0534058,0.020874,0.956726,-0.15213,7.45438,-3.80325,-0.003479,-0.00157166,0,0,0,217.737
0.0702515,0.0397949,0.946777,-0.45639,4.5639,-2.43408,-0.00401306,-0.00154114,0,0,0,217.756
0.0717773,0.0687866,0.9599,0.30426,0.760651,-0.760651,-0.00447083,-0.00143433,0,0,0,217.776
0.0674438,0.0736084,0.950378,0.45639,-3.0426,0.912781,-0.00488281,-0.00125122,0,0,0,217.796
0.0713501,0.0924072,0.947388,0.15213,-5.02029,5.93307,-0.0055542,-0.000579834,0,0,0,217.817
0.0545044,0.0871582,0.927307,0.45639,-4.5639,8.21503,-0.00579834,-7.62939e-05,0,0,0,217.836
0.0534668,0.0402222,0.939514,1.06491,0.760651,11.4098,-0.00619507,0.00114441,0,0,0,217.856
0.0457153,0.0255737,0.953369,1.21704,3.19473,12.9311,-0.00634766,0.0018158,0,0,0,217.876
0.0462036,0.00805664,0.938293,0.912781,4.5639,13.8438,-0.00646973,0.0018158,0,0,0,217.896
0.0557861,-0.0319824,0.957764,1.06491,0.760651,14.3002,-0.00662231,0.0017395,0,0,0,217.917
0.0460205,-0.0415039,0.953491,0.30426,-2.28195,12.7789,-0.00665283,0.00161743,0,0,0,217.936
0.0524292,-0.0596313,0.945068,-0,-5.32455,10.3448,-0.00665283,0.00140381,0,0,0,217.956
0.0634766,-0.0770874,0.941162,-0.15213,-5.62881,6.99799,-0.00662231,0.00108337,0,0,0,217.976
0.0481567,-0.0949707,0.936279,-0.912781,-1.5213,-0.15213,-0.00639343,9.15527e-05,0,0,0,217.996
0.0440674,-0.0709839,0.909363,0.608521,1.82556,-4.10751,-0.00624084,-0.000564575,0,0,0,218.017
0.0389404,-0.0391846,0.966125,-0.760651,2.58621,-7.30225,-0.00624084,-0.00134277,0,0,0,218.036
0.0244141,-0.00402832,0.945496,-0.45639,3.19473,-11.2576,-0.00624084,-0.00300598,0,0,0,218.056
0.0166016,-0.0227051,0.96344,-1.67343,0.30426,-12.1704,-0.00624084,-0.00387573,0,0,0,218.076
-0.00335693,-0.0134277,0.955444,-0,-1.06491,-12.1704,-0.00627136,-0.004776,0,0,0,218.096
-0.0302734,0.0367432,0.981995,-0.760651,-6.38947,-9.43207,-0.00653076,-0.00657654,0,0,0,218.117
-0.0461426,0.0357666,0.911438,1.67343,-6.08521,-7.75864,-0.00679016,-0.00741577,0,0,0,218.136
-0.0516968,0.0914917,0.968689,-0.912781,-5.17242,-5.17242,-0.00714111,-0.00817871,0,0,0,218.156
-0.0610962,0.117065,0.960144,-0,-1.36917,-0.760651,-0.00816345,-0.00933838,0,0,0,218.183
-0.0393677,0.114868,0.928467,0.45639,2.43408,0.760651,-0.00883484,-0.00970459,0,0,0,218.197
-0.013855,0.0665894,0.927917,1.5213,8.36716,4.10751,-0.0103149,-0.0100555,0,0,0,218.216
-0.000366211,-0.0137939,0.99469,-1.97769,8.82355,6.23734,-0.0111084,-0.0101624,0,0,0,218.236
0.0556641,0.0134888,0.932922,0.608521,10.1927,7.15012,-0.0119019,-0.0102692,0,0,0,218.256
0.052002,0.00012207,0.98938,1.36917,1.21704,7.60651,-0.013382,-0.0104065,0,0,0,218.276
0.0562134,-0.000732422,0.971619,1.82556,-1.21704,7.60651,-0.0140686,-0.0104675,0,0,0,218.296
0.0569458,0.0106812,0.966003,-1.36917,-5.62881,7.91077,-0.0147095,-0.0104675,0,0,0,218.316
0.041748,-0.00427246,0.939819,0.45639,-6.99799,7.75864,-0.0153198,-0.0104675,0,0,0,218.336
0.0328979,-0.0294189,0.933777,1.21704,-3.80325,8.51929,-0.0159149,-0.0105743,0,0,0,218.355
0.0282593,-0.00817871,0.966614,0.30426,-0.760651,9.12781,-0.0159149,-0.0106812,0,0,0,218.375
0.0385742,-0.0288086,0.924072,0.608521,4.41177,9.27994,-0.0159149,-0.0108337,0,0,0,218.395
0.0675659,-0.0491333,0.932739,0.608521,7.60651,7.45438,-0.0157928,-0.0113373,0,0,0,218.416
0.0996094,-0.0512695,0.923462,-0.30426,6.5416,5.47668,-0.015625,-0.0117188,0,0,0,218.435
0.079895,-0.0213623,0.947998,0.15213,-0.608521,-1.67343,-0.0150146,-0.0126343,0,0,0,218.455
0.0655518,-0.0115356,0.979553,-0.912781,-4.5639,-4.25964,-0.0146179,-0.0131531,0,0,0,218.475
0.0447388,-0.0120239,0.946838,-0.15213,-7.45438,-5.62881,-0.0141754,-0.0131531,0,0,0,218.496
0.0161743,-0.00317383,0.944519,-1.06491,-8.36716,-6.84586,-0.0141754,-0.0131531,0,0,0,218.516
0.0125122,0.0126343,0.940308,-1.21704,-4.71603,-5.93307,-0.014267,-0.0131531,0,0,0,218.536
-0.0253906,0.0239868,0.9375,1.36917,-1.21704,-5.02029,-0.0143738,-0.0131531,0,0,0,218.555
-0.0281982,0.0361328,0.925354,-1.67343,1.82556,-3.95538,-0.0145569,-0.0131226,0,0,0,218.575
-0.00500488,0.0144043,0.939148,0.15213,5.02029,-1.97769,-0.0150604,-0.0129547,0,0,0,218.596
0.00299072,0.0298462,0.96405,-0.760651,5.02029,-1.06491,-0.0153656,-0.0128479,0,0,0,218.616
0.0200806,0.0233765,0.94928,0.15213,3.49899,-0.760651,-0.015686,-0.0127106,0,0,0,218.636
0.0325928,0.00756836,0.959534,-0.30426,-0.912781,0.15213,-0.0160217,-0.012558,0,0,0,218.656
0.046936,0.0128174,0.942932,-0.15213,-1.82556,-0.45639,-0.0160065,-0.012558,0,0,0,218.676
0.0372925,0.00524902,0.944397,0.15213,-1.97769,-0.15213,-0.0159607,-0.012558,0,0,0,218.696
0.0526123,-0.0020752,0.944763,0.30426,1.36917,-0.30426,-0.0158234,-0.012558,0,0,0,218.716
0.0504761,-0.00592041,0.947998,-0,1.82556,-0.608521,-0.0157013,-0.012558,0,0,0,218.736
0.0440063,-0.0130615,0.939026,0.15213,2.12982,-1.21704,-0.015564,-0.0125885,0,0,0,218.756
0.0498047,-0.019043,0.942627,-0,-0.15213,-3.65112,-0.0151825,-0.0127106,0,0,0,218.776
0.0476685,-0.0299683,0.953308,-0.45639,-1.21704,-5.32455,-0.0149536,-0.0128326,0,0,0,218.796
0.0487671,-0.0385132,0.953003,-0.45639,-2.43408,-7.30225,-0.0146942,-0.0130157,0,0,0,218.816
0.0307007,-0.0448608,0.940186,-0.760651,-2.28195,-11.714,-0.0141296,-0.0135651,0,0,0,218.836
0.0285034,-0.0357666,0.951721,-0.45639,-0.912781,-13.2353,-0.0141296,-0.0139313,0,0,0,218.857
0.0202026,-0.0353394,0.943237,-0.760651,-0.45639,-13.996,-0.0141296,-0.0143585,0,0,0,218.876
0.00848389,-0.00537109,0.962891,-0.608521,1.5213,-12.3225,-0.0141907,-0.0153198,0,0,0,218.896
0.015564,-0.00799561,0.940552,-0.45639,0.912781,-11.2576,-0.014267,-0.0153198,0,0,0,218.916
0.0346069,0.00415039,0.941284,-0.760651,-0.608521,-10.497,-0.014267,-0.0153198,0,0,0,218.936
0.0367432,0.012146,0.959045,-0.15213,-1.36917,-10.497,-0.014267,-0.0153198,0,0,0,218.956
0.0303345,0.0198975,0.933105,-0.912781,-1.21704,-10.9534,-0.014267,-0.0153198,0,0,0,218.976
0.036377,0.0221558,0.936462,-0.30426,-0.15213,-12.1704,-0.014267,-0.0153198,0,0,0,218.996
0.0319824,0.0267944,0.952698,-1.36917,-0.45639,-12.6268,-0.014267,-0.0152893,0,0,0,219.016
0.0316772,0.0237427,0.94458,-0.45639,0.45639,-12.7789,-0.014267,-0.0152283,0,0,0,219.036
0.019165,0.0289307,0.954651,-1.06491,-0,-12.3225,-0.014267,-0.0150452,0,0,0,219.056
0.0117798,0.0376587,0.957031,-0.15213,-0.45639,-11.4098,-0.014267,-0.0149078,0,0,0,219.076
0.00231934,0.0354614,0.939819,-0.45639,-0.760651,-10.6491,-0.0142975,-0.0147247,0,0,0,219.096
0.0130005,0.0258789,0.942688,-0.30426,-0.912781,-8.21503,-0.0144348,-0.014267,0,0,0,219.116
0.0109253,0.0360718,0.947266,-0.30426,-0.760651,-7.30225,-0.0144348,-0.0139771,0,0,0,219.136
-0.00360107,0.0442505,0.947205,-0.15213,-0.45639,-5.78094,-0.0144653,-0.0136566,0,0,0,219.156
-0.00012207,0.0548706,0.944702,0.15213,-0.30426,-4.10751,-0.0145416,-0.0132904,0,0,0,219.176
-0.00177002,0.0670776,0.9505,-0.15213,0.15213,-1.06491,-0.0147858,-0.0123291,0,0,0,219.196
0.00109863,0.0728149,0.951111,0.15213,0.15213,0.15213,-0.0149689,-0.011734,0,0,0,219.216
0.0281372,0.03125,0.950073,0.15213,1.06491,2.12982,-0.0153503,-0.0103455,0,0,0,219.236
0.0254517,0.00775146,0.949463,0.15213,2.28195,2.28195,-0.0153503,-0.00961304,0,0,0,219.256
0.0186157,0.0109863,0.940796,-0,2.73834,3.0426,-0.0153503,-0.00961304,0,0,0,219.276
0.045105,0.00817871,0.955383,1.06491,1.5213,4.41177,-0.0153503,-0.00961304,0,0,0,219.296
0.0447998,-0.0107422,0.962158,0.760651,1.06491,4.5639,-0.0153503,-0.0096283,0,0,0,219.316
0.0405273,-0.0125732,0.952026,-0.30426,-0.15213,5.02029,-0.0153503,-0.00967407,0,0,0,219.336
0.0380859,-0.00439453,0.936584,0.30426,-0.608521,4.86816,-0.0153503,-0.00975037,0,0,0,219.356
0.039978,-0.00799561,0.952942,0.608521,-1.5213,4.41177,-0.0153503,-0.00996399,0,0,0,219.376
0.0310059,0.00543213,0.95105,0.15213,-1.21704,4.41177,-0.0153503,-0.0101013,0,0,0,219.396
0.0236816,0.0111694,0.950928,-0.15213,-0.30426,3.95538,-0.0153503,-0.0101013,0,0,0,219.416
0.0215454,0.0128784,0.942078,0.15213,-0.15213,3.95538,-0.0153503,-0.0101013,0,0,0,219.436
0.0133667,0.0205078,0.941589,0.608521,-0.30426,3.95538,-0.0153503,-0.0101013,0,0,0,219.456
0.0144043,0.0108643,0.960632,0.15213,-0,4.41177,-0.0153503,-0.0101013,0,0,0,219.476
0.0151367,0.00915527,0.949463,0.45639,0.15213,4.41177,-0.0153503,-0.0101013,0,0,0,219.496
0.0187988,0.00506592,0.936462,-0.15213,0.45639,4.5639,-0.0153503,-0.0101013,0,0,0,219.515
0.0272827,-0.00213623,0.95105,0.30426,1.36917,4.71603,-0.0153503,-0.0101013,0,0,0,219.535
0.0300293,0.00305176,0.954407,0.30426,1.5213,4.10751,-0.0153503,-0.0101013,0,0,0,219.555
0.032959,0.00793457,0.95166,0.45639,1.06491,3.65112,-0.0153503,-0.0101013,0,0,0,219.576
0.0360107,0.00439453,0.946472,-0,0.45639,3.19473,-0.0153503,-0.0101013,0,0,0,219.595
0.0240479,0.0117188,0.946411,-0,-1.36917,2.12982,-0.0153503,-0.0101013,0,0,0,219.615
0.0180054,0.00994873,0.943787,0.15213,-1.36917,2.28195,-0.0153503,-0.0101013,0,0,0,219.635
0.0161133,0.00476074,0.94989,-0,-1.5213,1.97769,-0.0153503,-0.0101013,0,0,0,219.655
0.0164185,0.00952148,0.93988,0.15213,0.30426,2.43408,-0.0153503,-0.0101013,0,0,0,219.675
0.0186768,0.00738525,0.944702,0.15213,0.760651,2.43408,-0.0153503,-0.0101013,0,0,0,219.696
0.0252075,0.0012207,0.945129,0.608521,1.97769,2.43408,-0.0153503,-0.0101013,0,0,0,219.716
0.0280151,0.00701904,0.94928,0.15213,1.82556,2.12982,-0.0153503,-0.0101013,0,0,0,219.736
0.0308838,0.0057373,0.951111,0.45639,1.36917,1.97769,-0.0153503,-0.0101013,0,0,0,219.756
0.0297241,0.00665283,0.941589,-0,-1.06491,1.36917,-0.0153503,-0.0101013,0,0,0,219.776
0.0258789,0.00408936,0.94458,0.15213,-0.912781,0.912781,-0.0153503,-0.0101013,0,0,0,219.795
0.0280762,-0.0022583,0.946106,-0,-1.36917,0.912781,-0.0153503,-0.0101013,0,0,0,219.816
0.0235596,0.00750732,0.942627,-0,-1.21704,0.912781,-0.0153503,-0.0101013,0,0,0,219.836
0.0216675,0.00701904,0.94519,-0.15213,0.30426,0.760651,-0.0153503,-0.0101013,0,0,0,219.856
0.0209961,0.010437,0.950989,-0,0.45639,0.608521,-0.0153503,-0.0101013,0,0,0,219.875
0.0227051,0.0111694,0.952759,0.15213,1.06491,0.30426,-0.0153503,-0.0101013,0,0,0,219.896
0.0229492,0.00366211,0.948547,0.15213,1.06491,0.15213,-0.0153503,-0.0101013,0,0,0,219.916
0.0216675,-0.00012207,0.9422,0.15213,0.760651,0.45639,-0.0153503,-0.0101013,0,0,0,219.936
0.0250244,-0.00396729,0.942932,0.15213,0.608521,1.97769,-0.0153503,-0.0101013,0,0,0,219.956
0.0248413,-0.00439453,0.946045,-0.15213,0.608521,3.19473,-0.0153503,-0.0101013,0,0,0,219.976
0.0202026,0.003479,0.948364,0.15213,0.760651,4.86816,-0.0153503,-0.0101013,0,0,0,219.996
0.039978,0.022644,0.960815,0.30426,-0.760651,7.45438,-0.0153503,-0.0101013,0,0,0,220.016
0.0484009,0.0369263,0.937195,0.760651,-1.67343,6.5416,-0.0153351,-0.0100708,0,0,0,220.036
0.0552979,0.0501099,0.957031,-0.15213,-2.28195,4.71603,-0.015274,-0.00999451,0,0,0,220.056
0.0332642,0.0391235,0.958862,-0.45639,-1.67343,0.45639,-0.0150604,-0.00968933,0,0,0,220.076
0.0164185,0.0180054,0.945496,-0,-0.760651,-1.5213,-0.0149384,-0.00949097,0,0,0,220.097
0.0196533,0.00268555,0.941833,-0,-0.30426,-3.80325,-0.0149384,-0.00949097,0,0,0,220.116
0.0377808,0.015564,0.955505,-0,0.30426,-6.69373,-0.0149384,-0.00949097,0,0,0,220.136
0.019043,0.0473633,0.957642,-0.15213,0.608521,-14.9088,-0.0149384,-0.00938416,0,0,0,220.156
-0.00250244,0.0473633,0.968323,-0,-0,-18.2556,-0.0149689,-0.00926208,0,0,0,220.176
0.00695801,0.0552979,0.946838,-1.67343,-0,-22.6674,-0.0151367,-0.00888062,0,0,0,220.197
0.0263062,0.0612793,0.895569,-0.912781,1.97769,-25.1015,-0.0151367,-0.00860596,0,0,0,220.216
0.00567627,0.0820312,0.979187,-1.5213,1.97769,-27.0792,-0.015152,-0.008255,0,0,0,220.236
-0.000793457,0.052063,0.961121,-0.608521,4.86816,-27.8398,-0.0153046,-0.0072937,0,0,0,220.256
0.017395,0.0431519,0.954712,-1.21704,4.41177,-26.4706,-0.0154266,-0.00672913,0,0,0,220.276
-0.0101929,0.0460815,0.93634,-1.82556,3.65112,-24.6451,-0.0155792,-0.00613403,0,0,0,220.296
-0.00793457,0.0333862,0.924744,1.82556,2.58621,-21.6025,-0.0157776,-0.00550842,0,0,0,220.316
-0.015625,0.00366211,0.940979,1.5213,1.5213,-12.4747,-0.0162964,-0.00486755,0,0,0,220.336
-0.0239258,0.0057373,0.952454,-1.5213,-0.30426,-7.45438,-0.0166321,-0.00486755,0,0,0,220.357
-0.00360107,-0.043396,0.937317,0.45639,2.43408,2.89047,-0.0174561,-0.00500488,0,0,0,220.376
0.0108643,-0.0349731,0.936646,1.97769,4.5639,8.21503,-0.0178986,-0.00518799,0,0,0,220.396
0.046875,-0.0372314,0.946716,1.36917,5.17242,12.9311,-0.0183258,-0.00543213,0,0,0,220.416
0.0790405,-0.0546265,0.950378,0.15213,5.47668,19.1684,-0.0190735,-0.00616455,0,0,0,220.436
0.0950317,-0.0391235,0.946411,1.06491,2.73834,18.1035,-0.0193329,-0.00663757,0,0,0,220.457
0.09021,-0.0200806,0.972412,0.15213,-3.80325,15.3651,-0.0195007,-0.00717163,0,0,0,220.476
0.0836792,-0.0474854,0.946655,1.5213,-7.75864,11.8661,-0.0195923,-0.00775146,0,0,0,220.496
0.0565796,-0.0252075,0.926636,-0.608521,-9.12781,5.78094,-0.019577,-0.0091095,0,0,0,220.516
0.0385742,-0.0250854,0.928955,-0.30426,-6.69373,2.89047,-0.0195007,-0.00985718,0,0,0,220.536
0.0214233,-0.0360718,0.937378,0.15213,2.89047,-0.15213,-0.0195007,-0.0115204,0,0,0,220.557
0.0162354,-0.0371094,0.9375,0.45639,7.75864,0.30426,-0.0195007,-0.0124512,0,0,0,220.576
0.0255127,-0.0210571,0.947632,-0.15213,9.12781,0.45639,-0.0195007,-0.0134277,0,0,0,220.597
0.0373535,-0.00592041,0.951477,0.760651,3.19473,-0.30426,-0.0195007,-0.0144348,0,0,0,220.616
0.0437622,-0.00335693,0.95813,-0,-1.36917,-1.21704,-0.0195007,-0.0144348,0,0,0,220.636
0.0461426,0.0088501,0.969604,-0.30426,-4.71603,-1.5213,-0.0195007,-0.0144348,0,0,0,220.657
0.0175171,0.0150757,0.953735,-0.760651,-7.30225,-1.82556,-0.0195007,-0.0144348,0,0,0,220.676
0.015686,0.0162354,0.928894,-0.15213,-4.5639,-1.21704,-0.0195007,-0.0144348,0,0,0,220.697
0.0148315,0.0204468,0.948975,-0.15213,-1.5213,-0.760651,-0.0195007,-0.0144348,0,0,0,220.715
0.0134888,0.0258179,0.938538,-0,4.25964,0.15213,-0.0195007,-0.0144348,0,0,0,220.735
0.0288696,0.0549927,0.955444,0.15213,1.06491,-3.19473,-0.0195007,-0.0142059,0,0,0,220.781
0.0438232,0.0518188,0.951965,0.30426,-0.15213,-3.80325,-0.0195007,-0.0140228,0,0,0,220.796
0.052002,0.0535889,0.956055,0.45639,-0.912781,-3.65112,-0.0194855,-0.0137634,0,0,0,220.815
0.0480347,0.0673828,0.954224,-0.45639,-1.21704,-5.02029,-0.0194244,-0.0134277,0,0,0,220.835
0.0522461,0.0828247,0.943604,0.760651,-0.912781,-7.75864,-0.0193481,-0.0130157,0,0,0,220.856
0.0755615,0.0911865,0.941467,0.760651,1.97769,-14.6045,-0.019043,-0.0118561,0,0,0,220.875
0.0636597,0.100098,0.971191,-0.15213,1.67343,-18.1035,-0.0188141,-0.0111084,0,0,0,220.897
0.0985107,0.116638,0.98584,-1.67343,2.89047,-25.4057,-0.0181885,-0.00921631,0,0,0,220.916
0.0915527,0.107483,0.902649,2.28195,6.23734,-28.1441,-0.0177765,-0.0080719,0,0,0,220.936
0.067627,0.128662,0.940308,-1.06491,4.86816,-28.2962,-0.0172882,-0.0067749,0,0,0,220.956
0.0657349,-0.0455322,0.99939,-2.28195,5.47668,-26.7749,-0.0167694,-0.00544739,0,0,0,220.976
0.0596924,0.0560303,0.951294,-5.17242,7.15012,-17.3428,-0.0156097,-0.0030365,0,0,0,220.996
0.0471191,0.0140991,0.923279,2.28195,6.38947,-12.6268,-0.0149994,-0.0018158,0,0,0,221.016
0.0213013,-0.0484009,1.00793,-0.45639,-4.5639,-4.10751,-0.0143738,0.000457764,0,0,0,221.036
0.0494995,-0.03479,0.977417,-1.5213,-10.497,-3.34686,-0.0143738,0.00149536,0,0,0,221.056
-0.0117798,0.00384521,0.951904,0.15213,-16.8864,-4.71603,-0.014389,0.00248718,0,0,0,221.076
-0.0317993,-0.0559082,1.01154,-0.760651,-13.2353,-6.38947,-0.0146332,0.00421143,0,0,0,221.096
-0.0518799,-0.0290527,0.885864,1.67343,-4.41177,-6.23734,-0.0148926,0.00494385,0,0,0,221.116
-0.0662231,-0.0333252,0.950745,-1.06491,3.49899,-5.02029,-0.0152588,0.00559998,0,0,0,221.136
-0.0253296,-0.0700684,0.8927,0.15213,15.6694,-2.89047,-0.0162811,0.00665283,0,0,0,221.156
-0.00805664,-0.0466309,0.9646,-0,15.9737,-1.97769,-0.0168762,0.00701904,0,0,0,221.176
0.00958252,-0.0557251,0.945068,1.21704,12.3225,-1.36917,-0.0175171,0.00730896,0,0,0,221.196
0.0195923,-0.057373,0.974365,-0.30426,-2.28195,0.30426,-0.0175171,0.00759888,0,0,0,221.216
0.0170898,-0.0440063,0.966064,-0.608521,-8.82355,1.06491,-0.0175171,0.00762939,0,0,0,221.236
0.012207,-0.0606079,0.932495,0.30426,-11.4098,1.36917,-0.0175171,0.00756836,0,0,0,221.256
0.00518799,-0.0233154,0.939392,0.15213,-7.60651,1.82556,-0.0175171,0.00721741,0,0,0,221.276
0.00744629,-0.0131226,0.911133,0.45639,-1.5213,1.97769,-0.0175171,0.00697327,0,0,0,221.296
0.00720215,-0.0122681,0.958862,-0.760651,4.10751,2.12982,-0.0175171,0.00697327,0,0,0,221.316
0.0299683,0.00396729,0.955383,-0.45639,10.0406,1.5213,-0.0175171,0.00691223,0,0,0,221.335
0.0413818,0.00921631,0.943237,0.912781,9.43207,0.608521,-0.0175171,0.00686646,0,0,0,221.355
0.0467529,-0.000183105,0.954102,1.06491,4.86816,0.608521,-0.0175171,0.00686646,0,0,0,221.375
0.0529785,0.0194092,0.941711,-0.30426,-4.25964,1.67343,-0.0174866,0.00692749,0,0,0,221.395
0.0374756,0.0233154,0.978088,-0.760651,-7.60651,1.36917,-0.0174408,0.00698853,0,0,0,221.415
0.0274658,0.0223999,0.912781,-0,-8.51929,1.06491,-0.017395,0.00709534,0,0,0,221.435
0.0227661,0.0313721,0.93457,1.21704,-3.65112,0.45639,-0.017395,0.00735474,0,0,0,221.455
0.0238037,0.0342407,0.936096,-0.45639,-0.15213,0.608521,-0.017395,0.0075531,0,0,0,221.475
0.0249634,0.0338745,0.958191,0.15213,4.5639,-0,-0.017395,0.00778198,0,0,0,221.495
0.0299072,0.0206909,0.95343,-0.45639,7.45438,0.30426,-0.017395,0.0083313,0,0,0,221.515
0.0374756,0.0175171,0.957703,0.608521,5.78094,0.30426,-0.017395,0.0083313,0,0,0,221.535
0.0377808,0.00939941,0.957397,0.45639,2.58621,0.608521,-0.017395,0.0083313,0,0,0,221.556
0.046936,0.00213623,0.948303,-0,-4.25964,0.45639,-0.017395,0.0083313,0,0,0,221.576
0.0293579,0.000183105,0.94696,-0.45639,-6.38947,-0,-0.017395,0.0083313,0,0,0,221.596
0.0319824,-0.00360107,0.946228,-0.15213,-3.49899,-0.15213,-0.017395,0.00827026,0,0,0,221.621
0.0206299,0.00915527,0.925171,-0,-0.760651,-0.45639,-0.017395,0.00822449,0,0,0,221.636
0.0238647,0.00549316,0.942505,-0.15213,1.82556,-0.760651,-0.017395,0.00822449,0,0,0,221.656
0.0349121,0.00952148,0.950867,0.15213,4.5639,-0.760651,-0.017395,0.00822449,0,0,0,221.676
0.0285645,0.0355835,0.963928,-0.15213,3.0426,-1.82556,-0.017395,0.008255,0,0,0,221.696
0.0282593,0.050415,0.94043,0.45639,1.21704,-2.12982,-0.017395,0.00834656,0,0,0,221.716
0.0496826,0.0494385,0.960999,0.760651,0.15213,-2.58621,-0.017395,0.00848389,0,0,0,221.737
0.0302124,0.0787964,0.949097,-0.15213,-1.06491,-1.5213,-0.017395,0.00900269,0,0,0,221.756
0.0342407,0.0701904,0.950134,0.15213,-0.15213,-0.760651,-0.017395,0.00938416,0,0,0,221.776
0.0501099,0.0667114,0.949097,0.45639,1.21704,-0.912781,-0.017395,0.00987244,0,0,0,221.796
0.0569458,0.059021,0.957581,0.30426,1.82556,-3.0426,-0.0173645,0.0110474,0,0,0,221.816
0.0525513,0.0541382,0.929138,0.45639,2.43408,-4.25964,-0.0173187,0.011734,0,0,0,221.835
0.0592041,0.0602417,0.950378,-0.15213,2.73834,-4.86816,-0.0172272,0.0124969,0,0,0,221.855
0.055603,0.0728149,0.946655,0.30426,2.58621,-5.47668,-0.0171204,0.0133362,0,0,0,221.875
0.0471191,0.0728149,0.960266,0.30426,1.06491,-5.17242,-0.016983,0.015274,0,0,0,221.896
0.0608521,0.0686035,0.945679,0.45639,0.760651,-4.41177,-0.0169678,0.0163574,0,0,0,221.916
0.0375977,0.0733032,0.950439,0.15213,-1.21704,-2.43408,-0.0168915,0.0187988,0,0,0,221.935
0.0343018,0.0678711,0.955933,0.608521,-1.36917,-1.67343,-0.0168915,0.0201416,0,0,0,221.956
0.0250854,0.0752563,0.950867,0.30426,-1.97769,-1.21704,-0.0168915,0.0215607,0,0,0,221.975
0.0217896,0.0854492,0.924622,0.45639,-1.5213,-1.06491,-0.0168915,0.0246582,0,0,0,221.996
0.024353,0.0784912,0.953918,-0,-0,-1.36917,-0.0168915,0.0263367,0,0,0,222.016
0.0158691,0.0583496,0.933228,1.06491,1.36917,-1.06491,-0.0168915,0.0280914,0,0,0,222.036
0.0130615,0.0388184,0.942078,1.36917,3.80325,-0.30426,-0.0168915,0.0298767,0,0,0,222.056
0.0297852,0.00750732,0.934998,1.21704,5.62881,1.36917,-0.0168915,0.0316772,0,0,0,222.076
0.0427856,-0.0247803,0.938538,0.45639,4.71603,1.97769,-0.0168915,0.0316467,0,0,0,222.096
0.0377197,-0.0557861,0.945801,0.30426,0.760651,2.28195,-0.0168915,0.031311,0,0,0,222.116
0.039856,-0.0375366,0.959595,0.608521,-1.82556,2.73834,-0.0168915,0.0310059,0,0,0,222.136
0.0388794,-0.0543823,0.940979,1.36917,-4.41177,1.97769,-0.0168915,0.0306244,0,0,0,222.156
0.0145264,-0.0638428,0.942932,-0.30426,-3.49899,0.608521,-0.0168915,0.0295258,0,0,0,222.176
0.0189819,-0.0603027,0.914062,0.45639,-1.06491,0.45639,-0.0168915,0.0288086,0,0,0,222.196
0.010437,-0.0697021,0.958801,0.30426,0.45639,0.608521,-0.0168915,0.0279846,0,0,0,222.216
0.00762939,-0.0518799,0.965759,0.15213,3.95538,1.06491,-0.0169678,0.026001,0,0,0,222.237
0.024231,-0.0487061,0.934143,1.36917,4.10751,0.760651,-0.0170288,0.0248718,0,0,0,222.256
0.010498,-0.0426636,0.980469,0.30426,1.82556,0.45639,-0.0170288,0.0236816,0,0,0,222.276
0.019043,-0.0487671,0.955505,-0.15213,-1.06491,-0.45639,-0.0170288,0.0210114,0,0,0,222.296
0.0181274,-0.0442505,0.935852,-0,-1.5213,-1.06491,-0.0170288,0.0195618,0,0,0,222.316
0.0147705,-0.0432129,0.953796,0.15213,-1.82556,-1.5213,-0.0170288,0.0180359,0,0,0,222.336
0.0118408,-0.0216675,0.943542,0.30426,1.06491,-0.760651,-0.0170288,0.0148163,0,0,0,222.356
0.0189819,-0.0233154,0.947998,0.15213,2.73834,-0,-0.0170288,0.0131378,0,0,0,222.375
0.0267944,-0.0322876,0.943054,0.45639,4.41177,0.912781,-0.0170288,0.0114288,0,0,0,222.395
0.0339355,-0.0238037,0.95752,0.15213,2.43408,0.912781,-0.0170288,0.00784302,0,0,0,222.415
0.0494995,-0.0220947,0.947388,0.45639,0.45639,0.30426,-0.0170288,0.0059967,0,0,0,222.435
0.0420532,-0.0280151,0.958618,-0,-1.06491,-0.45639,-0.0170288,0.00410461,0,0,0,222.455
0.0339966,-0.0234375,0.940857,-0.30426,-3.0426,-0.912781,-0.0170288,0.000228882,0,0,0,222.475
0.0231323,-0.0241089,0.937073,-0,-1.97769,-0.760651,-0.0170288,-0.00175476,0,0,0,222.496
0.0175781,-0.020752,0.945862,0.15213,-1.06491,-0.45639,-0.0170288,-0.00379944,0,0,0,222.515
0.0240479,-0.0147095,0.948425,0.15213,0.608521,-0,-0.0170288,-0.00793457,0,0,0,222.536
0.0238037,-0.0166626,0.9422,-0,1.06491,-0.30426,-0.0170288,-0.00793457,0,0,0,222.556
0.0220947,-0.0184937,0.948608,-0.15213,1.21704,-0.15213,-0.0170288,-0.00796509,0,0,0,222.576
0.0244751,-0.0101318,0.950073,0.15213,0.15213,-0.15213,-0.0170288,-0.00808716,0,0,0,222.596
0.0222778,-0.0106201,0.952637,-0,0.30426,0.30426,-0.0170288,-0.00808716,0,0,0,222.616
0.027832,-0.00958252,0.943359,-0,-0.15213,0.45639,-0.0170288,-0.00808716,0,0,0,222.636
0.0396118,0.000732422,0.948486,0.15213,0.30426,0.30426,-0.0170288,-0.00808716,0,0,0,222.656
0.0407104,0.00354004,0.953186,0.15213,0.45639,0.45639,-0.0170288,-0.00808716,0,0,0,222.676
0.0361938,0.00408936,0.947205,0.15213,0.30426,-0.15213,-0.0170288,-0.00808716,0,0,0,222.696
0.0363159,0.010498,0.944946,0.15213,0.30426,-0.15213,-0.0170288,-0.00808716,0,0,0,222.716
0.0320435,0.0107422,0.952881,-0,-0,0.15213,-0.0170288,-0.00808716,0,0,0,222.736
0.0306396,0.0101929,0.946045,-0.15213,-0.45639,-0.15213,-0.0170288,-0.00808716,0,0,0,222.756
0.0275269,0.00878906,0.95166,-0,-0.15213,-0.15213,-0.0170288,-0.00808716,0,0,0,222.776
0.02771,0.00927734,0.949768,-0,-0.30426,-0.15213,-0.0170288,-0.00808716,0,0,0,222.796
0.0262451,0.00177002,0.942322,-0,-0.15213,0.15213,-0.0170288,-0.00808716,0,0,0,222.816
0.032959,0.00238037,0.94397,-0,1.06491,-0,-0.0170288,-0.00808716,0,0,0,222.835
0.0363159,0.00286865,0.950012,0.15213,0.608521,-0.15213,-0.0170288,-0.00808716,0,0,0,222.856
0.0319214,0.00280762,0.949097,0.15213,0.912781,-0,-0.0170288,-0.00808716,0,0,0,222.876
0.0343628,0.00274658,0.948242,-0.30426,-0.15213,-0,-0.0170288,-0.00808716,0,0,0,222.896
0.0349731,0.00561523,0.943604,0.30426,-0,0.15213,-0.0170288,-0.00808716,0,0,0,222.915
0.0339355,0.00512695,0.950012,-0,-0,-0.15213,-0.0170288,-0.00808716,0,0,0,222.935
0.0321045,0.0067749,0.945007,-0,-0.30426,-0.15213,-0.0170288,-0.00808716,0,0,0,222.955
0.0284424,0.00256348,0.947754,-0,-0.45639,-0.15213,-0.0170288,-0.00808716,0,0,0,222.975
0.0267944,0.00341797,0.948669,-0,-0,-0.15213,-0.0170288,-0.00808716,0,0,0,222.996
0.0262451,0.00457764,0.950378,0.15213,0.15213,0.15213,-0.0170288,-0.00808716,0,0,0,223.015
0.0274048,0.000976562,0.946655,0.15213,0.30426,-0.15213,-0.0170288,-0.00808716,0,0,0,223.036
0.0342407,0.00231934,0.94696,0.15213,0.45639,-0.15213,-0.0170288,-0.00808716,0,0,0,223.056
0.0332642,0.00201416,0.949463,0.15213,0.15213,-0,-0.0170288,-0.00808716,0,0,0,223.076
0.0319824,0.00262451,0.945557,0.15213,0.30426,-0,-0.0170288,-0.00808716,0,0,0,223.096
0.031189,0.00445557,0.945435,-0.15213,-0,-0,-0.0170288,-0.00808716,0,0,0,223.116
0.0343628,0.00756836,0.948547,-0,-0,-0,-0.0170288,-0.00808716,0,0,0,223.135
0.032959,0.0043335,0.944946,0.15213,0.15213,0.15213,-0.0170288,-0.00808716,0,0,0,223.156
0.0339966,0.0057373,0.947388,-0.15213,-0.15213,0.15213,-0.0170288,-0.00808716,0,0,0,223.175
0.0296021,0.00439453,0.946106,-0,-0,-0.15213,-0.0170288,-0.00808716,0,0,0,223.195
0.027771,0.0032959,0.952209,0.15213,0.30426,-0,-0.0170288,-0.00808716,0,0,0,223.215
0.0311279,0.00244141,0.946533,0.15213,0.30426,-0,-0.0170288,-0.00808716,0,0,0,223.235
0.0302124,0.00408936,0.947693,-0,-0,0.30426,-0.0170288,-0.00808716,0,0,0,223.255
0.0322876,0.00286865,0.943115,0.15213,0.30426,0.15213,-0.0170288,-0.00808716,0,0,0,223.276
0.0309448,0.00610352,0.944519,0.15213,0.30426,-0.30426,-0.0170288,-0.00808716,0,0,0,223.296
0.031311,0.00665283,0.944763,-0,-0,0.15213,-0.0170288,-0.00808716,0,0,0,223.316
0.0300903,0.00421143,0.939758,0.15213,-0,-0,-0.0170288,-0.00808716,0,0,0,223.336
0.0324097,0.00427246,0.948792,0.15213,0.15213,0.15213,-0.0170288,-0.00808716,0,0,0,223.356
0.0259399,0.00415039,0.94989,-0,0.15213,-0,-0.0170288,-0.00808716,0,0,0,223.375
0.0308838,0.00323486,0.945068,-0,-0.30426,-0.15213,-0.0170288,-0.00808716,0,0,0,223.396
0.0334473,0.00488281,0.949097,-0,-0,-0,-0.0170288,-0.00808716,0,0,0,223.416
0.0319214,0.00012207,0.946106,0.15213,0.15213,-0,-0.0170288,-0.00808716,0,0,0,223.436
0.0332031,0.00292969,0.94397,-0,0.30426,-0.15213,-0.0170288,-0.00808716,0,0,0,223.456
0.0354004,0.00793457,0.949036,0.15213,0.15213,-0,-0.0170288,-0.00808716,0,0,0,223.476
0.0321655,0.00708008,0.948364,-0,-0,-0,-0.0170288,-0.00808716,0,0,0,223.495
0.0325928,0.00427246,0.950317,0.15213,0.30426,-0.15213,-0.0170288,-0.00808716,0,0,0,223.516
0.0317993,0.0043335,0.945007,0.45639,0.30426,-0,-0.0170288,-0.00808716,0,0,0,223.535
0.032959,0.00469971,0.944946,0.15213,0.45639,-0.15213,-0.0170288,-0.00808716,0,0,0,223.556
0.031311,0.00476074,0.946899,-0.15213,-0.30426,-0,-0.0170288,-0.00808716,0,0,0,223.576
0.0300293,0.00482178,0.944885,0.15213,0.15213,0.15213,-0.0170288,-0.00808716,0,0,0,223.596
0.0322876,0.00390625,0.946106,-0.15213,-0.15213,-0.15213,-0.0170288,-0.00808716,0,0,0,223.616
0.0328979,0.00311279,0.949341,-0,0.15213,0.15213,-0.0170288,-0.00808716,0,0,0,223.636
0.0342407,0.00524902,0.948669,-0.15213,0.15213,-0.30426,-0.0170288,-0.00808716,0,0,0,223.656
0.0316772,0.00512695,0.945374,-0,-0,-0,-0.0170288,-0.00808716,0,0,0,223.676
0.0339355,0.00195312,0.94928,0.45639,0.45639,-0.15213,-0.0170288,-0.00808716,0,0,0,223.696
0.03302,0.0055542,0.947144,0.15213,-0,-0,-0.0170288,-0.00808716,0,0,0,223.716
0.0335083,0.0045166,0.947571,-0.15213,-0,-0,-0.0170288,-0.00808716,0,0,0,223.737
0.0335693,0.0043335,0.94989,0.15213,0.15213,-0,-0.0170288,-0.00808716,0,0,0,223.756
0.0324097,0.00817871,0.944946,-0,0.15213,-0.15213,-0.0170288,-0.00808716,0,0,0,223.776
0.0330811,0.0032959,0.948975,-0,-0,-0,-0.0170288,-0.00808716,0,0,0,223.796
0.0332031,0.00378418,0.949768,0.30426,0.30426,0.30426,-0.0170288,-0.00808716,0,0,0,223.816
0.0289917,0.00695801,0.949402,0.15213,0.15213,-0.15213,-0.0170288,-0.00808716,0,0,0,223.836
0.0322876,0.00299072,0.949097,-0.15213,0.15213,0.15213,-0.0170288,-0.00808716,0,0,0,223.856
0.0367432,0.00476074,0.95459,0.15213,0.45639,-0.15213,-0.0170288,-0.00808716,0,0,0,223.876
0.0289307,0.00256348,0.949524,-0,-0.30426,0.15213,-0.0170288,-0.00808716,0,0,0,223.895
0.0314941,0.00549316,0.94873,0.15213,0.15213,-0.15213,-0.0170288,-0.00808716,0,0,0,223.915
0.0317383,0.00762939,0.948059,-0,0.30426,-0,-0.0170288,-0.00808716,0,0,0,223.936
0.0288696,0.00537109,0.950378,-0.15213,-0,0.15213,-0.0170288,-0.00808716,0,0,0,223.956
0.02948,0.00274658,0.943359,-0.15213,-0,-0.15213,-0.0170288,-0.00808716,0,0,0,223.976
0.0352783,0.003479,0.950745,0.15213,0.15213,-0.15213,-0.0170288,-0.00808716,0,0,0,223.996
0.0287476,0.00592041,0.946899,0.15213,0.15213,-0,-0.0170288,-0.00808716,0,0,0,224.016
0.0341187,0.0057373,0.951294,0.15213,0.45639,-0,-0.0170288,-0.00808716,0,0,0,224.036
0.0322876,0.0043335,0.948669,-0.15213,-0,0.15213,-0.0170288,-0.00808716,0,0,0,224.056
0.0291138,0.000915527,0.942749,-0,0.15213,0.15213,-0.0170288,-0.00808716,0,0,0,224.076
0.0325317,0.00384521,0.951599,0.15213,0.15213,-0.15213,-0.0170288,-0.00808716,0,0,0,224.096
0.0276489,0.00323486,0.945984,0.15213,0.45639,-0,-0.0170288,-0.00808716,0,0,0,224.116
0.0275879,0.00579834,0.941589,-0,-0.15213,-0,-0.0170288,-0.00808716,0,0,0,224.136
0.0308228,0.000915527,0.947327,0.30426,0.30426,0.15213,-0.0170288,-0.00808716,0,0,0,224.156
0.0308228,0.0045166,0.945557,0.15213,0.15213,-0.15213,-0.0170288,-0.00808716,0,0,0,224.176
0.0300903,0.00177002,0.946228,0.15213,0.30426,-0.15213,-0.0170288,-0.00808716,0,0,0,224.196
0.0335693,0.00750732,0.948059,-0,-0.15213,0.15213,-0.0170288,-0.00808716,0,0,0,224.216
0.031311,0.00488281,0.949829,0.15213,0.30426,-0.15213,-0.0170288,-0.00808716,0,0,0,224.236
0.0289307,0.00189209,0.946167,0.15213,0.15213,-0.15213,-0.0170288,-0.00808716,0,0,0,224.256
0.0303955,0.0055542,0.946228,0.15213,-0,-0.15213,-0.0170288,-0.00808716,0,0,0,224.276
0.0284424,0.00756836,0.950562,0.15213,0.30426,-0,-0.0170288,-0.00808716,0,0,0,224.296
0.031311,0.00457764,0.945801,0.15213,0.15213,0.15213,-0.0170288,-0.00808716,0,0,0,224.316
0.031189,0.000610352,0.949585,0.15213,0.30426,0.30426,-0.0170288,-0.00808716,0,0,0,224.336
0.0284424,0.00366211,0.950317,-0,-0,-0.15213,-0.0170288,-0.00808716,0,0,0,224.356
0.0322876,0.00299072,0.94989,-0,-0.15213,0.15213,-0.0170288,-0.00808716,0,0,0,224.376
0.0286865,0.00524902,0.94635,0.30426,0.15213,-0,-0.0170288,-0.00808716,0,0,0,224.396
0.0300293,0.00238037,0.944397,0.15213,0.30426,-0.15213,-0.0170288,-0.00808716,0,0,0,224.416
0.0327148,0.00579834,0.946777,-0.15213,-0,0.30426,-0.0170288,-0.00808716,0,0,0,224.436
0.0304565,0.00335693,0.948792,-0,-0,-0,-0.0170288,-0.00808716,0,0,0,224.456
0.0308838,0.00421143,0.944031,0.45639,0.15213,-0,-0.0170288,-0.00808716,0,0,0,224.476
0.0321655,0.00701904,0.949646,0.15213,0.45639,-0.15213,-0.0170288,-0.00808716,0,0,0,224.496
0.0275269,0.00366211,0.947144,0.15213,0.45639,0.15213,-0.0170288,-0.00808716,0,0,0,224.516
0.0300293,0.00549316,0.950928,0.30426,0.30426,-0.15213,-0.0170288,-0.00808716,0,0,0,224.536
0.0307007,0.00567627,0.946899,0.15213,0.30426,0.15213,-0.0170288,-0.00808716,0,0,0,224.561
0.0284424,0.00701904,0.946899,-0,0.45639,-0,-0.0170288,-0.00808716,0,0,0,224.575
0.0316162,0.00109863,0.950195,-0,0.30426,-0,-0.0170288,-0.00808716,0,0,0,224.595
0.0296631,0.00292969,0.945129,0.15213,0.15213,-0,-0.0170288,-0.00808716,0,0,0,224.615
0.0322266,0.00561523,0.947266,0.30426,-0,-0.15213,-0.0170288,-0.00808716,0,0,0,224.635
0.0327148,0.00524902,0.950745,0.15213,0.30426,-0.15213,-0.0170288,-0.00808716,0,0,0,224.655
0.0325317,0.00402832,0.947998,-0,-0,-0,-0.0170288,-0.00808716,0,0,0,224.675
0.0301514,0.00280762,0.953552,-0.15213,-0.15213,-0,-0.0170288,-0.00808716,0,0,0,224.695
0.0311279,0.00500488,0.946594,0.15213,0.15213,0.15213,-0.0170288,-0.00808716,0,0,0,224.716
0.0354004,0.00317383,0.9505,-0,-0,-0.15213,-0.0170288,-0.00808716,0,0,0,224.736
0.0311279,0.00421143,0.949158,0.15213,0.30426,-0.15213,-0.0170288,-0.00808716,0,0,0,224.755
0.0335693,0.00341797,0.950012,0.15213,0.30426,0.15213,-0.0170288,-0.00808716,0,0,0,224.833
0.0335693,0.00341797,0.950012,0.15213,0.30426,0.15213,-0.0170288,-0.00808716,0,0,0,224.836
0.0293579,0.00384521,0.94458,-0,-0,-0.15213,-0.0170288,-0.00808716,0,0,0,224.856
0.0300293,0.00518799,0.946167,-0,-0,-0.30426,-0.0170288,-0.00808716,0,0,0,224.875
0.0321655,0.00152588,0.948425,0.15213,0.30426,-0,-0.0170288,-0.00808716,0,0,0,224.896
0.0337524,0.0043335,0.949036,-0,0.15213,0.15213,-0.0170288,-0.00808716,0,0,0,224.916
0.0285645,0.00183105,0.948853,-0,-0,-0.15213,-0.0170288,-0.00808716,0,0,0,224.936
0.0343628,0.00640869,0.94928,0.15213,0.30426,0.15213,-0.0170288,-0.00808716,0,0,0,224.956
0.0309448,0.0055542,0.949402,0.15213,0.30426,0.30426,-0.0170288,-0.00808716,0,0,0,224.976
0.0302734,0.0055542,0.948181,-0.15213,-0,0.15213,-0.0170288,-0.00808716,0,0,0,224.996
0.0330811,0.00408936,0.94519,0.15213,0.30426,-0.15213,-0.0170288,-0.00808716,0,0,0,225.016
0.0311279,0.00726318,0.950623,-0,0.15213,-0.15213,-0.0170288,-0.00808716,0,0,0,225.036
0.0342407,0.00421143,0.944031,0.15213,0.30426,-0,-0.0170288,-0.00808716,0,0,0,225.056
0.0327759,0.00195312,0.944641,0.15213,0.15213,0.15213,-0.0170288,-0.00808716,0,0,0,225.075
0.0333862,0.00469971,0.950806,-0,-0.30426,-0,-0.0170288,-0.00808716,0,0,0,225.095
0.0308228,0.00671387,0.950256,0.15213,0.30426,-0,-0.0170288,-0.00808716,0,0,0,225.116
0.0336914,0.00726318,0.950195,-0,0.15213,0.30426,-0.0170288,-0.00808716,0,0,0,225.136
0.0311279,0.00415039,0.943115,0.30426,0.15213,-0,-0.0170288,-0.00808716,0,0,0,225.156
0.0327759,0.00463867,0.94458,0.15213,0.45639,0.15213,-0.0170288,-0.00808716,0,0,0,225.176
0.0354614,-0.000427246,0.950378,-0.15213,-0,-0.15213,-0.0170288,-0.00808716,0,0,0,225.196
0.0282593,0.00616455,0.94989,0.45639,0.15213,0.15213,-0.0170288,-0.00808716,0,0,0,225.216
0.0341797,0.00274658,0.946167,-0,-0,-0.15213,-0.0170288,-0.00808716,0,0,0,225.236
0.0355225,0.00463867,0.950562,0.15213,0.30426,-0.15213,-0.0170288,-0.00808716,0,0,0,225.256
0.0307007,0.00592041,0.941162,0.15213,0.45639,-0,-0.0170288,-0.00808716,0,0,0,225.276
0.0341797,0.00634766,0.950867,-0,0.15213,0.30426,-0.0170288,-0.00808716,0,0,0,225.296
0.0303345,0.00408936,0.947998,0.15213,0.15213,0.30426,-0.0170288,-0.00808716,0,0,0,225.316
0.0308838,0.00427246,0.947449,-0,-0,-0.15213,-0.0170288,-0.00808716,0,0,0,225.336
0.0328369,0.00531006,0.948242,0.15213,0.30426,0.15213,-0.0170288,-0.00808716,0,0,0,225.356
0.0328979,0.00579834,0.950378,-0,0.15213,0.30426,-0.0170288,-0.00808716,0,0,0,225.376
0.0298462,0.00164795,0.945496,0.30426,0.15213,0.30426,-0.0170288,-0.00808716,0,0,0,225.396
0.0315552,0.00518799,0.948669,-0,-0,-0.15213,-0.0170288,-0.00808716,0,0,0,225.417
0.0319214,0.00384521,0.948608,0.15213,0.15213,0.15213,-0.0170288,-0.00808716,0,0,0,225.437
0.031189,0.00817871,0.950073,-0,-0,0.15213,-0.0170288,-0.00808716,0,0,0,225.458
0.0332642,0.0057373,0.947693,0.15213,0.45639,0.45639,-0.0170288,-0.00808716,0,0,0,225.476
0.0326538,0.00341797,0.94873,-0,0.30426,-0,-0.0170288,-0.00808716,0,0,0,225.496
0.0287476,0.00592041,0.950439,0.15213,0.15213,-0,-0.0170288,-0.00808716,0,0,0,225.516
0.0316772,0.00665283,0.949707,0.15213,0.30426,-0,-0.0170288,-0.00808716,0,0,0,225.536
0.0314941,0.00488281,0.950684,-0,-0.15213,0.15213,-0.0170288,-0.00808716,0,0,0,225.556
0.0336914,0.00524902,0.942627,0.15213,0.30426,-0.15213,-0.0170288,-0.00808716,0,0,0,225.576
0.0344238,0.00305176,0.94635,0.15213,0.15213,0.15213,-0.0170288,-0.00808716,0,0,0,225.596
0.0275879,0.00500488,0.945679,-0.30426,-0.15213,0.15213,-0.0170288,-0.00808716,0,0,0,225.617
0.0300293,0.003479,0.946594,0.30426,0.30426,-0.15213,-0.0170288,-0.00808716,0,0,0,225.636
0.0343018,0.00506592,0.947815,0.15213,0.15213,-0.45639,-0.0170288,-0.00808716,0,0,0,225.658
0.0270996,0.00524902,0.942383,-0,-0,-0,-0.0170288,-0.00808716,0,0,0,225.676
0.0310059,0.00244141,0.949463,0.15213,0.30426,0.15213,-0.0170288,-0.00808716,0,0,0,225.696
0.0314941,0.00384521,0.951538,-0.15213,-0.15213,-0.15213,-0.0170288,-0.00808716,0,0,0,225.716
0.0318604,0.00292969,0.950562,0.15213,0.30426,0.15213,-0.0170288,-0.00808716,0,0,0,225.737
0.0309448,0.00354004,0.946777,0.15213,0.30426,-0,-0.0170288,-0.00808716,0,0,0,225.758
0.0315552,0.00366211,0.950134,0.15213,0.45639,0.30426,-0.0170288,-0.00808716,0,0,0,225.777
0.0305786,0.00500488,0.943604,-0,-0,-0,-0.0170288,-0.00808716,0,0,0,225.796
0.0325317,0.00317383,0.946594,-0,-0.15213,-0,-0.0170288,-0.00808716,0,0,0,225.817
0.0328979,0.00567627,0.947876,-0.15213,0.30426,-0,-0.0170288,-0.00808716,0,0,0,225.836
0.0327759,0.00408936,0.950378,0.15213,-0,-0,-0.0170288,-0.00808716,0,0,0,225.857
0.0334473,0.00598145,0.949951,0.15213,0.15213,0.15213,-0.0170288,-0.00808716,0,0,0,225.879
0.0320435,0.00396729,0.946777,-0,-0,-0.15213,-0.0170288,-0.00808716,0,0,0,225.896
0.0301514,0.00158691,0.948425,0.15213,0.15213,-0,-0.0170288,-0.00808716,0,0,0,225.916
0.0330811,0.00439453,0.944824,0.15213,0.15213,-0,-0.0170288,-0.00808716,0,0,0,225.936
0.0292358,0.00537109,0.944824,0.30426,0.30426,-0,-0.0170288,-0.00808716,0,0,0,225.955
0.0290527,0.0022583,0.944275,0.30426,0.30426,-0.15213,-0.0170288,-0.00808716,0,0,0,225.975
0.0319824,0.0010376,0.950378,-0.15213,-0.15213,-0.15213,-0.0170288,-0.00808716,0,0,0,225.996
0.029541,0.0032959,0.955017,-0.15213,0.15213,0.15213,-0.0170288,-0.00808716,0,0,0,226.016
0.0305176,0.00292969,0.945679,-0,-0,-0.30426,-0.0170288,-0.00808716,0,0,0,226.036
0.0327148,0.00195312,0.948669,-0.15213,-0.15213,-0.15213,-0.0170288,-0.00808716,0,0,0,226.058
0.0322266,0.00317383,0.945984,0.15213,0.15213,-0.15213,-0.0170288,-0.00808716,0,0,0,226.076
0.0299683,0.00268555,0.954651,-0,-0,-0,-0.0170288,-0.00808716,0,0,0,226.097
0.0336304,0.00622559,0.944397,-0,0.15213,-0.15213,-0.0170288,-0.00808716,0,0,0,226.117
0.0309448,0.00402832,0.946838,-0.15213,-0,-0.15213,-0.0170288,-0.00808716,0,0,0,226.136
0.0328369,0.00183105,0.945007,0.15213,0.15213,-0,-0.0170288,-0.00808716,0,0,0,226.156
0.0317383,0.00646973,0.946289,0.30426,0.30426,-0,-0.0170288,-0.00808716,0,0,0,226.176
0.0327148,0.00500488,0.944519,-0,-0,-0,-0.0170288,-0.00808716,0,0,0,226.196
0.0325317,0.003479,0.947144,0.15213,0.15213,-0,-0.0170288,-0.00808716,0,0,0,226.216
0.03479,0.00274658,0.948792,-0,-0.15213,0.30426,-0.0170288,-0.00808716,0,0,0,226.236
0.0289917,0.00512695,0.942566,0.15213,0.30426,-0,-0.0170288,-0.00808716,0,0,0,226.256
0.0305786,0.00311279,0.946594,-0.15213,0.15213,0.15213,-0.0170288,-0.00808716,0,0,0,226.276
0.0307617,0.00390625,0.946594,0.15213,0.15213,-0,-0.0170288,-0.00808716,0,0,0,226.296
0.0326538,0.00427246,0.945251,0.15213,0.15213,-0,-0.0170288,-0.00808716,0,0,0,226.316
0.0314941,0.00488281,0.947632,0.30426,0.45639,0.15213,-0.0170288,-0.00808716,0,0,0,226.336
0.0338135,0.00531006,0.945557,-0,-0.15213,-0.15213,-0.0170288,-0.00808716,0,0,0,226.357
0.0299072,0.0043335,0.944214,-0,-0,-0,-0.0170288,-0.00808716,0,0,0,226.376
0.0344238,0.00311279,0.947632,-0.30426,0.30426,-0,-0.0170288,-0.00808716,0,0,0,226.396
0.0324097,0.00610352,0.948486,-0,-0.15213,-0,-0.0170288,-0.00808716,0,0,0,226.416
0.0310059,0.00140381,0.949585,0.30426,0.15213,0.15213,-0.0170288,-0.00808716,0,0,0,226.436
0.0339966,0.00445557,0.948059,0.15213,0.30426,-0.15213,-0.0170288,-0.00808716,0,0,0,226.456
0.0309448,0.003479,0.946899,-0,-0,-0.15213,-0.0170288,-0.00808716,0,0,0,226.476
0.0299072,0.00402832,0.950317,0.15213,0.15213,-0.15213,-0.0170288,-0.00808716,0,0,0,226.496
0.0341187,0.00427246,0.947998,0.15213,0.30426,-0.15213,-0.0170288,-0.00808716,0,0,0,226.516
0.0325928,0.00390625,0.947449,-0,0.15213,0.15213,-0.0170288,-0.00808716,0,0,0,226.536
