x,y,z
-1007.34,-1006.89,153.26,,,,
-1128.2,-878.16,293.64,,,,
Objects,,,,,,,
100,,,,,,,
,,Global Angle MQP_OBJ_01:MQP_OBJ_01,,,,,
Frame,Sub Frame,RX,RY,RZ,TX,TY,TZ
,,rad,rad,rad,mm,mm,mm
1,0,-0.000296496,0.000416286,0.000368976,-186.758,516.87,267.321
2,0,-0.000256644,0.000297455,0.000306733,-186.752,516.88,267.315
3,0,-0.000257153,0.000390026,0.00034778,-186.746,516.884,267.325
4,0,-0.000286935,0.000266349,0.000341754,-186.755,516.89,267.347
5,0,-0.000329249,0.000378833,0.000364347,-186.755,516.885,267.361
6,0,-0.000313302,0.000361427,0.000341603,-186.755,516.872,267.335
7,0,-0.000277979,0.000426383,0.000326219,-186.743,516.88,267.322
8,0,-0.000329956,0.000250874,0.00031721,-186.752,516.874,267.32
9,0,-0.000302486,0.000510051,0.000360432,-186.764,516.887,267.339
10,0,-0.000322978,0.00042277,0.000316149,-186.752,516.886,267.344
11,0,-0.000333589,0.000414312,0.000316817,-186.746,516.881,267.351
12,0,-0.00032647,0.000484512,0.000300493,-186.744,516.878,267.326
13,0,-0.000258564,0.000168079,0.000303696,-186.742,516.878,267.309
14,0,-0.000192846,0.000402033,0.000367923,-186.75,516.889,267.332
15,0,-0.000305683,0.000318158,0.000309713,-186.757,516.881,267.341
16,0,-0.00029483,0.000295536,0.000300884,-186.754,516.878,267.347
17,0,-0.000232367,0.000318389,0.000349768,-186.739,516.875,267.327
18,0,-0.000281797,0.000664796,0.000291192,-186.743,516.873,267.318
19,0,-0.000253931,0.000326345,-0.000316214,-186.796,516.896,267.328
20,0,-0.00030159,0.000290043,0.000339915,-186.749,516.885,267.343
21,0,-0.000280856,0.00026744,0.000347136,-186.743,516.882,267.341
22,0,-0.000314702,0.000413755,0.000295972,-186.762,516.861,267.338
23,0,-0.000239436,0.000374345,0.000303353,-186.733,516.876,267.318
24,0,-0.000271055,0.000125334,0.000304201,-186.749,516.887,267.339
25,0,-0.000245343,0.000286151,0.000326846,-186.758,516.889,267.324
26,0,-0.000237822,0.000404013,0.000295003,-186.751,516.889,267.35
27,0,-0.000219052,0.000262018,0.000288442,-186.751,516.868,267.315
28,0,-0.000341825,0.000350613,0.000324407,-186.743,516.867,267.335
29,0,-0.000285266,0.000369296,0.000313114,-186.739,516.884,267.336
30,0,-0.000294988,0.000433635,0.000258405,-186.743,516.89,267.332
31,0,-0.000315941,0.000393664,0.000334762,-186.753,516.899,267.349
32,0,-0.000208842,0.000222308,0.000265826,-186.754,516.875,267.341
33,0,-0.000215585,0.000264134,0.000348443,-186.754,516.867,267.324
34,0,-0.000304181,0.00034523,0.000293981,-186.75,516.87,267.32
35,0,-0.000272029,0.000493396,0.00024866,-186.745,516.897,267.328
36,0,-0.000301945,0.00041339,0.000287209,-186.75,516.893,267.344
37,0,-0.000244493,0.000383696,0.000413052,-186.751,516.885,267.343
38,0,-0.000373478,0.000321494,0.000264492,-186.747,516.865,267.328
39,0,-0.000255001,0.000480244,0.000347948,-186.751,516.861,267.317
40,0,-0.000234078,0.000249396,0.000356983,-186.747,516.882,267.324
41,0,-0.000256423,0.000320512,0.000338046,-186.745,516.902,267.344
42,0,-0.000243764,0.000404832,0.00038975,-186.745,516.887,267.351
43,0,-0.000308856,0.000362087,0.000373218,-186.75,516.873,267.343
44,0,-0.000343009,0.000278024,0.000251157,-186.742,516.872,267.318
45,0,-0.000377112,0.000333362,0.000315282,-186.754,516.873,267.31
46,0,-0.000246848,0.00035419,0.000323918,-186.752,516.883,267.34
47,0,-0.000210539,0.000267185,0.000329092,-186.751,516.9,267.344
48,0,-0.00037733,0.000350789,0.000311728,-186.743,516.886,267.358
49,0,-0.000298437,0.000506033,0.000393138,-186.741,516.876,267.337
50,0,-0.000261999,0.000225852,0.000310892,-186.747,516.881,267.3
51,0,-0.000284728,0.000312481,0.000400937,-186.748,516.88,267.311
52,0,-0.000155287,0.000473633,-0.000303034,-186.802,516.902,267.334
53,0,-0.00027253,0.00035054,0.000294412,-186.746,516.884,267.343
54,0,-0.000326777,0.000464807,0.000303698,-186.744,516.868,267.34
55,0,-0.000241934,0.000355595,0.000282102,-186.741,516.886,267.333
56,0,-0.000236962,0.000249922,0.000329799,-186.749,516.885,267.312
57,0,-0.000323725,0.000302261,0.00032982,-186.755,516.888,267.327
58,0,-0.000317344,0.000373888,0.000309741,-186.763,516.884,267.357
59,0,-0.000292969,0.000330232,0.000367313,-186.745,516.874,267.339
60,0,-0.000321445,0.000406208,0.000413228,-186.739,516.871,267.328
61,0,-0.000283554,0.000292266,0.000266086,-186.737,516.892,267.315
62,0,-0.000259557,0.000262526,0.000296285,-186.761,516.904,267.328
63,0,-0.000200701,0.000285494,0.000321832,-186.753,516.894,267.353
64,0,-0.000304983,0.000474659,0.000312118,-186.756,516.892,267.328
65,0,-0.000292101,0.000373921,0.000366277,-186.756,516.863,267.306
66,0,-0.000282056,0.000261534,0.000301501,-186.738,516.864,267.326
67,0,-0.000225219,0.000233183,0.000330512,-186.709,516.891,267.383
68,0,-0.000264511,0.000374767,0.000308575,-186.725,516.905,267.382
69,0,-0.000318727,0.000394114,0.000428042,-186.739,516.902,267.364
70,0,-0.000148451,0.000256357,0.000306389,-186.77,516.883,267.285
71,0,-0.00034678,0.000270301,0.000273891,-186.771,516.853,267.299
72,0,-0.000288087,0.000224668,0.000277943,-186.746,516.878,267.32
73,0,-0.00026468,0.000103314,0.000349785,-186.734,516.907,267.348
74,0,-0.000307767,0.000408677,0.000363942,-186.731,516.909,267.379
75,0,-0.000220674,0.000377115,0.000335912,-186.753,516.897,267.351
76,0,-0.000206339,0.000202545,0.000284087,-186.752,516.848,267.31
77,0,-0.000242403,0.000201643,0.000338701,-186.756,516.847,267.298
78,0,-0.000156767,0.000179027,0.000271315,-186.753,516.892,267.339
79,0,-0.000249442,0.000418837,0.000346226,-186.717,516.926,267.365
80,0,-0.000287657,0.000502527,0.000315103,-186.741,516.906,267.351
81,0,-0.000305345,0.00037468,0.000372975,-186.762,516.881,267.327
82,0,-0.000197151,0.00030314,0.000336503,-186.775,516.847,267.307
83,0,-0.000298157,0.000354024,0.000284763,-186.764,516.858,267.324
84,0,-0.000270597,0.000179498,0.000309661,-186.743,516.912,267.345
85,0,-0.000333946,0.000434514,0.000321593,-186.73,516.917,267.359
86,0,-0.000263604,0.00028882,0.000407706,-186.735,516.905,267.359
87,0,-0.000255864,0.000239657,0.000340771,-186.759,516.863,267.294
88,0,-0.000254401,0.000284444,0.000275431,-186.789,516.846,267.308
89,0,-0.000289723,0.000336425,0.000288315,-186.777,516.876,267.334
90,0,-0.000239587,0.000170028,0.000293839,-186.734,516.919,267.356
91,0,-0.000287525,0.000374339,0.00030219,-186.721,516.919,267.366
92,0,-0.000216417,0.000192086,0.000279837,-186.733,516.887,267.341
93,0,-0.000313683,0.000408515,0.00025892,-186.763,516.869,267.306
94,0,-0.000326854,0.000294001,0.00031724,-186.788,516.862,267.315
95,0,-2.01E-06,-8.15E-05,0.000241936,-186.761,516.888,267.345
96,0,-0.00181713,0.00306608,0.0010758,-186.781,516.954,267.275
97,0,-0.00161413,-0.00103826,0.00146925,-186.848,516.905,267.174
98,0,-0.00169834,-0.00113409,0.00135136,-186.846,516.872,267.186
99,0,-0.00132692,-0.00103883,0.00110702,-186.856,516.904,267.169
100,0,8.12E-05,0.000527243,0.000247687,-186.925,516.922,267.089
101,0,7.33E-05,0.000396557,0.000252408,-186.928,516.921,267.076
102,0,0.00181083,-0.00223355,-0.000693557,-186.842,516.897,267.162
103,0,0.0013998,0.00218415,-0.000855639,-186.792,516.922,267.256
104,0,0.00128496,0.00189698,-0.00086774,-186.818,516.905,267.227
105,0,0.000976179,0.00200239,-0.000564983,-186.836,516.862,267.237
106,0,0.000958833,0.00171817,-0.000547204,-186.837,516.885,267.229
107,0,0.00114295,0.00185328,-0.000624928,-186.797,516.906,267.227
108,0,0.0018957,0.00267894,-0.000420566,-186.813,517.072,267.19
109,0,-0.000171007,0.000317863,0.000365154,-186.734,516.893,267.355
110,0,7.53E-06,7.13E-05,0.000281976,-186.748,516.919,267.343
111,0,-0.000285283,0.000630818,0.000176986,-186.778,516.906,267.332
112,0,0.00104143,0.00178165,-1.49E-05,-186.83,517.026,267.219
113,0,0.00150171,0.00231104,-0.00139037,-186.845,516.903,267.207
114,0,0.00135351,0.00210799,-0.000790823,-186.79,516.868,267.236
115,0,0.00118424,0.00201295,-0.000742284,-186.817,516.867,267.259
116,0,0.00115236,0.00188283,-0.000577853,-186.811,516.89,267.254
117,0,0.00110039,0.0011981,-0.000685911,-186.833,516.912,267.233
118,0,0.00115799,0.00186039,-0.000649003,-186.831,516.913,267.218
119,0,0.00233521,-0.00991353,-0.00119611,-187.021,517.083,266.894
120,0,-0.00012034,0.000621124,0.000865694,-186.944,517.12,267.019
121,0,0.000227474,0.000337215,0.000105577,-186.945,516.92,267.066
122,0,-0.00138341,-0.000997078,0.00122597,-186.865,516.896,267.197
123,0,-0.00133402,-0.000928296,0.00121041,-186.852,516.919,267.176
124,0,-0.00139053,-0.00078527,0.00121016,-186.851,516.922,267.154
125,0,0.000169931,-0.00317856,0.000287936,-186.786,516.875,267.258
126,0,-0.000329945,0.000938895,0.000301013,-186.737,516.881,267.361
127,0,-0.000329619,0.000253118,0.000336077,-186.746,516.911,267.357
128,0,-0.000282252,0.000306544,0.000272218,-186.757,516.894,267.336
129,0,-0.000171242,0.000295927,0.000320424,-186.747,516.88,267.327
130,0,-0.000284344,0.000253383,0.000354347,-186.73,516.889,267.319
131,0,-0.000248198,0.000351204,0.00033787,-186.746,516.864,267.336
132,0,-0.000226791,0.000416324,-0.000303868,-186.798,516.89,267.332
133,0,-0.00027909,2.58E-05,0.000317986,-186.738,516.913,267.355
134,0,-0.000278874,0.000426071,0.000330938,-186.745,516.894,267.331
135,0,-0.000245091,0.000377725,0.000329757,-186.74,516.876,267.317
136,0,-0.000279179,0.000311897,0.000315932,-186.761,516.88,267.324
137,0,-0.000246711,0.000306514,0.000338899,-186.744,516.878,267.343
138,0,-0.000304005,0.000384887,0.000347825,-186.754,516.896,267.353
139,0,-0.000183673,0.000448474,0.000359421,-186.742,516.91,267.337
140,0,-0.000281184,0.000529949,0.000305793,-186.733,516.883,267.316
141,0,-0.000327677,0.000273042,0.000321335,-186.745,516.87,267.327
142,0,-0.000288542,0.000398629,0.00023352,-186.75,516.87,267.343
143,0,-0.000293471,0.000175341,0.000301474,-186.759,516.88,267.338
144,0,-0.000270735,0.000405565,0.000316538,-186.744,516.905,267.354
145,0,-0.000304692,0.000355203,0.000387502,-186.745,516.905,267.327
146,0,-0.000293244,0.000259555,0.000330824,-186.75,516.878,267.312
147,0,-0.000310211,0.000307121,0.000333834,-186.731,516.878,267.348
148,0,-0.000240707,0.000343611,0.000412544,-186.743,516.874,267.34
149,0,-0.000293966,0.000301792,0.000359,-186.745,516.886,267.348
150,0,-0.000280936,0.000337915,0.000375416,-186.753,516.898,267.331
151,0,-0.000240505,0.00022152,0.000279852,-186.751,516.899,267.319
152,0,-0.000251013,0.000267901,0.00028997,-186.75,516.875,267.332
153,0,-0.00029317,0.000113954,0.000338625,-186.746,516.874,267.339
154,0,-0.000239529,0.000216099,0.000327812,-186.737,516.885,267.369
155,0,-0.000280933,0.00034938,0.000260496,-186.742,516.877,267.335
156,0,-0.000275009,0.00029569,0.000333162,-186.743,516.9,267.327
157,0,-0.000304306,0.000297247,0.000355335,-186.753,516.893,267.322
158,0,-0.000254634,0.000296388,0.000336488,-186.757,516.884,267.331
159,0,-0.000274774,0.000295712,0.000360239,-186.748,516.879,267.352
160,0,-0.000317731,0.000186773,0.000365807,-186.737,516.878,267.346
161,0,-0.000327335,0.000463267,0.000332226,-186.739,516.881,267.336
162,0,-0.000258428,0.000449222,0.000283969,-186.749,516.895,267.323
163,0,-0.000246547,0.000214923,0.000323226,-186.753,516.892,267.335
164,0,-0.000249542,0.000354232,0.000369479,-186.761,516.885,267.329
165,0,-0.000264945,0.000285765,0.000386227,-186.743,516.878,267.348
166,0,-0.000233008,0.000469223,0.000348935,-186.721,516.884,267.339
167,0,-0.000268785,0.000253501,0.000301634,-186.742,516.888,267.326
168,0,-0.000244426,0.000400863,0.000315918,-186.749,516.894,267.334
169,0,-0.000304207,0.000383186,0.000337645,-186.766,516.901,267.33
170,0,-0.000285208,0.000345756,0.000310534,-186.768,516.884,267.328
171,0,-0.000280799,0.000316369,0.000280649,-186.743,516.892,267.347
172,0,-0.000216534,0.000342741,0.000403463,-186.723,516.891,267.333
173,0,-0.000310569,0.000440178,0.000359629,-186.745,516.887,267.333
174,0,-0.000264551,0.000414316,0.000288766,-186.757,516.886,267.34
175,0,-0.00030842,0.000297858,0.000317301,-186.763,516.89,267.325
176,0,-0.000237414,0.000280094,0.00033407,-186.761,516.881,267.338
177,0,-0.000306247,0.00053858,0.000344912,-186.744,516.885,267.339
178,0,-0.00024139,0.000305798,0.000328729,-186.727,516.894,267.331
179,0,-0.000333571,0.0004043,0.000327297,-186.742,516.881,267.351
180,0,-0.000226444,0.000257149,0.000390166,-186.756,516.878,267.341
181,0,-0.000251409,0.000460368,0.000305335,-186.755,516.892,267.33
182,0,-0.000322157,0.000529691,0.000321751,-186.758,516.887,267.321
183,0,-0.000282742,0.000412951,0.00041415,-186.748,516.893,267.32
184,0,-0.000272337,0.000303075,0.000240473,-186.741,516.89,267.327
185,0,-0.000314436,0.000384755,0.000355299,-186.743,516.886,267.354
186,0,-0.000303584,0.000346207,0.000339919,-186.749,516.875,267.344
187,0,-3.60E-05,-0.000113364,0.000269693,-186.744,516.869,267.336
188,0,-0.00167245,0.00273379,0.000938491,-186.797,516.921,267.249
189,0,-0.0013328,-0.00117186,0.00121109,-186.859,516.912,267.158
190,0,-0.00161689,-0.000955859,0.00135958,-186.848,516.902,267.191
191,0,-0.0016316,-0.001021,0.00122868,-186.846,516.85,267.213
192,0,0.000114111,0.00046574,0.000219693,-186.919,516.924,267.06
193,0,0.00159584,-0.00174639,-0.000490541,-186.865,516.893,267.153
194,0,0.00104068,0.00217805,-0.000708486,-186.816,516.906,267.217
195,0,0.00121091,0.00174453,-0.000651977,-186.807,516.899,267.227
196,0,-0.000351179,0.000406864,0.000391219,-186.742,516.89,267.356
197,0,-0.000291189,0.000383369,0.000293122,-186.746,516.871,267.349
198,0,-0.000237351,0.00042003,0.000209572,-186.738,516.881,267.338
199,0,-0.000257022,0.000257222,0.000395292,-186.746,516.886,267.312
200,0,-0.000307538,0.000365226,0.000377732,-186.767,516.895,267.326
201,0,-0.000284971,0.000416122,0.000336072,-186.748,516.905,267.333
202,0,-0.000262639,0.000265069,0.000374971,-186.748,516.874,267.344
203,0,-0.000287268,0.000442301,0.0002918,-186.734,516.869,267.363
204,0,-0.000195029,0.00040946,0.000366599,-186.734,516.873,267.336
205,0,-0.000291046,0.00026801,0.000304228,-186.754,516.899,267.31
206,0,-0.000279818,0.000386163,0.000337939,-186.763,516.898,267.322
207,0,-0.000272154,0.000387567,0.000298101,-186.761,516.892,267.334
208,0,-0.000325862,0.000288451,0.000292563,-186.735,516.884,267.35
209,0,-0.000332345,0.000412751,0.000310809,-186.738,516.877,267.345
210,0,-0.000201566,0.000308273,0.000297726,-186.74,516.89,267.321
211,0,-0.000266101,0.000276002,0.000327589,-186.753,516.895,267.321
212,0,-0.000313965,0.000299445,0.000298765,-186.757,516.895,267.323
213,0,-0.000301981,0.000294531,0.000289883,-186.747,516.871,267.347
214,0,-0.000275659,0.000314071,0.000335689,-186.731,516.87,267.351
215,0,-0.000324005,0.000330469,0.000279734,-186.724,516.892,267.331
216,0,-0.000319409,0.000484673,0.000323156,-186.739,516.886,267.321
217,0,-0.000258525,0.000252127,0.000295393,-186.762,516.888,267.331
218,0,-0.000325899,0.000318934,0.000322955,-186.756,516.887,267.327
219,0,-0.000173431,0.000381275,-0.000240962,-186.791,516.881,267.324
220,0,-0.000372129,0.000410105,0.000297737,-186.743,516.87,267.344
221,0,-0.000274483,0.000402417,0.00033438,-186.728,516.897,267.31
222,0,-0.000263249,0.0004319,0.000340361,-186.748,516.903,267.329
223,0,-0.000272182,0.000263322,0.000327888,-186.759,516.877,267.339
224,0,-0.000265804,0.000245339,0.000334891,-186.747,516.878,267.327
225,0,-0.000336781,0.000364646,0.0003161,-186.741,516.874,267.338
226,0,-0.00023236,0.00031839,0.000323266,-186.735,516.877,267.335
227,0,0.000106781,0.000732661,0.000230203,-186.762,516.927,267.305
228,0,0.0011446,0.00173927,-0.000617938,-186.809,516.888,267.252
229,0,-0.000257902,0.000242854,0.00034699,-186.752,516.887,267.331
230,0,0.00413943,-0.00676427,-0.00185217,-186.592,516.835,267.576
231,0,0.00104327,-0.0156543,2.42E-05,-186.988,517.008,266.961
232,0,-0.000259724,0.000177803,0.00033992,-186.743,516.902,267.33
233,0,-0.000299997,0.000292191,0.00024259,-186.746,516.898,267.34
234,0,-0.000304637,0.000382705,0.000311005,-186.758,516.885,267.354
235,0,-0.000315388,0.000327734,0.000258102,-186.745,516.878,267.335
236,0,-0.000328305,0.000283586,0.000307905,-186.743,516.865,267.316
237,0,-0.000245437,0.000187008,0.000298497,-186.763,516.878,267.334
238,0,-0.00029716,0.000374609,0.000353316,-186.758,516.893,267.333
239,0,-0.000264754,0.000355253,0.000289656,-186.755,516.882,267.342
240,0,-0.000255321,0.000339112,0.000257692,-186.768,516.862,267.345
241,0,-0.000324809,0.000188197,0.00036869,-186.739,516.862,267.34
242,0,-0.000314524,0.00018131,0.000315821,-186.741,516.875,267.312
243,0,-0.000229975,0.000353102,0.000311125,-186.767,516.89,267.331
244,0,-0.00027949,0.000417035,0.000379306,-186.735,516.899,267.351
245,0,-0.000294858,0.000266268,0.000298815,-186.742,516.894,267.353
246,0,-0.000213546,0.000354882,0.000272818,-186.749,516.879,267.338
247,0,-0.000276142,0.000342898,0.00030264,-186.736,516.873,267.337
248,0,-0.000355373,0.000376476,0.000314057,-186.764,516.9,267.311
249,0,-0.000238278,0.000211439,0.000307315,-186.764,516.896,267.318
250,0,-0.000329909,0.000249722,0.000357767,-186.749,516.88,267.362
251,0,-0.000325512,0.000363513,0.000288401,-186.735,516.878,267.349
252,0,-0.000276668,0.000287051,0.000350805,-186.728,516.877,267.34
253,0,-0.00023134,0.000215054,0.000287791,-186.75,516.888,267.334
254,0,-0.000194446,0.000359533,-0.000332097,-186.815,516.897,267.304
255,0,-0.000257489,0.000250278,0.000317803,-186.754,516.893,267.322
256,0,-0.000201839,0.00029372,0.00031867,-186.737,516.882,267.347
257,0,-0.000261713,0.000387491,0.000359741,-186.732,516.872,267.351
258,0,-0.000286835,0.00021906,0.000338197,-186.738,516.888,267.323
259,0,-0.000231821,0.000372518,0.000296929,-186.764,516.88,267.334
260,0,-0.000295361,0.000284892,0.00033657,-186.769,516.903,267.325
261,0,-0.000300352,0.000291674,0.000317892,-186.755,516.879,267.337
262,0,-0.000265779,0.000272225,0.000287084,-186.73,516.882,267.342
263,0,-0.000176504,0.00043932,0.000352103,-186.724,516.885,267.339
264,0,-0.000280115,0.000425381,0.000363465,-186.751,516.885,267.328
265,0,-0.000273296,0.000390655,0.00034882,-186.771,516.883,267.335
266,0,-0.000260413,0.000455716,0.000412794,-186.762,516.883,267.335
267,0,-0.00028756,0.000370801,0.000297355,-186.754,516.875,267.32
268,0,-0.000279311,0.000614616,0.000372296,-186.732,516.882,267.338
269,0,-0.000310731,0.000391314,0.000340806,-186.736,516.898,267.319
270,0,-0.000289031,0.000371199,0.000334341,-186.756,516.889,267.346
271,0,-0.000277951,0.00045926,0.000328052,-186.773,516.88,267.337
272,0,-0.000282274,0.000305157,0.000319655,-186.763,516.878,267.33
273,0,-0.00025741,0.000284931,0.000364621,-186.738,516.87,267.325
274,0,-0.000255015,0.000384603,0.000372374,-186.737,516.882,267.33
275,0,-0.00027509,0.000206775,0.000316848,-186.736,516.903,267.347
276,0,-0.000313763,0.000454768,0.00030755,-186.754,516.895,267.333
277,0,-0.00028577,0.000339577,0.000312243,-186.769,516.881,267.333
278,0,-0.000302303,0.000444057,0.00036826,-186.742,516.872,267.324
279,0,-0.000259985,0.000397207,0.000367228,-186.721,516.892,267.331
280,0,-0.000304056,0.00036788,0.000364447,-186.724,516.892,267.366
281,0,-0.000282092,0.000287038,0.000311119,-186.737,516.9,267.353
282,0,-0.000250688,0.000322118,0.000363332,-186.758,516.882,267.334
283,0,-0.000341767,0.000279461,0.000345385,-186.759,516.864,267.31
284,0,-0.000241307,0.00044375,0.000379758,-186.746,516.872,267.312
285,0,-0.00024712,0.000118126,0.000356486,-186.729,516.896,267.333
286,0,-0.000334427,0.000377965,0.000384759,-186.737,516.907,267.359
287,0,-0.000312173,0.000256214,0.000354825,-186.748,516.891,267.361
288,0,-0.000253672,0.000383649,0.000366964,-186.756,516.867,267.32
289,0,-0.000254687,0.000209249,0.00036369,-186.748,516.862,267.31
290,0,-0.000237569,0.000390033,0.000346081,-186.731,516.891,267.324
291,0,-0.000273736,0.000164112,0.000364083,-186.732,516.906,267.338
292,0,-0.00035055,0.000489354,0.000407547,-186.742,516.908,267.35
293,0,-0.000253637,0.000543679,0.000382388,-186.754,516.881,267.345
294,0,-0.000168886,0.000294141,0.000322902,-186.751,516.865,267.321
295,0,-0.00023188,0.00031237,0.000378858,-186.742,516.873,267.312
296,0,-0.000241233,0.000170316,0.000395303,-186.732,516.898,267.334
297,0,-0.000259411,0.000341511,0.000392723,-186.741,516.917,267.345
298,0,-0.000273703,0.000369479,0.000392231,-186.744,516.893,267.353
299,0,-0.000264171,0.000377041,0.000332872,-186.745,516.87,267.339
300,0,-0.000345208,0.000495815,0.000339562,-186.744,516.867,267.32
301,0,-0.000279436,0.000238705,0.000305855,-186.749,516.877,267.309
302,0,-0.000272635,0.000324303,0.000421196,-186.743,516.904,267.35
303,0,-0.000338201,0.000331466,0.000324645,-186.737,516.906,267.358
304,0,-0.000247984,0.000274518,0.00026517,-186.754,516.883,267.338
305,0,-0.000265237,0.000286798,0.000378189,-186.747,516.872,267.328
306,0,-0.000265512,0.000381624,0.000319168,-186.733,516.857,267.314
307,0,-0.000268766,0.000352633,0.000279421,-186.753,516.862,267.317
308,0,-0.000231287,0.000236279,0.000269026,-186.72,516.859,267.367
309,0,-0.000280244,0.000264181,0.000331727,-186.727,516.814,267.363
310,0,-0.000283064,0.000242731,0.000267731,-186.747,516.765,267.311
311,0,-0.000298464,0.000126181,0.000340951,-186.734,516.754,267.315
312,0,-0.000337781,0.000238723,0.000345338,-186.743,516.733,267.321
313,0,-0.000353246,0.00015195,0.000254914,-186.731,516.688,267.345
314,0,-0.000398101,0.000262778,0.00013176,-186.718,516.622,267.358
315,0,-0.000365375,0.000342257,0.000102157,-186.701,516.494,267.344
316,0,-0.000353245,4.46E-05,0.00010215,-186.692,516.374,267.325
317,0,-0.000538994,4.94E-05,-4.06E-05,-186.667,516.216,267.318
318,0,-0.000535654,0.000256102,-0.000147918,-186.655,515.984,267.308
319,0,-0.000753847,0.000353591,-0.000615626,-186.643,515.582,267.331
320,0,-0.000668506,0.000892679,-0.000795772,-186.599,515.026,267.355
321,0,-0.00100229,0.00161104,-0.000914289,-186.607,514.331,267.328
322,0,-0.000320501,0.00117905,-0.00101965,-186.598,513.493,267.318
323,0,-0.000854864,0.00127907,-0.00136698,-186.603,512.559,267.298
324,0,-0.000891256,0.00123963,-0.0020034,-186.622,511.439,267.334
325,0,-0.000987543,0.00128281,-0.00271734,-186.686,510.173,267.419
326,0,-0.00103354,0.000560204,-0.00353901,-186.784,508.786,267.486
327,0,-0.00126468,0.000562752,-0.00380382,-186.83,507.266,267.472
328,0,-0.00114128,0.00122308,-0.00381881,-186.97,505.553,267.487
329,0,-0.0012406,0.000426917,-0.00438518,-187.072,503.694,267.528
330,0,-0.00073673,8.29E-05,-0.00471307,-187.094,501.556,267.516
331,0,-0.000648614,0.000436788,-0.00639897,-187.177,499.292,267.36
332,0,9.84E-05,0.00169752,-0.0064057,-187.098,496.878,267.345
333,0,-7.18E-05,0.000768864,-0.00737591,-187.069,494.355,267.357
334,0,-0.000510142,0.000808033,-0.00634551,-186.839,491.622,267.397
335,0,-0.000430326,0.00201354,-0.00636149,-186.784,488.641,267.464
336,0,-0.0015024,0.000319002,-0.00710296,-186.673,485.509,267.536
337,0,-0.00192143,0.00255367,-0.00790259,-186.436,482.069,267.585
338,0,-0.00286677,0.000289889,-0.00802723,-186.291,478.335,267.769
339,0,-0.00313918,-0.000809281,-0.00964385,-186.087,474.329,267.953
340,0,-0.00347684,0.000390455,-0.0102371,-185.796,470.058,268.016
341,0,-0.00385051,-0.00135529,-0.0111854,-185.684,465.428,268.004
342,0,-0.0031893,-0.00110119,-0.0133272,-185.502,460.507,267.853
343,0,-0.00296731,-0.00064674,-0.0137853,-185.277,455.275,267.633
344,0,-0.00191616,-7.71E-05,-0.0158707,-185.181,449.731,267.455
345,0,-0.00185079,0.000813529,-0.0180745,-185.103,444.013,267.427
346,0,-0.00209057,0.000123425,-0.0216728,-185.061,438.062,267.712
347,0,-0.0030737,-4.63E-05,-0.0245081,-185.162,431.744,267.861
348,0,-0.00322599,-0.000687441,-0.0279549,-185.303,425.244,268.007
349,0,-0.00438452,-0.000664654,-0.0319894,-185.409,418.491,268.188
350,0,-0.00472385,-0.00083478,-0.0366018,-185.718,411.442,268.175
351,0,-0.00515357,-4.63E-05,-0.0415624,-186.07,404.043,268.063
352,0,-0.00415638,0.000453406,-0.0463089,-186.406,396.303,268.133
353,0,-0.00415763,0.000367329,-0.0517525,-186.873,388.332,267.92
354,0,-0.00387221,0.000746376,-0.0577987,-187.708,380.202,267.94
355,0,-0.00473499,0.000412055,-0.064073,-188.38,371.833,268.162
356,0,-0.00424652,0.000888485,-0.0685937,-189.343,363.233,268.248
357,0,-0.00547672,-0.00104253,-0.0753345,-190.487,354.528,268.378
358,0,-0.00406082,0.00047156,-0.0818693,-191.496,345.644,268.585
359,0,-0.00631871,-0.000175818,-0.0879972,-192.79,336.607,268.728
360,0,-0.00424405,0.000192404,-0.0946184,-194.183,327.375,268.704
361,0,-0.00602342,-0.000557819,-0.101521,-195.744,318.026,268.997
362,0,-0.00437045,0.000395968,-0.107978,-197.421,308.559,269.022
363,0,-0.00711728,-0.00136435,-0.115495,-199.207,298.961,269.239
364,0,-0.00536942,0.000609713,-0.122593,-201.206,289.239,269.293
365,0,-0.00806007,-0.00159795,-0.130006,-203.221,279.427,269.35
366,0,-0.00592196,-0.000794658,-0.137503,-205.397,269.473,269.439
367,0,-0.00834327,-0.000574008,-0.145436,-207.733,259.449,269.428
368,0,-0.00724432,0.0025518,-0.152831,-210.131,249.351,269.484
369,0,-0.00992403,-0.000611543,-0.161707,-212.708,239.232,269.612
370,0,-0.00912499,-0.00020169,-0.169614,-215.364,229.023,269.737
371,0,-0.0115807,-0.000219879,-0.177773,-218.229,218.766,269.693
372,0,-0.0102178,0.00055428,-0.185817,-221.063,208.386,269.804
373,0,-0.0115895,-2.45E-05,-0.194195,-224.093,197.998,269.846
374,0,-0.0113354,0.00100353,-0.203049,-227.364,187.526,269.895
375,0,-0.0128379,0.00236562,-0.21146,-230.54,177.093,270.004
376,0,-0.0103524,-0.00376388,-0.219395,-234.065,166.618,270.522
377,0,-0.0129754,0.00249631,-0.227701,-237.498,156.266,270.267
378,0,-0.0138709,0.000432914,-0.237088,-241.1,145.745,270.329
379,0,-0.0128758,0.00256308,-0.244855,-244.967,135.284,270.334
380,0,-0.0134828,0.00526577,-0.2527,-248.757,125.026,270.184
381,0,-0.0138963,0.00525677,-0.259889,-252.819,114.884,270.372
382,0,-0.0140672,0.00284895,-0.266913,-256.777,104.908,270.525
383,0,-0.0141796,0.00325742,-0.274163,-260.863,95.0595,270.511
384,0,-0.0149932,0.00155948,-0.280479,-265.041,85.478,270.592
385,0,-0.0142595,0.00278532,-0.286582,-268.989,76.0417,270.509
386,0,-0.0146103,0.00387167,-0.292916,-273.04,66.7967,270.511
387,0,-0.0134988,0.00388821,-0.298728,-276.897,57.6172,270.498
388,0,-0.0140007,0.00359338,-0.30396,-280.78,48.6686,270.634
389,0,-0.0151138,0.0039554,-0.307937,-284.385,39.9531,270.624
390,0,-0.0156427,0.00240042,-0.312399,-287.919,31.5605,270.728
391,0,-0.0146239,0.00424998,-0.316732,-291.269,23.3793,270.727
392,0,-0.0151834,0.0043467,-0.319628,-294.401,15.3733,270.777
393,0,-0.0153616,0.00336321,-0.323234,-297.431,7.54345,270.803
394,0,-0.01524,0.00359628,-0.326378,-300.349,-0.210284,270.955
395,0,-0.0156705,0.0021025,-0.328529,-303.164,-7.93498,271.008
396,0,-0.0148576,0.00346753,-0.330912,-305.888,-15.4492,270.989
397,0,-0.0152479,0.00207587,-0.333259,-308.524,-22.8242,270.954
398,0,-0.0155289,0.00342258,-0.334715,-311.091,-30.0361,271.069
399,0,-0.015174,0.00318056,-0.335469,-313.462,-37.2138,271.11
400,0,-0.0162954,0.00115002,-0.337387,-315.697,-44.1781,271.296
401,0,-0.0156312,0.00239004,-0.337593,-317.921,-51.2067,271.384
402,0,-0.0160155,0.00310604,-0.338363,-320.058,-58.017,271.349
403,0,-0.0162301,0.00144343,-0.339264,-321.976,-64.7153,271.48
404,0,-0.0158954,0.00325197,-0.339082,-323.875,-71.3391,271.577
405,0,-0.0160613,0.00250299,-0.338797,-325.667,-77.8786,271.5
406,0,-0.0159177,0.00294428,-0.339454,-327.329,-84.4127,271.537
407,0,-0.0156463,0.00222887,-0.338579,-329.106,-90.8251,271.742
408,0,-0.0159282,0.00463251,-0.338858,-330.881,-97.2089,271.639
409,0,-0.0161855,0.00211688,-0.338966,-332.586,-103.488,271.754
410,0,-0.0149859,0.0028783,-0.33883,-334.35,-109.691,271.876
411,0,-0.0166905,0.00389609,-0.339452,-336.084,-115.812,271.901
412,0,-0.0163114,0.00264993,-0.339275,-337.689,-121.907,271.985
413,0,-0.0159971,0.00226624,-0.339098,-339.436,-127.932,272.187
414,0,-0.0172677,0.00288395,-0.339429,-341.187,-133.858,272.151
415,0,-0.0158394,0.00179978,-0.339351,-342.8,-139.747,272.158
416,0,-0.0161187,0.00233891,-0.339153,-344.345,-145.566,272.267
417,0,-0.0158476,0.00238113,-0.338849,-346.037,-151.32,272.166
418,0,-0.0163888,0.00231042,-0.339073,-347.537,-156.874,272.287
419,0,-0.0160933,0.00242879,-0.339292,-349.053,-162.317,272.416
420,0,-0.0163074,0.00221518,-0.339063,-350.588,-167.687,272.43
421,0,-0.0154492,0.00141893,-0.338759,-352.171,-173.08,272.495
422,0,-0.0162004,0.00196804,-0.338867,-353.6,-178.369,272.489
423,0,-0.0165998,0.00151991,-0.339132,-355.065,-183.551,272.619
424,0,-0.0159437,0.0018912,-0.339247,-356.556,-188.668,272.76
425,0,-0.0160466,0.00249493,-0.339116,-358.052,-193.751,272.831
426,0,-0.0167074,0.00100693,-0.339695,-359.482,-198.733,272.963
427,0,-0.0169445,0.000688311,-0.339161,-360.96,-203.675,272.947
428,0,-0.0167881,0.00076165,-0.338932,-362.32,-208.566,273.081
429,0,-0.0159967,0.00193615,-0.339618,-363.73,-213.397,273.161
430,0,-0.0165554,0.000744723,-0.339804,-365.092,-218.117,273.21
431,0,-0.0156092,0.000289991,-0.338933,-366.303,-222.687,273.253
432,0,-0.0163139,0.000506204,-0.339008,-367.553,-227.271,273.371
433,0,-0.016156,-0.000229338,-0.339633,-368.831,-231.695,273.452
434,0,-0.0162491,1.01E-05,-0.339106,-370.066,-236.143,273.469
435,0,-0.0159501,-0.000586794,-0.339633,-371.318,-240.447,273.445
436,0,-0.015768,-0.000691442,-0.339953,-372.473,-244.627,273.542
437,0,-0.0160101,8.39E-05,-0.339291,-373.558,-248.776,273.629
438,0,-0.0162977,-0.000278144,-0.33942,-374.717,-252.819,273.699
439,0,-0.0155702,-0.0006419,-0.339665,-375.877,-256.865,273.743
440,0,-0.0156367,0.000236346,-0.33905,-376.993,-260.8,273.711
441,0,-0.0167027,-2.58E-05,-0.339492,-378.268,-264.697,273.818
442,0,-0.0166419,-0.00061761,-0.33912,-379.302,-268.557,273.919
443,0,-0.01619,-0.000756244,-0.339039,-380.408,-272.421,274.014
444,0,-0.0160638,-0.00199177,-0.339728,-381.456,-276.257,274.095
445,0,-0.0162847,-0.00148889,-0.339561,-382.509,-280.041,274.173
446,0,-0.0164125,-0.00147331,-0.339422,-383.557,-283.752,274.256
447,0,-0.0160788,-0.00189276,-0.338949,-384.617,-287.452,274.332
448,0,-0.0157805,-0.0014253,-0.338779,-385.745,-291.132,274.299
449,0,-0.0156733,4.03E-05,-0.339357,-386.739,-294.818,274.381
450,0,-0.0158973,-0.000332961,-0.338838,-387.723,-298.441,274.489
451,0,-0.0150514,-0.00262069,-0.338209,-388.668,-301.873,274.493
452,0,-0.0150147,-0.00189956,-0.337255,-389.432,-305.233,274.621
453,0,-0.0148604,-0.00144261,-0.336134,-390.155,-308.584,274.716
454,0,-0.0158903,-0.000450033,-0.334109,-390.716,-311.901,274.73
455,0,-0.0153486,-0.000135789,-0.331474,-391.103,-315.258,274.814
456,0,-0.015274,-0.00152062,-0.328391,-391.353,-318.613,274.83
457,0,-0.0149849,-0.000837889,-0.324951,-391.593,-321.963,274.858
458,0,-0.0145777,-0.00111974,-0.321273,-391.651,-325.414,274.891
459,0,-0.0150504,-0.00121914,-0.317686,-391.527,-328.931,274.922
460,0,-0.0149737,-0.000548773,-0.31333,-391.254,-332.464,274.995
461,0,-0.0146237,-0.000596653,-0.308285,-390.84,-335.996,274.986
462,0,-0.0146726,-0.000966326,-0.302411,-390.335,-339.58,274.906
463,0,-0.0146417,-0.000587387,-0.297289,-389.689,-343.31,275.007
464,0,-0.0147953,0.000393219,-0.2909,-388.943,-346.99,275.051
465,0,-0.0142947,-0.000993794,-0.284619,-388.122,-350.778,275.078
466,0,-0.0142646,0.00120642,-0.277067,-387.075,-354.699,275.095
467,0,-0.0133352,0.000363006,-0.270401,-386.062,-358.544,275.057
468,0,-0.0130673,-0.00070661,-0.26314,-384.816,-362.469,275.034
469,0,-0.0129016,0.00139752,-0.254667,-383.476,-366.443,274.959
470,0,-0.0128859,0.00165987,-0.247566,-382.174,-370.27,275.038
471,0,-0.012239,0.000976583,-0.239225,-380.711,-374.066,274.993
472,0,-0.0126525,0.00249021,-0.22976,-379.264,-377.865,275.056
473,0,-0.011603,0.00189566,-0.220543,-377.72,-381.623,275.126
474,0,-0.0119014,0.00123,-0.211198,-376.08,-385.292,275.081
475,0,-0.0118247,0.00244098,-0.201597,-374.472,-388.994,275.177
476,0,-0.0118331,0.00123692,-0.191211,-372.812,-392.604,275.19
477,0,-0.0116358,0.000986271,-0.180747,-371.039,-396.233,275.261
478,0,-0.0118276,0.00089464,-0.170205,-369.168,-399.902,275.354
479,0,-0.0118317,0.00136297,-0.15896,-367.35,-403.468,275.383
480,0,-0.0110205,0.00123479,-0.148065,-365.352,-407.136,275.336
481,0,-0.0106741,0.00134586,-0.136608,-363.382,-410.758,275.275
482,0,-0.00994022,-0.00106124,-0.125293,-361.232,-414.369,275.356
483,0,-0.0103926,0.000268256,-0.11361,-358.967,-418.02,275.318
484,0,-0.00960269,0.00016779,-0.101778,-356.654,-421.69,275.395
485,0,-0.00974712,0.000483651,-0.0899312,-354.108,-425.442,275.427
486,0,-0.00954919,0.000147769,-0.0780201,-351.569,-429.193,275.37
487,0,-0.00925021,0.000466679,-0.0657882,-348.846,-432.826,275.437
488,0,-0.00935042,-0.000582347,-0.0539353,-345.999,-436.445,275.496
489,0,-0.00885788,-4.74E-05,-0.0426014,-343.093,-440.178,275.446
490,0,-0.00951414,-0.00133214,-0.0301912,-340.089,-443.865,275.468
491,0,-0.00906042,0.000299769,-0.0184143,-336.812,-447.613,275.507
492,0,-0.00939145,-0.000186443,-0.00681497,-333.585,-451.354,275.544
493,0,-0.0090552,0.000223174,0.00527783,-330.105,-455.118,275.469
494,0,-0.00888459,0.000305799,0.0166453,-326.702,-458.807,275.517
495,0,-0.0074977,-0.000322152,0.0288559,-323.193,-462.429,275.397
496,0,-0.00767744,0.000218163,0.0416515,-319.499,-466.104,275.193
497,0,-0.0061033,-0.000211443,0.054383,-315.704,-469.708,275.2
498,0,-0.00742644,-0.000951743,0.0666047,-311.884,-473.193,275.171
499,0,-0.00638717,0.000331164,0.0787149,-307.904,-476.488,275.088
500,0,-0.00719861,-0.000564113,0.0914067,-303.895,-479.857,275.106
501,0,-0.00607147,0.000621602,0.103877,-299.842,-483.064,275.12
502,0,-0.00676139,0.000162756,0.116772,-295.684,-486.25,275.112
503,0,-0.00560656,0.00191529,0.129635,-291.438,-489.341,275.038
504,0,-0.00595445,0.000804064,0.143011,-287.33,-492.343,274.916
505,0,-0.00447992,0.000725748,0.156158,-283.112,-495.286,274.823
506,0,-0.00523071,0.00199301,0.169512,-278.737,-498.017,274.824
507,0,-0.00441608,0.00147803,0.183751,-274.378,-500.729,274.789
508,0,-0.00432058,0.00148383,0.197303,-270.088,-503.218,274.708
509,0,-0.00373026,0.00014723,0.21147,-265.822,-505.626,274.624
510,0,-0.00433769,0.000854238,0.225248,-261.62,-507.834,274.428
511,0,-0.00248271,0.0017576,0.239749,-257.457,-509.966,274.435
512,0,-0.00360741,0.000653372,0.254691,-253.034,-511.959,274.402
513,0,-0.00271506,0.000520656,0.269257,-248.763,-513.722,274.35
514,0,-0.00299311,0.00253137,0.284619,-244.493,-515.345,274.327
515,0,-0.002286,0.000635183,0.299402,-240.242,-516.866,274.192
516,0,-0.00141786,0.00185889,0.314836,-235.989,-518.251,274.089
517,0,-0.00118743,-0.000217379,0.329456,-231.736,-519.541,274.046
518,0,-0.00129816,0.00189531,0.343413,-227.381,-520.843,273.987
519,0,-0.000635543,0.000495112,0.357959,-223.044,-522.136,273.844
520,0,-0.000363019,0.000963573,0.371431,-218.645,-523.412,273.774
521,0,4.34E-05,0.00112452,0.384524,-214.131,-524.705,273.643
522,0,0.000615995,0.00117213,0.39768,-209.503,-525.986,273.569
523,0,0.000842271,0.000893307,0.410072,-204.827,-527.219,273.395
524,0,0.0010807,0.000189082,0.421185,-200.056,-528.552,273.303
525,0,0.00180918,-0.000818718,0.433495,-195.12,-529.762,273.151
526,0,0.00133838,0.000400264,0.44466,-190.12,-531.029,273.083
527,0,0.00214269,0.000165565,0.456317,-185.038,-532.287,272.961
528,0,0.0021534,0.000827943,0.467149,-179.906,-533.598,272.917
529,0,0.00202923,0.00144477,0.477963,-174.767,-534.929,272.763
530,0,0.00253861,0.00108842,0.487977,-169.685,-536.313,272.654
531,0,0.00232248,0.00191115,0.498887,-164.563,-537.748,272.544
532,0,0.00325652,0.00160185,0.509321,-159.488,-539.212,272.387
533,0,0.00345361,0.00134488,0.51974,-154.435,-540.776,272.337
534,0,0.00349522,0.00279632,0.530729,-149.345,-542.26,272.196
535,0,0.00366358,0.00126559,0.540467,-144.327,-543.81,272.13
536,0,0.00315794,0.00308877,0.550299,-139.253,-545.286,272.047
537,0,0.00364456,0.00189811,0.560357,-134.205,-546.81,271.953
538,0,0.00369776,0.00240394,0.570593,-129.026,-548.398,271.955
539,0,0.00394611,0.00104337,0.580022,-123.852,-550.013,271.83
540,0,0.00369347,0.00247592,0.589434,-118.641,-551.644,271.776
541,0,0.00344838,0.000751431,0.598317,-113.488,-553.413,271.675
542,0,0.00342999,0.00340093,0.607237,-108.341,-555.031,271.521
543,0,0.00267742,0.00268059,0.61661,-103.121,-556.864,271.531
544,0,0.00394974,0.00204927,0.625938,-97.9209,-558.536,271.439
545,0,0.00338318,0.00122003,0.63455,-92.6956,-560.262,271.309
546,0,0.00376931,0.00199389,0.643521,-87.3211,-562.123,271.242
547,0,0.00393736,0.000586247,0.652171,-82.1004,-563.902,271.14
548,0,0.00289496,0.00363843,0.660316,-76.7916,-565.715,271.051
549,0,0.00385025,0.00246777,0.668462,-71.5293,-567.676,270.996
550,0,0.00322702,0.00218589,0.676445,-66.2402,-569.628,270.934
551,0,0.00367216,0.00161193,0.684985,-60.9502,-571.557,270.856
552,0,0.00349446,0.00108023,0.693039,-55.5465,-573.575,270.778
553,0,0.00375337,0.00366278,0.700746,-50.0244,-575.638,270.653
554,0,0.00398763,0.00206493,0.708113,-44.5895,-577.747,270.604
555,0,0.00315446,0.00278199,0.715463,-38.9952,-579.845,270.581
556,0,0.00302449,0.00189471,0.723293,-33.4942,-581.986,270.478
557,0,0.00389788,0.00184842,0.730193,-27.9573,-584.169,270.466
558,0,0.00305516,0.00361521,0.737849,-22.3422,-586.363,270.383
559,0,0.00301694,0.00163191,0.745275,-16.7467,-588.566,270.309
560,0,0.00338513,0.00161478,0.751969,-11.1076,-590.813,270.285
561,0,0.00281822,0.00277924,0.759184,-5.35731,-593.122,270.2
562,0,0.00363216,0.00134691,0.766372,0.478649,-595.455,270.247
563,0,0.00387595,0.00168781,0.773297,6.37585,-597.804,270.134
564,0,0.00288872,0.00309033,0.780174,12.2922,-600.229,269.973
565,0,0.0040484,0.00154898,0.786806,18.2106,-602.562,270.016
566,0,0.00407891,0.0024046,0.793497,24.1284,-604.986,269.94
567,0,0.00289727,0.00251633,0.800049,30.1112,-607.412,269.883
568,0,0.00442269,0.00258034,0.806101,36.0971,-609.872,269.797
569,0,0.00364255,0.00149423,0.812763,42.0428,-612.278,269.738
570,0,0.00387552,0.00280687,0.818638,48.1189,-614.784,269.682
571,0,0.00423071,0.000832701,0.824648,54.1547,-617.321,269.61
572,0,0.00291329,0.00269771,0.830305,60.1485,-619.837,269.527
573,0,0.00336007,0.00233407,0.835308,66.2334,-622.289,269.538
574,0,0.00462563,-0.00063238,0.840315,72.044,-624.934,269.477
575,0,0.00207963,0.00268668,0.844928,77.9455,-627.53,269.407
576,0,0.00376415,0.000797605,0.849496,83.7799,-630.154,269.529
577,0,0.00402825,0.00143645,0.853126,89.355,-632.895,269.259
578,0,0.0021908,0.00238472,0.857085,95.0071,-635.618,269.208
579,0,0.00284514,0.00230536,0.859518,100.498,-638.353,269.245
580,0,0.00358797,0.00132384,0.861805,105.817,-641.252,269.125
581,0,0.00373279,0.002534,0.863429,110.848,-644.16,269.08
582,0,0.00302236,0.00272608,0.866078,115.76,-647.148,269.049
583,0,0.00330121,0.000720394,0.866126,120.5,-650.212,269.01
584,0,0.00357575,0.00230514,0.867122,125.113,-653.207,268.973
585,0,0.00321381,0.003138,0.868171,129.364,-656.184,268.933
586,0,0.00290377,0.00182024,0.86845,133.44,-659.142,269
587,0,0.00337348,0.00118966,0.868419,137.469,-662.111,268.997
588,0,0.00357983,0.00221052,0.868581,141.44,-665.072,268.89
589,0,0.00310441,0.00206998,0.868606,145.275,-667.829,268.88
590,0,0.00332602,0.000913804,0.868294,149.036,-670.499,268.946
591,0,0.00312417,0.00210464,0.868235,152.676,-673.181,268.862
592,0,0.00323591,0.00183351,0.868487,156.095,-675.745,268.892
593,0,0.00359541,0.00176193,0.868252,159.445,-678.155,268.9
594,0,0.00357305,0.00156989,0.86859,162.637,-680.6,268.806
595,0,0.00467443,0.00123835,0.868693,165.731,-682.907,268.794
596,0,0.00442035,0.0014727,0.86882,168.82,-685.15,268.876
597,0,0.00435825,0.000848975,0.868809,171.814,-687.278,268.895
598,0,0.00403918,0.00218094,0.868652,174.699,-689.441,268.881
599,0,0.00472282,0.00104285,0.868839,177.411,-691.515,268.928
600,0,0.00374506,0.00285253,0.869321,180.114,-693.467,268.839
601,0,0.00496197,0.00131021,0.869667,182.738,-695.395,268.925
602,0,0.00480131,0.000508016,0.869102,185.24,-697.317,268.907
603,0,0.0052948,0.000208525,0.868798,187.726,-699.154,268.951
604,0,0.00463054,0.00142859,0.868961,190.181,-700.962,268.984
605,0,0.00511314,0.000872119,0.868907,192.407,-702.691,268.924
606,0,0.00347529,0.00157206,0.86941,194.644,-704.192,268.984
607,0,0.00465126,9.51E-05,0.868895,196.842,-705.814,268.982
608,0,0.00530226,8.42E-05,0.868819,198.856,-707.381,268.995
609,0,0.00420603,0.0013411,0.869584,200.851,-708.785,268.967
610,0,0.00504504,0.000995418,0.868883,202.806,-710.32,268.982
611,0,0.00482393,0.00084811,0.869622,204.677,-711.694,268.939
612,0,0.0039966,0.00098844,0.86923,206.514,-712.984,268.935
613,0,0.00529116,7.27E-05,0.86894,208.339,-714.367,268.962
614,0,0.00477289,0.000274645,0.868947,210.098,-715.546,268.915
615,0,0.00474341,-0.0003869,0.868815,211.738,-716.793,268.907
616,0,0.00464838,0.00120703,0.869052,213.334,-717.977,268.871
617,0,0.00524981,0.000566008,0.868517,214.918,-719.147,268.867
618,0,0.0047428,0.000425481,0.86904,216.427,-720.208,268.859
619,0,0.00414226,0.00113357,0.869133,217.988,-721.398,268.853
620,0,0.00521158,0.000784757,0.868753,219.497,-722.392,268.761
621,0,0.00533397,0.000700861,0.868547,220.981,-723.434,268.791
622,0,0.00503744,0.000685026,0.868875,222.364,-724.404,268.779
623,0,0.0044396,0.000692968,0.868529,223.729,-725.452,268.775
624,0,0.00498229,0.00203913,0.868754,225.077,-726.476,268.702
625,0,0.0052799,0.00119491,0.868529,226.364,-727.429,268.761
626,0,0.00514815,0.00109542,0.868987,227.701,-728.361,268.723
627,0,0.00510398,0.00153174,0.869016,229.004,-729.241,268.661
628,0,0.00456102,0.00153613,0.868722,230.277,-730.218,268.702
629,0,0.00533034,0.00168544,0.868941,231.535,-731.065,268.699
630,0,0.00611224,0.000181598,0.868974,232.743,-731.919,268.658
631,0,0.00529169,0.000355147,0.868734,233.949,-732.87,268.667
632,0,0.00488569,0.00154754,0.868895,235.143,-733.689,268.56
633,0,0.00542054,0.00153425,0.86869,236.34,-734.64,268.546
634,0,0.00570537,0.000979379,0.868877,237.707,-735.579,268.616
635,0,0.00527419,0.0014756,0.869203,239.068,-736.541,268.502
636,0,0.00489599,0.00177169,0.868891,240.404,-737.505,268.522
637,0,0.00541487,0.00244808,0.869095,241.771,-738.289,268.475
638,0,0.00576657,0.00196034,0.86875,243.037,-739.233,268.46
639,0,0.00630042,0.000819524,0.86908,244.262,-740.257,268.461
640,0,0.00535853,0.00223959,0.869139,245.496,-741.148,268.448
641,0,0.00539506,0.00271012,0.868998,246.744,-742.095,268.39
642,0,0.00569259,0.0022581,0.868934,248.006,-742.998,268.341
643,0,0.00593446,0.0029222,0.86896,249.411,-743.905,268.366
644,0,0.00566032,0.00200651,0.86912,250.711,-744.826,268.371
645,0,0.0055793,0.00302825,0.868694,252.091,-745.849,268.283
646,0,0.00560676,0.0033386,0.869494,253.524,-746.924,268.325
647,0,0.00672786,0.00152572,0.869191,254.96,-747.951,268.287
648,0,0.00575642,0.00238485,0.869632,256.507,-749.116,268.279
649,0,0.00598195,0.00191163,0.869255,258.087,-750.221,268.303
650,0,0.00635147,0.00207869,0.86935,259.813,-751.422,268.218
651,0,0.00525767,0.00133626,0.868994,261.645,-752.709,268.176
652,0,0.00394239,0.00203933,0.869407,263.783,-754.166,268.139
653,0,0.00420261,0.00232378,0.869632,266.347,-755.979,268.143
654,0,0.00452139,0.000748212,0.869581,269.272,-758.19,268.145
655,0,0.00368157,0.0024838,0.868926,272.503,-760.555,268.076
656,0,0.00397551,0.00213701,0.868846,276.227,-763.145,268.093
657,0,0.00443787,0.00180867,0.868761,280.321,-766.147,268.007
658,0,0.00372932,0.00226091,0.868303,284.7,-769.308,267.811
659,0,0.0045255,0.00130583,0.867835,289.648,-772.823,267.787
660,0,0.00413908,0.00279188,0.868372,294.929,-776.672,267.654
661,0,0.00459623,0.00257128,0.86801,300.6,-780.713,267.716
662,0,0.00481425,0.00156453,0.86755,306.585,-785.069,267.783
663,0,0.00302098,0.00269655,0.867483,312.873,-789.688,267.752
664,0,0.00312452,0.00230984,0.867307,319.475,-794.472,267.782
665,0,0.00376441,0.00202732,0.866879,326.294,-799.595,267.73
666,0,0.00394959,0.00210804,0.866604,333.44,-804.807,267.686
667,0,0.00253465,0.00253427,0.866343,340.837,-810.125,267.602
668,0,0.00348395,0.00210085,0.866331,348.465,-815.752,267.543
669,0,0.00382108,0.0032313,0.866129,356.316,-821.412,267.386
670,0,0.00325766,0.00276924,0.866097,364.395,-827.355,267.273
671,0,0.0041106,0.00373918,0.866001,372.703,-833.423,267.128
672,0,0.00389871,0.003536,0.866158,381.156,-839.507,266.807
673,0,0.00587073,0.00402103,0.866771,389.592,-845.8,266.537
674,0,0.00427947,0.00158293,0.867428,398.152,-851.893,266.721
675,0,0.00530603,0.00703508,0.868951,406.696,-858.034,266.339
676,0,0.00405536,0.00104155,0.869084,415.261,-864.246,266.378
677,0,0.00576874,0.00559851,0.870313,424.025,-870.246,266.572
678,0,0.00191908,0.00341384,0.872144,432.493,-876.322,266.38
679,0,0.00389667,0.00448183,0.87396,441.003,-882.188,266.334
680,0,0.00185893,0.00229544,0.876298,449.438,-887.98,266.619
681,0,0.00293515,0.00330249,0.878771,457.865,-893.82,266.441
682,0,0.00201862,0.00185353,0.880561,466.26,-899.782,266.175
683,0,0.00299852,0.00135302,0.883147,475.119,-905.522,266.196
684,0,0.00203438,0.00346589,0.885482,484.081,-911.18,266.25
685,0,0.0021878,0.000892932,0.88783,492.912,-916.995,266.139
686,0,0.0022184,0.00258685,0.890223,501.861,-922.74,266.065
687,0,0.00182885,0.00179891,0.891848,510.912,-928.363,266.083
688,0,0.00119412,0.00144581,0.893389,519.755,-933.986,266.13
689,0,0.00185894,0.00301261,0.895362,528.829,-939.567,265.965
690,0,0.00207536,0.00134396,0.897704,537.78,-945.035,266.018
691,0,0.00138052,0.00281009,0.899721,546.692,-950.484,265.927
692,0,0.001789,0.00108261,0.902634,555.49,-955.886,265.768
693,0,0.00147986,0.00285794,0.905855,564.331,-961.008,265.875
694,0,0.0012406,0.00169353,0.908857,572.987,-966.075,265.753
695,0,0.00372678,0.000501984,0.912113,581.601,-971.183,265.645
696,0,0.00139211,0.000630497,0.91542,590.204,-975.844,265.69
697,0,0.00207689,0.00123671,0.918392,598.757,-980.478,265.659
698,0,0.00153275,0.00132565,0.921971,607.171,-985.043,265.473
699,0,0.00231812,0.00078453,0.924951,615.677,-989.436,265.417
700,0,0.00125802,0.000291476,0.928583,623.951,-993.669,265.245
701,0,0.00246831,-0.000517291,0.931873,632.244,-997.861,265.082
702,0,0.000519628,-0.000241501,0.935447,640.345,-1001.71,265.046
703,0,0.000987743,0.00170381,0.938444,648.399,-1005.55,264.86
704,0,0.00176176,-0.000196175,0.941906,656.202,-1009.32,264.841
705,0,0.00238026,0.000835526,0.944948,663.98,-1012.87,264.62
706,0,0.00109746,0.00205189,0.948483,671.511,-1016.35,264.528
707,0,0.00300643,0.000182004,0.950847,678.684,-1019.64,264.427
708,0,0.00217768,0.000809379,0.952171,685.569,-1022.73,264.337
709,0,0.0035055,0.000110202,0.954267,692.197,-1025.83,264.329
710,0,0.00284122,-0.000624819,0.955579,698.434,-1028.78,264.267
711,0,0.00249718,0.0011582,0.957358,704.447,-1031.64,264.135
712,0,0.00288998,-0.000730394,0.959978,710.209,-1034.3,264.112
713,0,0.00256853,0.00090984,0.962581,715.76,-1037,264.085
714,0,0.00237563,0.00130799,0.965225,721.245,-1039.51,263.878
715,0,0.00304768,0.000434028,0.967332,726.522,-1041.88,263.817
716,0,0.00242602,0.00150246,0.969972,731.854,-1044.08,263.72
717,0,0.0047859,-0.000296409,0.972839,737.016,-1046.21,263.594
718,0,0.00324004,0.000649424,0.975482,742.038,-1048.17,263.469
719,0,0.00378363,0.000548024,0.977368,746.835,-1050.15,263.474
720,0,0.00281071,0.000917882,0.97993,751.577,-1051.9,263.343
721,0,0.00406076,0.000639028,0.983347,756.112,-1053.54,263.334
722,0,0.00292962,-7.50E-05,0.98639,760.478,-1055.09,263.356
723,0,0.003387,0.000926891,0.989653,764.763,-1056.43,263.341
724,0,0.00388191,-0.000735044,0.992501,768.927,-1057.72,263.245
725,0,0.00481682,0.00093393,0.996023,773.031,-1058.88,263.146
726,0,0.00387205,0.000990639,0.999291,776.933,-1059.88,263.16
727,0,0.00546072,0.00128006,1.00245,780.733,-1060.76,263.018
728,0,0.00345663,8.11E-05,1.00612,784.291,-1061.48,263.096
729,0,0.00453878,0.00060153,1.00971,787.842,-1062.02,263.157
730,0,0.00459613,-0.00131349,1.01292,791.05,-1062.56,263.148
731,0,0.00569598,0.000699471,1.01688,794.289,-1062.87,263.079
732,0,0.00510668,-0.000140377,1.02153,797.286,-1063.12,263.02
733,0,0.00502569,0.000676184,1.02497,800.265,-1063.18,263.01
734,0,0.0041971,0.00203561,1.02904,802.963,-1063.22,262.874
735,0,0.00473506,8.13E-06,1.03329,805.501,-1063.12,262.847
736,0,0.0048039,0.0013691,1.03789,807.872,-1062.87,262.85
737,0,0.00383145,0.000868319,1.04199,810.11,-1062.46,262.863
738,0,0.00556938,0.00104343,1.04601,812.219,-1061.93,262.789
739,0,0.00516416,-0.00020675,1.05061,814.182,-1061.29,262.778
740,0,0.00347132,0.00266782,1.05437,816.036,-1060.51,262.736
741,0,0.00588,-0.000264674,1.05927,817.573,-1059.69,262.685
742,0,0.00591743,0.000376492,1.06424,819.137,-1058.67,262.591
743,0,0.0052529,0.00167937,1.06894,820.441,-1057.56,262.54
744,0,0.00646792,0.00031636,1.07381,821.535,-1056.41,262.486
745,0,0.00472141,0.0014248,1.07899,822.537,-1054.97,262.541
746,0,0.00656897,0.00146993,1.08371,823.322,-1053.76,262.45
747,0,0.00629321,-7.16E-05,1.08811,823.935,-1052.21,262.47
748,0,0.00670647,0.000548717,1.09355,824.499,-1050.65,262.413
749,0,0.00679496,0.00119887,1.09848,824.833,-1049.09,262.28
750,0,0.00756511,0.00163132,1.104,825.085,-1047.29,262.275
751,0,0.00662614,0.00110493,1.10927,825.096,-1045.49,262.237
752,0,0.0083007,0.0013827,1.11402,824.966,-1043.59,262.23
753,0,0.00676937,0.00191521,1.11894,824.585,-1041.62,262.143
754,0,0.00739764,0.00256982,1.1241,824.137,-1039.56,262.245
755,0,0.00660029,0.00164021,1.13043,823.382,-1037.48,262.144
756,0,0.00880134,0.00186898,1.1351,822.771,-1035.17,262.171
757,0,0.00676549,0.00231274,1.14087,821.757,-1032.92,262.013
758,0,0.00866137,0.0027132,1.14592,820.671,-1030.57,261.88
759,0,0.00666852,0.00294836,1.15136,819.321,-1028.15,261.949
760,0,0.00803359,0.00307107,1.15674,817.895,-1025.6,261.863
761,0,0.00603304,0.00240454,1.16245,816.236,-1023.11,261.846
762,0,0.00785291,0.00329636,1.16743,814.404,-1020.51,262.073
763,0,0.00689457,0.00212762,1.17326,812.525,-1017.78,261.792
764,0,0.00820616,0.00427857,1.17942,810.394,-1015.1,261.788
765,0,0.00687683,0.00373859,1.18416,807.903,-1012.32,261.665
766,0,0.00932635,0.0025479,1.18868,805.112,-1009.58,261.679
767,0,0.00698455,0.00560978,1.19268,801.995,-1006.74,261.621
768,0,0.00902343,0.00302798,1.19688,798.259,-1004.02,261.719
769,0,0.0077921,0.00378158,1.20045,794.285,-1001.22,261.692
770,0,0.00792739,0.0029372,1.20349,789.937,-998.417,261.814
771,0,0.00740654,0.00596596,1.20656,785.155,-995.568,261.789
772,0,0.0101836,0.00275772,1.20975,780.071,-992.756,261.806
773,0,0.00787801,0.00647146,1.21233,774.718,-989.9,261.827
774,0,0.00927946,0.00346845,1.21412,768.801,-987.011,261.755
775,0,0.00901082,0.00508644,1.21682,762.586,-984.203,261.928
776,0,0.00784392,0.00451432,1.21831,755.927,-981.217,261.937
777,0,0.0102323,0.00385185,1.22081,748.924,-978.474,262.206
778,0,0.00648296,0.00619384,1.2222,741.633,-975.519,262.246
779,0,0.0087558,0.00588215,1.22399,733.942,-972.893,262.364
780,0,0.00871822,0.00424832,1.22477,725.927,-970.005,262.445
781,0,0.00759912,0.00477935,1.22628,717.74,-967.27,262.581
782,0,0.00707354,0.00385875,1.22765,709.105,-964.528,262.682
783,0,0.00799761,0.00492036,1.22971,700.344,-961.75,262.699
784,0,0.00857272,0.00323147,1.23152,691.387,-958.858,262.991
785,0,0.00823867,0.00369715,1.23232,682.201,-955.878,263.061
786,0,0.0076291,0.00401765,1.2346,672.947,-952.99,263.262
787,0,0.00754416,0.00484074,1.23636,663.539,-950.011,263.189
788,0,0.00859127,0.00423138,1.23778,654.114,-946.967,263.379
789,0,0.00762809,0.00505699,1.24013,644.622,-943.858,263.445
790,0,0.00805631,0.00516813,1.24358,635.204,-940.908,263.518
791,0,0.00830465,0.00380807,1.24646,625.863,-937.716,263.666
792,0,0.00844384,0.00520979,1.24992,616.51,-934.401,263.881
793,0,0.00723438,0.00482805,1.2526,607.1,-931.068,263.919
794,0,0.0074431,0.00679658,1.25564,597.774,-927.631,264.154
795,0,0.0071754,0.00574368,1.25869,588.394,-924.354,264.164
796,0,0.00735048,0.00681058,1.26122,578.979,-921.144,264.097
797,0,0.00706894,0.00716525,1.26466,569.525,-917.776,264.276
798,0,0.00856049,0.00639936,1.26841,560.015,-914.642,264.356
799,0,0.00812305,0.00674157,1.2709,550.549,-911.41,264.4
800,0,0.00892082,0.00638164,1.27446,541.088,-908.304,264.528
801,0,0.00782171,0.00671588,1.27773,531.673,-905.177,264.638
802,0,0.00853834,0.00784073,1.28051,522.158,-902.16,264.67
803,0,0.00853939,0.00766457,1.28384,512.739,-899.034,264.681
804,0,0.00868796,0.00788891,1.28685,503.204,-896.125,264.85
805,0,0.00892448,0.00851187,1.28903,493.687,-893.125,264.862
806,0,0.0103602,0.00603856,1.29246,484.11,-890.248,264.985
807,0,0.00994925,0.00702618,1.29575,474.516,-887.367,265.055
808,0,0.0106544,0.00677732,1.29881,464.818,-884.378,265.149
809,0,0.0104508,0.00691442,1.30179,455.213,-881.48,265.177
810,0,0.00967567,0.00787306,1.3052,445.599,-878.642,265.144
811,0,0.00995112,0.00806745,1.30778,435.861,-875.859,265.362
812,0,0.010192,0.00823135,1.31138,426.17,-873.087,265.412
813,0,0.00821718,0.00852864,1.31406,416.372,-870.411,265.563
814,0,0.00989244,0.00782444,1.317,406.535,-867.79,265.672
815,0,0.00895555,0.00623686,1.3194,396.612,-865.244,265.975
816,0,0.00890338,0.00645954,1.32273,386.76,-862.702,266.071
817,0,0.00805839,0.0067599,1.32561,376.907,-860.141,266.264
818,0,0.00930531,0.00678058,1.32813,367.094,-857.808,266.483
819,0,0.00825167,0.00707179,1.33073,357.3,-855.096,266.518
820,0,0.0097366,0.00634061,1.33378,347.437,-852.909,266.821
821,0,0.00905225,0.00572127,1.33551,337.547,-850.492,266.882
822,0,0.00893112,0.00548464,1.33853,327.608,-848.213,267.201
823,0,0.00966438,0.00561571,1.34068,317.766,-845.956,267.341
824,0,0.00918073,0.00459683,1.34277,307.851,-843.858,267.438
825,0,0.00946072,0.00638022,1.34512,298.208,-841.605,267.559
826,0,0.0109003,0.00425814,1.34736,288.399,-839.429,267.706
827,0,0.0100885,0.00478787,1.34898,278.602,-837.443,267.772
828,0,0.007928,0.00623369,1.35098,268.858,-835.29,268.066
829,0,0.0097061,0.00465781,1.35243,258.938,-833.431,268.193
830,0,0.00844035,0.0053117,1.3546,249.143,-831.442,268.415
831,0,0.00906023,0.00465607,1.35592,239.275,-829.527,268.614
832,0,0.00959448,0.00389791,1.35745,229.581,-827.711,268.718
833,0,0.00881597,0.00544849,1.35951,219.768,-825.94,268.77
834,0,0.00915546,0.00513959,1.36012,210.093,-824.137,268.907
835,0,0.00901343,0.005276,1.3621,200.322,-822.363,269.121
836,0,0.00883184,0.00461882,1.3633,190.523,-820.758,269.331
837,0,0.00862717,0.00400436,1.36416,180.804,-819.098,269.704
838,0,0.00722726,0.00409722,1.36513,171.172,-817.616,269.93
839,0,0.00634849,0.00531589,1.36605,161.52,-816.12,269.898
840,0,0.00801712,0.00516686,1.36694,151.961,-814.569,270.083
841,0,0.00801277,0.00394336,1.36725,142.407,-813.231,270.186
842,0,0.00852404,0.00502984,1.36833,132.822,-811.818,270.273
843,0,0.00822375,0.0039357,1.36828,123.356,-810.519,270.453
844,0,0.00890157,0.00584888,1.36921,113.923,-809.163,270.534
845,0,0.00773245,0.00437001,1.37055,104.353,-807.894,270.59
846,0,0.00764968,0.00629215,1.37104,94.91,-806.463,270.788
847,0,0.00723096,0.00505323,1.3715,85.4613,-805.123,271.022
848,0,0.00857664,0.00597953,1.37163,76.0711,-803.875,271.079
849,0,0.00833589,0.00462175,1.37203,66.7271,-802.542,271.198
850,0,0.00931258,0.00570742,1.37272,57.2733,-801.253,271.323
851,0,0.00794242,0.00459569,1.37291,47.8843,-800.064,271.357
852,0,0.00818728,0.0064454,1.37354,38.5976,-798.733,271.566
853,0,0.00760851,0.00496018,1.37439,29.318,-797.57,271.712
854,0,0.00844674,0.00633422,1.37444,20.0823,-796.351,271.907
855,0,0.00816613,0.00597935,1.37555,10.7859,-795.059,272.011
856,0,0.0097232,0.00645656,1.3759,1.60698,-793.847,272.103
857,0,0.00924077,0.00692242,1.37694,-7.64919,-792.571,272.242
858,0,0.00883328,0.00741703,1.377,-16.8798,-791.307,272.315
859,0,0.00884923,0.00789183,1.3777,-26.1255,-790.182,272.497
860,0,0.00923639,0.0068276,1.37798,-35.4539,-789.033,272.581
861,0,0.0100869,0.00532628,1.378,-44.6156,-787.92,272.878
862,0,0.00904517,0.00742254,1.3788,-53.8585,-786.743,272.986
863,0,0.0103604,0.00520047,1.37897,-63.1639,-785.707,273.188
864,0,0.00985618,0.00746756,1.37931,-72.3081,-784.436,273.397
865,0,0.00948189,0.00697945,1.37913,-81.6164,-783.34,273.511
866,0,0.0109684,0.00735652,1.37928,-90.8521,-782.277,273.679
867,0,0.00915678,0.00848708,1.37997,-100.102,-780.99,273.858
868,0,0.00933534,0.00819564,1.38047,-109.438,-780.016,273.928
869,0,0.00956222,0.00714598,1.38061,-118.697,-778.86,274.208
870,0,0.00986827,0.00754661,1.38081,-128.024,-777.709,274.378
871,0,0.0094098,0.00821352,1.38123,-137.228,-776.719,274.585
872,0,0.00883631,0.00861011,1.38179,-146.52,-775.555,274.768
873,0,0.00949931,0.00961431,1.38208,-155.718,-774.427,274.984
874,0,0.0114548,0.00800211,1.3821,-165.086,-773.36,275.138
875,0,0.00957252,0.00846763,1.38274,-174.425,-772.204,275.22
876,0,0.0112532,0.00765052,1.38327,-183.735,-771.142,275.383
877,0,0.0115709,0.00822813,1.38271,-193.074,-770.069,275.624
878,0,0.0116548,0.0073464,1.38389,-202.473,-768.923,275.704
879,0,0.011457,0.00742874,1.38421,-211.921,-767.853,275.982
880,0,0.0103474,0.0079147,1.38421,-221.29,-766.78,276.088
881,0,0.0112507,0.00811864,1.38436,-230.565,-765.649,276.22
882,0,0.0122903,0.00749692,1.38492,-239.85,-764.563,276.369
883,0,0.00990804,0.00880765,1.3847,-249.254,-763.597,276.467
884,0,0.00925781,0.012174,1.38534,-258.475,-762.25,276.553
885,0,0.0124485,0.00718018,1.38566,-267.98,-761.356,276.823
886,0,0.0113575,0.0102414,1.38628,-277.352,-760.354,276.784
887,0,0.00916205,0.0091117,1.38657,-286.771,-759.234,276.959
888,0,0.012928,0.00950944,1.38669,-296.174,-758.228,277.326
889,0,0.00982273,0.00857446,1.38702,-305.556,-757.21,277.191
890,0,0.0121474,0.0100692,1.38704,-314.854,-756.217,277.444
891,0,0.0113116,0.00883472,1.3874,-324.221,-755.167,277.62
892,0,0.0129774,0.00857701,1.3875,-333.635,-754.189,277.627
893,0,0.0117738,0.00864099,1.38743,-343.011,-753.133,277.781
894,0,0.0122631,0.0103917,1.38798,-352.37,-752.081,278.034
895,0,0.0123259,0.0078847,1.38798,-361.832,-751.216,278.161
896,0,0.0122859,0.00863539,1.38818,-371.256,-750.151,278.338
897,0,0.0124261,0.00790858,1.38895,-380.636,-749.271,278.504
898,0,0.0121134,0.00919074,1.38824,-389.92,-748.185,278.629
899,0,0.0126981,0.00820702,1.38952,-399.214,-747.167,278.711
900,0,0.0113627,0.009588,1.38906,-408.411,-746.026,278.85
901,0,0.0133611,0.00838205,1.39033,-417.603,-744.964,279.039
902,0,0.0123848,0.00974478,1.39034,-426.891,-743.94,279.083
903,0,0.0118201,0.00927463,1.39092,-436.071,-742.91,279.288
904,0,0.0134955,0.00803072,1.3913,-445.394,-741.977,279.352
905,0,0.0129789,0.00735665,1.39128,-454.469,-740.936,279.465
906,0,0.0136073,0.00826995,1.39206,-463.566,-739.932,279.663
907,0,0.0137055,0.00741047,1.39165,-472.514,-739.05,279.668
908,0,0.0147821,0.00769049,1.39236,-481.512,-738.067,279.811
909,0,0.0127964,0.0101784,1.39317,-490.466,-737.041,279.905
910,0,0.0144781,0.00862321,1.39347,-499.429,-736.104,279.877
911,0,0.0144136,0.00880709,1.39281,-508.434,-735.125,280.106
912,0,0.0136056,0.00973013,1.39373,-517.269,-734.211,280.32
913,0,0.0141817,0.00778323,1.3941,-526.184,-733.427,280.397
914,0,0.0150776,0.00789015,1.3936,-535.02,-732.516,280.563
915,0,0.0138705,0.00751778,1.39367,-543.775,-731.648,280.775
916,0,0.0144915,0.007765,1.3941,-552.65,-730.767,280.742
917,0,0.0147755,0.00770723,1.39373,-561.414,-729.924,280.898
918,0,0.0145993,0.00927172,1.39479,-570.038,-728.958,281.037
919,0,0.0143043,0.00855663,1.39477,-578.597,-728.047,281.181
920,0,0.0142718,0.00934608,1.39444,-587.151,-727.184,281.346
921,0,0.0136717,0.00865421,1.39468,-595.671,-726.32,281.475
922,0,0.0145086,0.00776896,1.39422,-604.186,-725.533,281.644
923,0,0.0138068,0.00792262,1.39471,-612.611,-724.763,281.816
924,0,0.014187,0.00672368,1.39484,-620.978,-723.995,281.82
925,0,0.0140824,0.00756652,1.39437,-628.918,-723.117,282.061
926,0,0.0133547,0.00751251,1.39481,-636.666,-722.344,282.179
927,0,0.0140126,0.00761134,1.3948,-644.321,-721.546,282.172
928,0,0.0160148,0.00702613,1.39424,-652.011,-720.812,282.433
929,0,0.0154237,0.00700378,1.39446,-659.588,-720.028,282.587
930,0,0.0142798,0.00669146,1.39469,-667.185,-719.31,282.732
931,0,0.0162199,0.00686107,1.39437,-674.699,-718.569,282.911
932,0,0.0152922,0.00769106,1.39434,-682.256,-717.836,283.019
933,0,0.0148754,0.00688164,1.39483,-689.699,-717.106,283.133
934,0,0.0153515,0.00606362,1.39453,-697.056,-716.357,283.372
935,0,0.01361,0.00828078,1.39463,-704.31,-715.625,283.481
936,0,0.0150498,0.00635223,1.3948,-711.509,-714.877,283.592
937,0,0.0155204,0.00657252,1.39282,-718.505,-713.992,283.724
938,0,0.0129096,0.00799202,1.39375,-725.529,-713.26,283.871
939,0,0.0143539,0.00774295,1.39431,-732.214,-712.302,283.936
940,0,0.0159596,0.00488416,1.39516,-738.916,-711.685,284.122
941,0,0.0133933,0.00983128,1.39659,-745.307,-710.655,284.007
942,0,0.0154867,0.00489124,1.39794,-751.41,-709.633,284.32
943,0,0.0164742,0.00669105,1.39892,-757.358,-708.87,284.489
944,0,0.0121633,0.00695802,1.40152,-763.107,-707.752,284.409
945,0,0.0150246,0.00691634,1.40262,-768.836,-706.71,284.769
946,0,0.0134727,0.0069477,1.40437,-774.132,-705.731,284.769
947,0,0.0120745,0.00786825,1.4063,-779.25,-704.573,284.829
948,0,0.0146437,0.00683623,1.40916,-784.152,-703.481,285
949,0,0.0144998,0.00517314,1.41079,-788.863,-702.174,284.902
950,0,0.0139983,0.00632496,1.41307,-793.478,-701.062,284.984
951,0,0.0155658,0.00524463,1.4163,-797.78,-699.838,285.088
952,0,0.0144068,0.0065504,1.41885,-801.797,-698.705,285.072
953,0,0.0139958,0.00698574,1.42229,-805.771,-697.427,285.279
954,0,0.0149054,0.00628964,1.42528,-809.441,-696.143,285.222
955,0,0.0140503,0.0066398,1.42874,-813.016,-694.957,285.347
956,0,0.0149107,0.00651987,1.43119,-816.262,-693.697,285.399
957,0,0.01556,0.00577599,1.4357,-819.401,-692.321,285.499
958,0,0.0152938,0.00600058,1.43927,-822.321,-691.068,285.532
959,0,0.0160228,0.00603254,1.44367,-825.038,-689.62,285.629
960,0,0.0152801,0.00628564,1.44741,-827.574,-688.192,285.65
961,0,0.0172414,0.00426017,1.45153,-829.93,-686.854,285.622
962,0,0.0148826,0.00581691,1.45564,-832.106,-685.323,285.728
963,0,0.0164526,0.00513794,1.46012,-834.022,-683.865,285.697
964,0,0.0156543,0.00529156,1.46509,-835.844,-682.221,285.777
965,0,0.016903,0.00497295,1.4696,-837.403,-680.714,285.779
966,0,0.0151027,0.00574034,1.4741,-838.756,-678.999,285.771
967,0,0.0165523,0.00442324,1.47914,-839.936,-677.377,285.811
968,0,0.016568,0.0048667,1.4841,-840.895,-675.837,285.769
969,0,0.0151689,0.00529918,1.48925,-841.652,-674.097,285.812
970,0,0.0172283,0.00404416,1.49365,-842.168,-672.517,285.818
971,0,0.0141749,0.00728305,1.49939,-842.58,-670.878,285.809
972,0,0.017395,0.00329863,1.50392,-842.724,-669.182,285.777
973,0,0.0169529,0.00556258,1.50933,-842.672,-667.523,285.833
974,0,0.0176675,0.00424594,1.51482,-842.472,-665.757,285.689
975,0,0.016696,0.00550945,1.52038,-842.094,-664.03,285.704
976,0,0.0194707,0.0032674,1.52518,-841.482,-662.271,285.619
977,0,0.0158285,0.00574935,1.53131,-840.732,-660.419,285.609
978,0,0.0178092,0.00401135,1.53679,-839.914,-658.484,285.629
979,0,0.0191017,0.00445809,1.54311,-838.918,-656.491,285.531
980,0,0.0188558,0.00403404,1.54984,-837.801,-654.498,285.407
981,0,0.0200462,0.00404061,1.55638,-836.538,-652.409,285.442
982,0,0.0178848,0.00420772,1.56243,-835.277,-650.257,285.328
983,0,0.0187306,0.00405793,1.56895,-833.849,-647.963,285.379
984,0,0.0208577,0.00324473,1.57676,-832.349,-645.627,285.254
985,0,0.0182837,0.00550306,1.58444,-830.653,-643.2,285.273
986,0,0.0213288,0.00327649,1.59143,-828.848,-640.627,285.092
987,0,0.0191031,0.00460148,1.59885,-827.056,-637.984,285.012
988,0,0.0193004,0.00511714,1.60633,-825.077,-635.354,285.069
989,0,0.0208907,0.00396907,1.61428,-823.073,-632.587,284.859
990,0,0.0220058,0.00365041,1.6227,-820.879,-629.85,284.874
991,0,0.0200616,0.00502144,1.63049,-818.684,-626.943,284.71
992,0,0.0217184,0.003881,1.63844,-816.426,-624.012,284.61
993,0,0.0234292,0.0030415,1.64644,-814.089,-621.019,284.469
994,0,0.0224365,0.00276634,1.6556,-811.656,-617.948,284.344
995,0,0.0235809,0.00358704,1.66323,-809.158,-614.753,284.335
996,0,0.0221989,0.00408528,1.67243,-806.585,-611.553,284.166
997,0,0.0215549,0.00491678,1.68072,-804.057,-608.294,284.133
998,0,0.0247357,0.00435983,1.68908,-801.295,-605.002,284.012
999,0,0.0241262,0.00438792,1.69773,-798.728,-601.653,283.835
1000,0,0.0240619,0.00442029,1.70531,-795.992,-598.301,283.773
1001,0,0.0249092,0.00407387,1.71451,-793.332,-594.906,283.691
1002,0,0.0222325,0.00577083,1.72353,-790.528,-591.515,283.615
1003,0,0.0245583,0.00414934,1.73135,-787.798,-588.033,283.546
1004,0,0.0253245,0.0047625,1.74058,-785.029,-584.556,283.556
1005,0,0.0239101,0.00420618,1.74904,-782.143,-581.046,283.345
1006,0,0.0268235,0.0038811,1.75717,-779.351,-577.491,283.249
1007,0,0.0264148,0.00451233,1.76482,-776.393,-573.88,283.248
1008,0,0.0253864,0.00428673,1.77395,-773.442,-570.403,283.252
1009,0,0.0256148,0.00454849,1.78158,-770.565,-566.767,283.208
1010,0,0.0263053,0.00356581,1.78932,-767.803,-563.303,283.422
1011,0,0.0269409,0.00327261,1.79751,-764.864,-559.743,283.347
1012,0,0.024903,0.00244727,1.80643,-761.972,-556.208,283.303
1013,0,0.0255081,0.00269464,1.81396,-758.955,-552.404,283.341
1014,0,0.0270491,0.00243447,1.82283,-755.949,-548.685,283.399
1015,0,0.0268927,0.00249419,1.83061,-752.825,-544.85,283.39
1016,0,0.0275303,0.0014575,1.83918,-749.795,-540.965,283.417
1017,0,0.0266218,0.00246564,1.84708,-746.599,-537.12,283.245
1018,0,0.0261245,0.0017207,1.85515,-743.45,-533.216,283.242
1019,0,0.0277891,0.00155895,1.86339,-740.235,-529.214,283.229
1020,0,0.0293809,0.000126771,1.87132,-736.922,-525.305,283.236
1021,0,0.0278189,0.00213205,1.87978,-733.63,-521.208,283.064
1022,0,0.0278492,0.00159375,1.88736,-730.333,-517.192,283.067
1023,0,0.0273339,0.00203594,1.89525,-727.02,-513.085,282.926
1024,0,0.0271153,0.00179146,1.90349,-723.584,-508.957,282.844
1025,0,0.02657,0.00158574,1.91163,-720.111,-504.784,282.834
1026,0,0.0267481,0.00254623,1.9194,-716.541,-500.583,282.678
1027,0,0.0280669,0.00301507,1.92719,-713.023,-496.344,282.655
1028,0,0.0286278,0.00215066,1.93512,-709.49,-492.004,282.666
1029,0,0.0303136,0.00227626,1.94315,-705.906,-487.745,282.625
1030,0,0.0302408,0.000931321,1.95027,-702.302,-483.404,282.542
1031,0,0.030618,0.00206984,1.95743,-698.571,-479.014,282.41
1032,0,0.0315731,0.000517503,1.96527,-694.845,-474.522,282.366
1033,0,0.0304827,0.000881116,1.97298,-691.169,-470.008,282.361
1034,0,0.0297587,0.00143496,1.97958,-687.389,-465.59,282.265
1035,0,0.0291509,0.00190708,1.98677,-683.629,-461.12,282.078
1036,0,0.0290984,0.000640612,1.99399,-679.793,-456.613,282.021
1037,0,0.0305045,0.000867876,2.00172,-675.918,-451.997,281.918
1038,0,0.0305472,0.000323071,2.00859,-672.012,-447.379,281.803
1039,0,0.0309213,0.000267929,2.0155,-668.107,-442.699,281.779
1040,0,0.0291431,0.000553466,2.02199,-664.231,-437.974,281.636
1041,0,0.0297296,0.000537299,2.02841,-660.32,-433.256,281.492
1042,0,0.0309023,0.000214285,2.0349,-656.366,-428.526,281.422
1043,0,0.03001,0.000795899,2.04066,-652.393,-423.79,281.349
1044,0,0.0300803,0.00074926,2.04799,-648.385,-419.22,281.219
1045,0,0.0308279,0.000846727,2.05412,-644.354,-414.555,281.14
1046,0,0.0302135,0.000869474,2.06037,-640.319,-409.87,281.004
1047,0,0.0324928,0.000141106,2.06565,-636.201,-405.111,280.841
1048,0,0.0329145,0.000503149,2.07203,-632.139,-400.385,280.703
1049,0,0.0316717,0.000770186,2.07674,-628.007,-395.654,280.565
1050,0,0.0334643,-0.000231837,2.08213,-623.828,-391.009,280.472
1051,0,0.0337134,-0.000977521,2.08721,-619.685,-386.347,280.391
1052,0,0.0336803,0.00025377,2.09252,-615.46,-381.622,280.25
1053,0,0.0330915,0.000515331,2.09721,-611.293,-376.9,280.124
1054,0,0.0336171,0.000904916,2.10225,-607.063,-372.199,280.068
1055,0,0.0333279,-0.000196971,2.10632,-602.818,-367.463,279.963
1056,0,0.0346589,-0.000296568,2.11129,-598.553,-362.817,279.872
1057,0,0.0349686,-0.000136014,2.11554,-594.26,-358.186,279.719
1058,0,0.0330153,0.00117678,2.11951,-589.956,-353.527,279.596
1059,0,0.033629,0.000983529,2.12364,-585.657,-348.857,279.468
1060,0,0.034824,0.000337282,2.12787,-581.397,-344.228,279.365
1061,0,0.0330555,-2.18E-05,2.13198,-577.216,-339.54,279.221
1062,0,0.034159,0.000554481,2.13617,-572.898,-334.932,279.061
1063,0,0.0360947,0.000888248,2.13963,-568.578,-330.347,278.921
1064,0,0.0367045,0.00183963,2.14314,-564.188,-325.585,278.82
1065,0,0.0357302,0.00230595,2.14598,-559.748,-320.98,278.618
1066,0,0.0378479,0.00182475,2.14948,-555.322,-316.44,278.542
1067,0,0.0378238,0.00290906,2.15218,-550.842,-311.803,278.434
1068,0,0.0364286,0.00241011,2.15552,-546.301,-307.19,278.265
1069,0,0.0384935,0.00282396,2.15807,-541.767,-302.582,278.108
1070,0,0.0354539,0.00306763,2.16102,-537.257,-297.811,278.028
1071,0,0.0372207,0.00382362,2.16342,-532.643,-293.351,277.948
1072,0,0.037623,0.0034813,2.16616,-528.009,-288.701,277.802
1073,0,0.0361539,0.00466536,2.16883,-523.308,-284.086,277.609
1074,0,0.0345084,0.00485263,2.17076,-518.556,-279.293,277.405
1075,0,0.0380551,0.00521017,2.173,-513.716,-274.6,277.216
1076,0,0.0374158,0.00498536,2.17548,-508.829,-269.869,277.076
1077,0,0.0361971,0.005525,2.17766,-503.982,-265.122,276.956
1078,0,0.0385811,0.0048512,2.17979,-499.076,-260.459,276.853
1079,0,0.0372097,0.00591494,2.18227,-494.132,-255.783,276.618
1080,0,0.0364806,0.0061285,2.18354,-489.25,-250.927,276.491
1081,0,0.0386484,0.00690171,2.1853,-484.191,-246.233,276.48
1082,0,0.0383731,0.00610831,2.18696,-479.142,-241.503,276.241
1083,0,0.0379768,0.00615867,2.18809,-474.123,-236.705,276.183
1084,0,0.0384653,0.00623508,2.19042,-468.997,-232.024,275.996
1085,0,0.0366718,0.00677235,2.19287,-463.941,-227.208,275.8
1086,0,0.0386986,0.00610091,2.1936,-458.752,-222.288,275.812
1087,0,0.0384286,0.00697091,2.19525,-453.545,-217.495,275.539
1088,0,0.0383762,0.00759212,2.19743,-448.371,-212.604,275.415
1089,0,0.0398242,0.00786808,2.19826,-443.038,-207.686,275.267
1090,0,0.0392421,0.00801684,2.19977,-437.659,-202.92,274.979
1091,0,0.0403608,0.00843955,2.20067,-432.293,-198.03,274.869
1092,0,0.0410778,0.00778688,2.20191,-426.926,-193.15,274.808
1093,0,0.0412836,0.00852063,2.20278,-421.37,-188.408,274.57
1094,0,0.0403079,0.00754186,2.20351,-415.936,-183.47,274.523
1095,0,0.0402535,0.00780725,2.20503,-410.509,-178.673,274.459
1096,0,0.0400778,0.00765171,2.20525,-404.99,-173.839,274.229
1097,0,0.0416727,0.00866112,2.20637,-399.513,-168.84,274.163
1098,0,0.0421134,0.00825104,2.20733,-393.942,-163.903,273.958
1099,0,0.0408792,0.00827655,2.20699,-388.327,-158.985,273.775
1100,0,0.0399321,0.00921986,2.20892,-382.698,-153.919,273.701
1101,0,0.0393803,0.00852567,2.20919,-377.122,-149.017,273.469
1102,0,0.0411567,0.00836195,2.20936,-371.456,-144.006,273.437
1103,0,0.0428148,0.00853879,2.21079,-365.816,-138.976,273.261
1104,0,0.042509,0.007685,2.2109,-360.206,-133.991,273.125
1105,0,0.0426458,0.00873227,2.21194,-354.482,-128.997,273.083
1106,0,0.0400678,0.00886695,2.21248,-348.83,-123.915,272.915
1107,0,0.0419159,0.00848422,2.21278,-343.125,-118.925,272.798
1108,0,0.044908,0.00818616,2.21268,-337.471,-113.761,272.764
1109,0,0.043538,0.00861916,2.21467,-331.689,-108.655,272.511
1110,0,0.0454149,0.00773185,2.21423,-325.879,-103.549,272.375
1111,0,0.0421076,0.00900853,2.21516,-320.081,-98.402,272.294
1112,0,0.0430569,0.00902216,2.21562,-314.235,-93.2779,271.988
1113,0,0.0451393,0.00833158,2.215,-308.427,-88.1762,272.01
1114,0,0.0458598,0.00892378,2.21543,-302.589,-83.095,271.971
1115,0,0.0438502,0.00786801,2.21541,-296.772,-78.0022,271.872
1116,0,0.0445663,0.00816919,2.21554,-290.884,-72.9957,271.85
1117,0,0.0430704,0.00722374,2.21599,-285.081,-67.8413,271.597
1118,0,0.0439355,0.00706996,2.21602,-279.325,-62.7363,271.484
1119,0,0.0451771,0.00651664,2.21618,-273.451,-57.6892,271.415
1120,0,0.0451159,0.00723495,2.2157,-267.528,-52.6244,271.225
1121,0,0.0432879,0.00729244,2.21623,-261.687,-47.4433,271.184
1122,0,0.0443954,0.00708781,2.21636,-255.852,-42.3871,271.024
1123,0,0.044383,0.00620147,2.21592,-250.223,-37.2998,270.84
1124,0,0.0431532,0.00648757,2.21662,-244.583,-32.3353,270.828
1125,0,0.0447415,0.00477778,2.21643,-238.891,-27.5508,270.697
1126,0,0.0443663,0.0051338,2.21636,-233.375,-22.6385,270.669
1127,0,0.044459,0.00544691,2.21655,-227.841,-17.7994,270.668
1128,0,0.0445175,0.00468893,2.21687,-222.352,-13.1587,270.434
1129,0,0.0450461,0.0048119,2.21683,-217.017,-8.37251,270.414
1130,0,0.043733,0.00497407,2.21709,-211.619,-3.64371,270.341
1131,0,0.0443327,0.00415789,2.21651,-206.172,1.03034,270.136
1132,0,0.0443839,0.00433329,2.21635,-200.774,5.67174,270.139
1133,0,0.0430662,0.00389535,2.21651,-195.567,10.3842,269.986
1134,0,0.0441421,0.00373546,2.21686,-190.288,14.9043,269.893
1135,0,0.0429866,0.00371919,2.2166,-185.122,19.4414,269.907
1136,0,0.041856,0.00372442,2.21677,-180.089,23.8904,269.852
1137,0,0.0430426,0.00284425,2.21654,-174.971,28.2697,269.799
1138,0,0.0431814,0.00250552,2.217,-170.096,32.5724,269.812
1139,0,0.0430053,0.00158589,2.21581,-165.359,36.7834,269.752
1140,0,0.0418413,0.0018126,2.21569,-160.612,40.7629,269.694
1141,0,0.0436118,0.00167107,2.21499,-155.989,44.6169,269.555
1142,0,0.0434316,0.00209677,2.21384,-151.397,48.3813,269.389
1143,0,0.0419666,0.00191589,2.21403,-147.109,51.9692,269.418
1144,0,0.0423243,0.0012819,2.21418,-142.927,55.6047,269.448
1145,0,0.0428084,0.000901346,2.21442,-138.815,59.1293,269.369
1146,0,0.0433243,0.00167207,2.21441,-134.948,62.6225,269.268
1147,0,0.0435411,0.000815152,2.21454,-131.091,65.9038,269.248
1148,0,0.0411153,0.00176295,2.21474,-127.494,69.1085,269.238
1149,0,0.0425884,0.000645397,2.21575,-124.051,72.1424,269.269
1150,0,0.0419648,0.000365852,2.21561,-120.728,75.1527,269.21
1151,0,0.0418382,6.79E-05,2.21683,-117.591,77.9318,269.17
1152,0,0.0424362,-0.000277064,2.21701,-114.695,80.7496,269.163
1153,0,0.0426996,-0.00053243,2.21769,-111.839,83.3077,269.143
1154,0,0.0412667,-0.000229838,2.21869,-109.255,85.8556,269.072
1155,0,0.0424422,-0.00120296,2.2194,-106.907,88.3005,269.18
1156,0,0.0416669,-0.000557844,2.22002,-104.673,90.5457,269.125
1157,0,0.0407392,-0.000354458,2.22097,-102.641,92.6783,269.036
1158,0,0.0426508,-0.00128893,2.22221,-100.839,94.7523,269.17
1159,0,0.041355,-0.00204053,2.22322,-99.1276,96.7417,269.089
1160,0,0.0429186,-0.00186372,2.22489,-97.678,98.536,269.192
1161,0,0.0416359,-0.00208833,2.22633,-96.3779,100.322,269.184
1162,0,0.0408931,-0.00185976,2.22806,-95.1838,101.999,269.094
1163,0,0.0418387,-0.00190901,2.22976,-94.2844,103.536,269.145
1164,0,0.0423739,-0.00235549,2.23146,-93.5509,105.05,269.115
1165,0,0.0418288,-0.00185864,2.23353,-92.9401,106.38,269.003
1166,0,0.0419824,-0.00197848,2.23592,-92.5288,107.623,269.099
1167,0,0.0419898,-0.00208266,2.23802,-92.3576,108.706,269.167
1168,0,0.0424004,-0.00278305,2.24002,-92.3752,109.67,269.144
1169,0,0.0438887,-0.00283328,2.24227,-92.5436,110.484,269.205
1170,0,0.0428098,-0.00303056,2.24428,-92.8839,111.232,269.194
1171,0,0.041764,-0.00236801,2.24664,-93.4032,111.832,269.228
1172,0,0.0417559,-0.00248621,2.24947,-94.2175,112.193,269.223
1173,0,0.0423889,-0.00280876,2.25096,-95.1361,112.244,269.307
1174,0,0.0415649,-0.00205269,2.25268,-96.3941,112.111,269.248
1175,0,0.0433338,-0.00217322,2.25413,-97.8146,111.703,269.261
1176,0,0.0430155,-0.00100379,2.25622,-99.4294,111.043,269.308
1177,0,0.0417708,-0.00231269,2.25669,-101.355,110.191,269.265
1178,0,0.0408866,-0.00205726,2.25821,-103.495,108.994,269.364
1179,0,0.0428894,-0.00150671,2.25927,-105.904,107.501,269.412
1180,0,0.0418535,-0.00188837,2.26109,-108.581,105.662,269.389
1181,0,0.0427203,-0.00198719,2.2615,-111.474,103.681,269.483
1182,0,0.041636,-0.00135499,2.26254,-114.637,101.414,269.438
1183,0,0.0430271,-0.00122899,2.26345,-117.98,98.8669,269.531
1184,0,0.0419755,-0.000743856,2.26434,-121.575,95.9924,269.524
1185,0,0.0424724,-0.000525672,2.26486,-125.451,92.9159,269.565
1186,0,0.0442469,-0.000312703,2.26596,-129.451,89.6121,269.565
1187,0,0.043946,0.000405418,2.26691,-133.733,85.9877,269.606
1188,0,0.0438838,0.000967184,2.26732,-138.34,82.0568,269.617
1189,0,0.0449596,0.000492412,2.2682,-142.95,77.7898,269.615
1190,0,0.0443774,0.00216084,2.26843,-147.777,73.3705,269.529
1191,0,0.0450193,0.00176098,2.26859,-152.786,68.626,269.573
1192,0,0.0443428,0.00249187,2.26857,-157.976,63.6929,269.666
1193,0,0.044685,0.00249829,2.26846,-163.353,58.5017,269.762
1194,0,0.0446441,0.00254673,2.26854,-168.803,53.0006,269.96
1195,0,0.043433,0.00176779,2.26866,-174.604,47.4117,269.918
1196,0,0.0451895,0.00345739,2.26898,-180.403,41.7778,269.895
1197,0,0.0459951,0.00338439,2.26873,-186.27,35.985,269.998
1198,0,0.0452623,0.00418513,2.26957,-192.29,30.1623,269.998
1199,0,0.0461046,0.00365171,2.26943,-198.359,24.1715,270.056
1200,0,0.0482975,0.00499456,2.26951,-204.535,18.1172,270.184
1201,0,0.0444356,0.00383114,2.26962,-210.905,11.9897,270.199
1202,0,0.0462863,0.00490019,2.26983,-217.29,5.84513,270.328
1203,0,0.0460084,0.00546497,2.27,-223.735,-0.386422,270.383
1204,0,0.0449498,0.00507558,2.2705,-230.223,-6.67709,270.579
1205,0,0.0453082,0.00789363,2.27029,-236.668,-12.9847,270.607
1206,0,0.045587,0.00567656,2.27058,-243.235,-19.4277,270.695
1207,0,0.0453432,0.0089914,2.27093,-249.94,-25.7208,270.811
1208,0,0.0444388,0.00671611,2.2707,-256.581,-32.3661,270.792
1209,0,0.0472331,0.00807018,2.27089,-263.288,-38.8536,271.095
1210,0,0.0457789,0.00668144,2.27191,-270.038,-45.3959,271.141
1211,0,0.0460913,0.00821254,2.27317,-276.698,-51.8494,271.372
1212,0,0.0455544,0.00655782,2.2746,-283.472,-58.0581,271.487
1213,0,0.0441226,0.00991936,2.2757,-290.269,-64.2813,271.673
1214,0,0.0448724,0.0071666,2.27686,-297.085,-70.5961,271.606
1215,0,0.0447613,0.0101729,2.27802,-303.997,-76.7787,271.722
1216,0,0.0459598,0.00884591,2.2795,-310.814,-83.2304,271.911
1217,0,0.0436166,0.00955914,2.28098,-317.617,-89.6068,271.944
1218,0,0.0446356,0.00864309,2.28214,-324.494,-96.0409,272.216
1219,0,0.0458549,0.00827819,2.28329,-331.301,-102.463,272.367
1220,0,0.0442351,0.00760664,2.28429,-338.149,-109.081,272.418
1221,0,0.0453124,0.00790634,2.28447,-344.997,-115.534,272.705
1222,0,0.0453214,0.00728291,2.28519,-351.748,-122.057,272.783
1223,0,0.0435312,0.00857461,2.28609,-358.448,-128.601,272.906
1224,0,0.0445893,0.00761941,2.28717,-365.179,-135.164,273.033
1225,0,0.0459966,0.00605127,2.2873,-371.909,-141.653,273.389
1226,0,0.0426785,0.00912697,2.28855,-378.378,-148.272,273.209
1227,0,0.0420993,0.00529697,2.28846,-385.141,-154.838,273.453
1228,0,0.0459655,0.00712366,2.28887,-391.587,-161.432,274.044
1229,0,0.0400328,0.0062459,2.28936,-398.17,-168.081,273.797
1230,0,0.0436345,0.0079781,2.28919,-404.691,-174.632,274.15
1231,0,0.044582,0.00600315,2.28925,-411.289,-181.222,274.467
1232,0,0.0404219,0.00782026,2.29001,-417.913,-187.834,274.447
1233,0,0.0441038,0.00598028,2.29037,-424.294,-194.619,274.544
1234,0,0.0432951,0.00704575,2.29052,-430.928,-201.097,275.044
1235,0,0.0411873,0.0061341,2.291,-437.488,-207.868,275.045
1236,0,0.0440889,0.00416277,2.29073,-443.926,-214.547,275.43
1237,0,0.0419921,0.00624931,2.29103,-450.46,-221.139,275.657
1238,0,0.0414069,0.00368282,2.29079,-456.788,-227.736,275.68
1239,0,0.042279,0.00593511,2.29078,-463.15,-234.179,275.921
1240,0,0.0417958,0.004816,2.29144,-469.541,-240.523,276.108
1241,0,0.0407604,0.00481372,2.29114,-475.808,-246.893,276.359
1242,0,0.042602,0.00428408,2.29067,-482.011,-253.261,276.601
1243,0,0.0408315,0.0029623,2.2909,-488.174,-259.667,276.792
1244,0,0.040275,0.00375704,2.2909,-494.25,-265.936,276.916
1245,0,0.0438722,0.00151282,2.29127,-500.339,-272.089,277.223
1246,0,0.0382532,0.00260515,2.29066,-506.318,-278.15,277.354
1247,0,0.039622,0.00193697,2.2906,-512.169,-284.075,277.595
1248,0,0.0408064,0.00121667,2.29147,-517.929,-290.015,277.771
1249,0,0.0398867,0.00168357,2.29067,-523.69,-295.796,277.824
1250,0,0.0401554,0.00159144,2.29056,-529.415,-301.521,277.917
1251,0,0.0376869,0.0011199,2.29146,-535.112,-307.141,278.116
1252,0,0.0394835,0.00140637,2.29037,-540.674,-312.743,278.295
1253,0,0.0389924,0.000621138,2.29134,-545.983,-318.353,278.42
1254,0,0.0395183,-0.000508882,2.29124,-551.28,-323.835,278.639
1255,0,0.0402522,0.000415547,2.29077,-556.711,-329.117,278.77
1256,0,0.0385929,5.99E-05,2.29123,-561.834,-334.383,278.83
1257,0,0.0389904,-0.000661471,2.29125,-566.987,-339.52,278.957
1258,0,0.0389793,-0.000224609,2.2911,-572.087,-344.544,279.129
1259,0,0.0398026,-0.000121089,2.29114,-577.053,-349.66,279.246
1260,0,0.037858,9.93E-06,2.29091,-582.077,-354.647,279.297
1261,0,0.0384119,0.000362786,2.29153,-587.066,-359.589,279.418
1262,0,0.0388096,-0.000467918,2.29169,-591.934,-364.581,279.454
1263,0,0.0383555,-0.000202011,2.29122,-596.79,-369.367,279.717
1264,0,0.0367903,0.000500004,2.29139,-601.581,-374.16,279.846
1265,0,0.0378081,-3.38E-05,2.29194,-606.234,-378.984,279.957
1266,0,0.037619,-1.45E-05,2.29158,-610.848,-383.651,280.154
1267,0,0.0366614,-0.000136557,2.29151,-615.456,-388.244,280.266
1268,0,0.0378628,0.000185969,2.29181,-619.947,-392.897,280.433
1269,0,0.0370228,-8.96E-05,2.29217,-624.507,-397.482,280.589
1270,0,0.0385218,5.94E-05,2.29252,-629.002,-402.016,280.734
1271,0,0.0379449,0.000176942,2.29269,-633.465,-406.678,280.766
1272,0,0.0375957,0.000245827,2.29274,-638.006,-411.214,280.917
1273,0,0.0382077,0.000381239,2.29317,-642.489,-415.613,281.02
1274,0,0.0389889,1.30E-05,2.29301,-646.803,-420.166,281.083
1275,0,0.0382924,0.000983096,2.29278,-651.128,-424.54,281.214
1276,0,0.0392465,0.000739447,2.2928,-655.376,-428.882,281.32
1277,0,0.038863,0.0015593,2.29271,-659.607,-433.199,281.417
1278,0,0.0397613,0.00140484,2.293,-663.863,-437.471,281.611
1279,0,0.0394265,0.00211485,2.29327,-668.044,-441.792,281.733
1280,0,0.0391284,0.00156821,2.2924,-672.17,-445.986,281.788
1281,0,0.0402019,0.00159224,2.29238,-676.308,-450.231,282.057
1282,0,0.03986,0.00134133,2.29287,-680.349,-454.459,282.108
1283,0,0.0390991,0.00149631,2.29264,-684.512,-458.549,282.168
1284,0,0.038686,0.00217813,2.2924,-688.585,-462.711,282.355
1285,0,0.0389158,0.00192766,2.29238,-692.699,-466.798,282.428
1286,0,0.0374708,0.00176046,2.29289,-696.737,-470.834,282.475
1287,0,0.0385421,0.00195946,2.29275,-700.724,-474.837,282.548
1288,0,0.0381941,0.0018276,2.29297,-704.673,-478.837,282.704
1289,0,0.0376975,0.00220942,2.29281,-708.53,-482.803,282.795
1290,0,0.0392022,0.00140293,2.29361,-712.397,-486.684,282.927
1291,0,0.0390166,0.00092389,2.2936,-716.159,-490.531,283.031
1292,0,0.0378361,0.000972343,2.29398,-719.995,-494.328,283.149
1293,0,0.0381141,0.000474666,2.2935,-723.674,-498.146,283.401
1294,0,0.0362495,0.0010868,2.29386,-727.395,-501.87,283.478
1295,0,0.0366442,0.00108139,2.29398,-731.016,-505.578,283.577
1296,0,0.0357349,0.0017561,2.29352,-734.693,-509.222,283.737
1297,0,0.0354938,0.00144115,2.29411,-738.307,-512.778,283.809
1298,0,0.0339295,0.00153729,2.29404,-741.743,-516.223,283.818
1299,0,0.0350756,0.00123025,2.29414,-744.984,-519.579,283.977
1300,0,0.0340841,0.00150298,2.29322,-748.174,-522.787,283.999
1301,0,0.0369911,0.000918014,2.29282,-751.107,-525.92,284.049
1302,0,0.0354551,0.00158077,2.29348,-754.063,-529.075,284.158
1303,0,0.0349733,0.00166407,2.29271,-756.886,-532.272,284.147
1304,0,0.0347782,0.000777359,2.29336,-759.853,-535.385,284.225
1305,0,0.0358095,0.00160773,2.29304,-762.688,-538.375,284.24
1306,0,0.0366324,0.00137531,2.29258,-765.587,-541.271,284.415
1307,0,0.0341391,0.00215181,2.29321,-768.472,-544.085,284.48
1308,0,0.0341485,0.0011615,2.29368,-771.339,-546.836,284.59
1309,0,0.0352757,0.00190784,2.29322,-774.143,-549.514,284.735
1310,0,0.0342285,0.00159005,2.29286,-776.91,-552.219,284.791
1311,0,0.0325446,0.00146502,2.29394,-779.608,-554.862,284.918
1312,0,0.0329929,0.00219845,2.29357,-782.261,-557.444,285.002
1313,0,0.0335054,0.00162282,2.29442,-784.863,-560.097,285.071
1314,0,0.0331106,0.00111859,2.29414,-787.387,-562.667,285.112
1315,0,0.0333762,0.00183547,2.2936,-789.839,-565.135,285.156
1316,0,0.0333462,0.00157306,2.29418,-792.217,-567.644,285.225
1317,0,0.0343332,0.00141984,2.2941,-794.428,-569.934,285.337
1318,0,0.0366033,0.00132312,2.29489,-796.568,-572.121,285.278
1319,0,0.0353397,0.00135676,2.29508,-798.696,-574.32,285.346
1320,0,0.0360834,0.00113485,2.29447,-800.878,-576.497,285.361
1321,0,0.0355287,0.00156144,2.29498,-802.928,-578.442,285.327
1322,0,0.0354631,0.00276167,2.29488,-805.045,-580.659,285.432
1323,0,0.0377177,0.0015381,2.29365,-807.253,-583.103,285.365
1324,0,0.0378026,0.00183972,2.29157,-809.498,-585.534,285.472
1325,0,0.037472,0.00245076,2.29172,-811.841,-588.103,285.371
1326,0,0.0374324,0.0029052,2.28976,-814.465,-590.736,285.587
1327,0,0.0419726,0.0015817,2.28841,-816.856,-593.47,285.641
1328,0,0.0367974,0.00271168,2.2868,-819.408,-596.44,285.591
1329,0,0.0354829,0.00382402,2.28556,-822.072,-599.549,285.605
1330,0,0.0365561,0.00359253,2.28331,-824.672,-602.788,285.682
1331,0,0.0384914,0.0030567,2.28112,-827.27,-606.16,285.835
1332,0,0.0403892,0.00251422,2.27917,-830.102,-609.585,286.006
1333,0,0.0387131,0.00242269,2.27764,-832.91,-613.186,286.051
1334,0,0.0386333,0.00257706,2.27527,-835.673,-616.886,286.103
1335,0,0.0392549,0.00186127,2.27258,-838.556,-620.512,286.122
1336,0,0.0378196,0.00271007,2.27006,-841.466,-624.323,286.3
1337,0,0.0383412,0.00154013,2.26728,-844.482,-628.175,286.372
1338,0,0.0393379,0.0026388,2.2645,-847.569,-632.091,286.531
1339,0,0.0381876,0.00314353,2.26251,-850.586,-636.15,286.607
1340,0,0.0379882,0.00401534,2.25982,-853.752,-640.174,286.637
1341,0,0.0352379,0.00519037,2.25734,-856.903,-644.222,286.75
1342,0,0.035821,0.00556694,2.25461,-860.024,-648.356,286.823
1343,0,0.0365666,0.00499631,2.25132,-863.273,-652.504,286.962
1344,0,0.0385012,0.00431983,2.24838,-866.457,-656.845,287.069
1345,0,0.0386899,0.00415879,2.24583,-869.937,-660.971,286.997
1346,0,0.0377153,0.00549098,2.24288,-873.367,-665.277,287.184
1347,0,0.036706,0.00598821,2.23954,-876.76,-669.574,287.142
1348,0,0.0380749,0.00573318,2.23706,-880.172,-674.091,287.305
1349,0,0.0372459,0.00546436,2.23287,-883.739,-678.596,287.376
1350,0,0.0397467,0.00523869,2.22998,-887.453,-683.207,287.505
1351,0,0.037963,0.00563321,2.22648,-891.117,-687.838,287.496
1352,0,0.0344311,0.00765405,2.22355,-894.812,-692.43,287.776
1353,0,0.0367198,0.00609567,2.22068,-898.639,-697.096,287.831
1354,0,0.0378878,0.00515201,2.21681,-902.343,-701.892,287.84
1355,0,0.0370468,0.00506289,2.21384,-906.364,-706.559,288.004
1356,0,0.0355078,0.00679128,2.20968,-910.349,-711.33,288.265
1357,0,0.0367227,0.00535322,2.20639,-914.303,-715.984,288.335
1358,0,0.0410021,0.00581028,2.20374,-918.359,-720.666,288.356
1359,0,0.0374744,0.0069444,2.2005,-922.422,-725.36,288.518
1360,0,0.0373637,0.00661553,2.19784,-926.475,-730.028,288.559
1361,0,0.0379375,0.00537525,2.19518,-930.362,-734.544,288.635
1362,0,0.0391476,0.0054891,2.1933,-934.511,-738.904,288.624
1363,0,0.0392143,0.00645432,2.19168,-938.658,-743.277,288.768
1364,0,0.0383337,0.0075176,2.18951,-942.813,-747.554,288.951
1365,0,0.0366015,0.00833169,2.18842,-947.173,-751.648,289.028
1366,0,0.0356561,0.00863942,2.18761,-951.527,-755.783,289.121
1367,0,0.037676,0.00752723,2.1862,-955.881,-759.716,289.369
1368,0,0.0356036,0.00784547,2.18482,-960.364,-763.48,289.436
1369,0,0.0363227,0.00811114,2.18513,-964.778,-767.273,289.58
1370,0,0.0379812,0.00858902,2.18663,-969.274,-770.829,289.659
1371,0,0.0376364,0.00807398,2.18631,-973.736,-774.261,289.703
1372,0,0.0384295,0.00779562,2.18558,-977.949,-777.804,289.779
1373,0,0.0381134,0.00826861,2.18529,-982.174,-781.206,289.819
1374,0,0.0367816,0.00832902,2.18582,-986.388,-784.617,290.045
1375,0,0.0353332,0.00903449,2.18605,-990.591,-788.049,290.135
1376,0,0.03645,0.00881415,2.18663,-994.717,-791.412,290.157
1377,0,0.036777,0.0096459,2.18686,-998.736,-794.851,290.265
1378,0,0.036164,0.00963618,2.18604,-1002.79,-798.156,290.323
1379,0,0.0388691,0.00813011,2.18639,-1006.78,-801.335,290.502
1380,0,0.0390002,0.00776708,2.18626,-1010.66,-804.39,290.492
1381,0,0.0359813,0.00837318,2.18616,-1014.36,-807.629,290.72
1382,0,0.0368925,0.00965219,2.1863,-1018.14,-810.61,290.759
1383,0,0.0381967,0.00844456,2.18621,-1021.9,-813.739,290.911
1384,0,0.0362563,0.00790587,2.1857,-1025.59,-816.707,291.059
1385,0,0.0361608,0.00875979,2.18656,-1029.15,-819.622,291.161
1386,0,0.0362217,0.00873817,2.18636,-1032.61,-822.567,291.266
1387,0,0.0379303,0.00905741,2.18703,-1036.13,-825.44,291.35
1388,0,0.0365142,0.00828786,2.18753,-1039.71,-828.111,291.449
1389,0,0.0343644,0.0102901,2.18647,-1043.01,-830.826,291.537
1390,0,0.0364205,0.00865003,2.18658,-1046.26,-833.555,291.643
1391,0,0.0358738,0.00956616,2.18738,-1049.58,-836.265,291.755
1392,0,0.0362023,0.0090534,2.18656,-1052.76,-838.917,291.984
1393,0,0.0349897,0.00859342,2.18643,-1055.92,-841.486,292.02
1394,0,0.0380318,0.00921087,2.18683,-1059,-844.068,292.082
1395,0,0.0359737,0.00958886,2.18631,-1061.94,-846.453,292.022
1396,0,0.0382392,0.00846226,2.1876,-1064.99,-848.934,292.234
1397,0,0.0344365,0.0103532,2.18657,-1067.88,-851.184,292.243
1398,0,0.0354073,0.00974974,2.18725,-1070.82,-853.673,292.337
1399,0,0.0365042,0.00967034,2.18646,-1073.55,-855.839,292.424
1400,0,0.0354025,0.0103383,2.1875,-1076.3,-858.198,292.53
1401,0,0.0372564,0.00961528,2.1875,-1079,-860.396,292.605
1402,0,0.0357448,0.00907494,2.18646,-1081.57,-862.61,292.743
1403,0,0.0373343,0.00979182,2.18716,-1084.27,-864.728,292.829
1404,0,0.0364988,0.00993479,2.18735,-1086.74,-866.808,292.969
1405,0,0.0368374,0.00979863,2.18734,-1089.15,-868.744,292.999
1406,0,0.0339277,0.00955017,2.18682,-1091.53,-870.625,292.945
1407,0,0.0391548,0.00982529,2.18755,-1093.93,-872.644,293.14
1408,0,0.0346877,0.0103492,2.18767,-1096.25,-874.571,293.175
1409,0,0.0363459,0.00955339,2.18716,-1098.38,-876.375,293.289
1410,0,0.0358212,0.0106274,2.18768,-1100.54,-878.188,293.312
1411,0,0.0354301,0.010239,2.18753,-1102.64,-879.822,293.382
1412,0,0.0359262,0.010325,2.18695,-1104.69,-881.517,293.386
1413,0,0.0337013,0.0116065,2.18785,-1106.75,-883.092,293.464
1414,0,0.0381565,0.00971085,2.18723,-1108.59,-884.755,293.633
1415,0,0.0326831,0.0104417,2.1867,-1110.53,-886.288,293.53
1416,0,0.0352002,0.0111558,2.18803,-1112.39,-887.814,293.624
1417,0,0.0379924,0.00979477,2.18779,-1114.12,-889.314,293.741
1418,0,0.0354772,0.010175,2.1871,-1115.88,-890.69,293.745
1419,0,0.0357512,0.0110389,2.18856,-1117.51,-891.991,293.821
1420,0,0.0384567,0.0102636,2.18787,-1119.07,-893.225,293.84
1421,0,0.0349722,0.0108049,2.18686,-1120.54,-894.491,293.812
1422,0,0.0340509,0.010884,2.18761,-1121.96,-895.793,293.966
1423,0,0.0386131,0.00986953,2.18783,-1123.43,-896.941,294.068
1424,0,0.0389666,0.00980617,2.18739,-1124.81,-898.061,294.066
1425,0,0.0366063,0.0109708,2.18797,-1125.99,-899.142,294.038
1426,0,0.0352306,0.011201,2.18844,-1127.29,-900.18,294.125
1427,0,0.0357562,0.0103576,2.18748,-1128.4,-901.048,294.14
1428,0,0.0373344,0.00982533,2.18704,-1129.57,-901.97,294.225
1429,0,0.037461,0.011406,2.18779,-1130.54,-902.882,294.25
1430,0,0.0353623,0.0122862,2.18883,-1131.51,-903.703,294.282
1431,0,0.0352653,0.0109206,2.18829,-1132.42,-904.43,294.303
1432,0,0.038064,0.00950432,2.18738,-1133.31,-905.124,294.32
1433,0,0.0374282,0.00933509,2.18691,-1134.02,-905.706,294.335
1434,0,0.0373075,0.00993518,2.18705,-1134.81,-906.34,294.393
1435,0,0.0365189,0.0111354,2.18798,-1135.39,-906.831,294.363
1436,0,0.0357058,0.0114397,2.18819,-1135.91,-907.305,294.332
1437,0,0.0353679,0.0118967,2.18886,-1136.52,-907.78,294.417
1438,0,0.035135,0.0116703,2.18877,-1137.03,-908.163,294.474
1439,0,0.0358529,0.0110993,2.1884,-1137.36,-908.527,294.479
1440,0,0.0358936,0.0102241,2.18806,-1137.64,-908.752,294.462
1441,0,0.0357917,0.00960582,2.18764,-1137.89,-908.971,294.446
1442,0,0.0367091,0.00973412,2.18804,-1138.11,-909.166,294.47
1443,0,0.0373182,0.00935392,2.18788,-1138.23,-909.263,294.507
1444,0,0.0373233,0.00910988,2.18781,-1138.29,-909.259,294.513
1445,0,0.03694,0.0093373,2.18788,-1138.26,-909.21,294.493
1446,0,0.0367985,0.00963078,2.18794,-1138.15,-909.149,294.455
1447,0,0.0360247,0.00952499,2.1876,-1138.01,-909.038,294.438
1448,0,0.0361191,0.0100606,2.18808,-1137.89,-908.967,294.475
1449,0,0.0361594,0.0102574,2.18804,-1137.75,-908.85,294.474
1450,0,0.0359959,0.0103517,2.18802,-1137.6,-908.748,294.471
1451,0,0.0359812,0.0107407,2.18818,-1137.52,-908.596,294.448
1452,0,0.0356673,0.0110304,2.1883,-1137.37,-908.484,294.45
1453,0,0.0354625,0.0112996,2.18847,-1137.23,-908.346,294.443
1454,0,0.0355614,0.0114476,2.18869,-1137.08,-908.243,294.454
1455,0,0.035346,0.0119656,2.18899,-1136.95,-908.122,294.451
1456,0,0.0352838,0.0120236,2.18911,-1136.76,-907.991,294.436
1457,0,0.0353877,0.0121609,2.18913,-1136.58,-907.847,294.434
1458,0,0.0355921,0.0117434,2.1887,-1136.43,-907.678,294.398
1459,0,0.0356912,0.0117652,2.18851,-1136.25,-907.534,294.394
1460,0,0.036177,0.0114535,2.18822,-1136.12,-907.398,294.412
1461,0,0.0358314,0.011181,2.18834,-1135.97,-907.308,294.363
1462,0,0.0359267,0.0110469,2.18829,-1135.85,-907.256,294.375
1463,0,0.0357911,0.0110709,2.18822,-1135.75,-907.168,294.338
1464,0,0.036506,0.0113229,2.18831,-1135.69,-907.1,294.344
1465,0,0.0362999,0.0111981,2.18814,-1135.63,-907.018,294.368
1466,0,0.0367903,0.0111917,2.18824,-1135.6,-906.932,294.376
1467,0,0.0361573,0.0113115,2.18816,-1135.55,-906.915,294.33
1468,0,0.0365102,0.0112053,2.18816,-1135.51,-906.917,294.371
1469,0,0.0363401,0.011241,2.18814,-1135.5,-906.887,294.358
1470,0,0.0361638,0.0113564,2.18818,-1135.47,-906.898,294.353
1471,0,0.0365311,0.0113582,2.18818,-1135.48,-906.899,294.383
1472,0,0.0361772,0.0111169,2.18818,-1135.49,-906.877,294.343
1473,0,0.0362621,0.011181,2.1881,-1135.49,-906.897,294.356
1474,0,0.0364733,0.0113057,2.18815,-1135.5,-906.892,294.37
1475,0,0.0364116,0.0111586,2.18811,-1135.5,-906.9,294.364
1476,0,0.0363363,0.0111824,2.18808,-1135.51,-906.918,294.382
1477,0,0.0361793,0.0110712,2.18807,-1135.51,-906.923,294.379
1478,0,0.0362774,0.011451,2.18814,-1135.5,-906.918,294.334
1479,0,0.0364484,0.0111441,2.18804,-1135.51,-906.904,294.34
1480,0,0.0363157,0.0111984,2.18818,-1135.51,-906.897,294.369
1481,0,0.0365221,0.0111033,2.18807,-1135.5,-906.882,294.366
1482,0,0.0362882,0.0112883,2.18819,-1135.5,-906.901,294.372
1483,0,0.0362124,0.0113033,2.18819,-1135.49,-906.905,294.359
1484,0,0.0361697,0.0112434,2.18816,-1135.49,-906.889,294.337
1485,0,0.0362619,0.0113844,2.18826,-1135.5,-906.896,294.357
1486,0,0.0363606,0.0111889,2.18816,-1135.51,-906.879,294.379
1487,0,0.0364034,0.0111794,2.18817,-1135.51,-906.879,294.371
1488,0,0.0363671,0.0113081,2.18821,-1135.5,-906.91,294.365
1489,0,0.0363857,0.0112806,2.18817,-1135.49,-906.918,294.363
1490,0,0.0359949,0.0113608,2.18822,-1135.5,-906.912,294.348
1491,0,0.0362734,0.0113141,2.18816,-1135.5,-906.917,294.365
1492,0,0.0361499,0.0111748,2.18817,-1135.5,-906.875,294.377
1493,0,0.0363129,0.0112718,2.18812,-1135.49,-906.877,294.36
1494,0,0.0359616,0.0113398,2.18826,-1135.5,-906.887,294.339
1495,0,0.0363924,0.0112658,2.18816,-1135.49,-906.911,294.349
1496,0,0.0360074,0.0113732,2.18812,-1135.5,-906.909,294.356
1497,0,0.0362452,0.0113896,2.18818,-1135.5,-906.899,294.365
1498,0,0.0360929,0.0112105,2.18817,-1135.49,-906.896,294.365
1499,0,0.0365896,0.0110897,2.18821,-1135.49,-906.889,294.355
1500,0,0.0362308,0.0113646,2.18822,-1135.5,-906.889,294.34
1501,0,0.0361932,0.0112831,2.1883,-1135.49,-906.904,294.351
1502,0,0.0359762,0.0113032,2.1881,-1135.5,-906.914,294.374
1503,0,0.0364917,0.011197,2.18825,-1135.49,-906.908,294.378
1504,0,0.0360448,0.0113796,2.18821,-1135.49,-906.909,294.366
1505,0,0.0365496,0.0111528,2.18811,-1135.5,-906.885,294.355
1506,0,0.0363301,0.0110669,2.1881,-1135.5,-906.885,294.327
1507,0,0.0363855,0.0112226,2.18823,-1135.5,-906.894,294.34
1508,0,0.0364628,0.0111738,2.18819,-1135.5,-906.88,294.371
1509,0,0.0362432,0.0112616,2.18814,-1135.5,-906.9,294.358
1510,0,0.0362331,0.0111775,2.18814,-1135.49,-906.91,294.349
1511,0,0.0364407,0.0110794,2.18801,-1135.49,-906.895,294.365
1512,0,0.0362445,0.011157,2.18806,-1135.5,-906.894,294.343
1513,0,0.0361764,0.0112167,2.18812,-1135.49,-906.893,294.375
1514,0,0.0366977,0.0110705,2.18819,-1135.49,-906.891,294.381
1515,0,0.0360617,0.0112208,2.18812,-1135.5,-906.88,294.347
1516,0,0.0363246,0.0113281,2.18822,-1135.5,-906.906,294.34
1517,0,0.0361829,0.0111965,2.18818,-1135.5,-906.908,294.358
1518,0,0.0363012,0.0110903,2.18813,-1135.5,-906.893,294.35
1519,0,0.0363924,0.0112588,2.18822,-1135.49,-906.904,294.382
1520,0,0.0363389,0.0111305,2.18805,-1135.49,-906.874,294.364
1521,0,0.0364396,0.0112065,2.18817,-1135.5,-906.878,294.34
1522,0,0.0362396,0.011255,2.18819,-1135.5,-906.908,294.359
1523,0,0.036327,0.0113691,2.1882,-1135.5,-906.906,294.374
1524,0,0.0365313,0.0111635,2.18814,-1135.5,-906.899,294.364
1525,0,0.0362737,0.0113022,2.18824,-1135.49,-906.891,294.358
1526,0,0.0361146,0.0112793,2.18813,-1135.49,-906.89,294.352
1527,0,0.0364737,0.0112477,2.18815,-1135.49,-906.881,294.335
1528,0,0.0362104,0.0111553,2.18811,-1135.5,-906.895,294.341
1529,0,0.0362887,0.0111379,2.18816,-1135.5,-906.901,294.382
1530,0,0.0364973,0.0109875,2.18804,-1135.49,-906.902,294.378
1531,0,0.0364488,0.0111364,2.18815,-1135.49,-906.889,294.338
1532,0,0.0364401,0.0111694,2.18812,-1135.5,-906.892,294.336
1533,0,0.0361638,0.0110815,2.18812,-1135.5,-906.895,294.341
1534,0,0.036387,0.0110056,2.18818,-1135.5,-906.892,294.371
