left,right,imux,imuy,imuz,gyrox,gyroy,gyroz,time
0.0,0.0,0.0,0.0,0.0,0.0,0.0,0.0,1509599204.96
0.0,0.0,0.0,0.0,0.0,0.0,0.0,0.0,1509599205.06
0.0,0.0,-0.0123899617576,0.00543219839401,1.00867000715,0.304263627065,0.76064011878,-0.152122745869,1509599205.16
0.0,0.0,-0.010498,0.00976562,1.01001,-0.45639,-0.608521,-0.45639,1509599205.26
0.0,0.0,-0.00976562,0.00640869,1.01355,0.45639,0.0,0.608521,1509599205.36
0.0,0.0,-0.00457765164151,0.00701904291062,1.0139798455,7.25413060582e-06,-0.152100983478,-0.30426,1509599205.46
0.0,0.0,-0.00476083604272,-0.000792627538254,1.01378986935,0.456353729347,-0.608535508261,0.304267254131,1509599205.56
0.0,0.0,-0.0023197329018,0.0085446755275,1.01038030971,-0.304194712753,0.152151762392,0.760574831557,1509599205.66
0.0,0.0,-0.00219757995565,-0.000670461494886,1.01080003934,0.152140881196,0.152119118804,0.760629237537,1509599205.76
0.0,0.0,-0.00585938,0.0147095,1.00854,0.15213,0.15213,0.45639,1509599205.86
0.0,0.0,-0.0148926,0.00939941,1.0174,0.15213,0.760651,0.45639,1509599205.96
0.0,0.0,-0.000489194861097,0.0106808158243,1.01854934864,-1.45082612116e-05,-0.152115491739,-5.80331402141e-05,1509599206.06
0.0,0.0,-0.00671403007081,0.00262451,1.01355007272,9.06767517822e-05,1.81353265146e-05,0.304278135327,1509599206.16
0.0,0.0,-0.0123901218272,0.010497970901,1.01470941111,-0.304278135327,0.760632864673,-0.760687270534,1509599206.26
0.0,0.0,-0.0152579850905,0.0195287189018,1.00201187755,0.456444406099,-0.608484729228,0.456371864673,1509599206.36
0.0,0.0,-0.0144043,0.0107422,1.01135,-0.608521,0.760651,-0.760651,1509599206.46
0.0,0.0,-0.00488281,0.00323486,1.01099,0.912781,1.21704,0.760651,1509599206.56
0.0,0.0,-0.00164895844861,0.00622511124025,1.0114097046,0.0,-0.304209221086,0.912704831462,1509599206.66
0.0,0.0,-0.0228864886942,0.0125112934163,1.01067946094,0.304285389457,-0.152155389457,1.0647322738,1509599206.76
0.0,0.0,-0.00769022627351,0.00683636782562,1.01384983811,0.152079221086,0.456364610543,-0.304310779081,1509599206.86
0.0,0.0,-0.0101934820661,0.010619808965,1.01093009155,0.152100983478,-2.90165224233e-05,0.152042950433,1509599206.96
0.0,0.0,-0.0173324982381,0.0122689265503,1.01056193215,-0.152188033045,-0.456360983478,0.151955900675,1509599207.06
0.0,0.0,0.00787354,0.00372314,1.00385,0.760651,-0.15213,-0.15213,1509599207.16
0.0,0.0,-0.0089116931507,0.0159269520042,1.01074034118,-0.304390574565,0.608390425435,-0.912846286961,1509599207.26
0.0,0.0,-0.0164798928904,0.0150738009706,1.01159995923,3.26435877262e-05,0.912650425435,-0.304423217939,1509599207.36
0.0,0.0,-0.0024414245507,-0.0050626312629,1.00049357867,0.760723541068,3.62706530291e-05,-0.456172376082,1509599207.46
0.0,0.0,-0.00738564290227,0.00854670987674,1.00946080109,-0.152202541306,-0.304223729347,-1.36917,1509599207.56
0.0,0.0,-0.0126947237346,0.0020778091529,1.0069007999,0.760690897718,1.06475040913,0.152090102282,1509599207.66
0.0,0.0,-0.00842285,0.00445557,1.00604,0.0,1.06491,-0.45639,1509599207.76
0.0,0.0,-0.0134891841595,0.00891145013375,1.02422522948,7.9795436664e-05,-0.760371715709,0.152249693417,1509599207.86
0.0,0.0,-0.0142215143123,0.00348050176096,1.00586363064,0.15213,0.760651,-0.151912375796,1509599207.96
0.0,0.0,-0.00939941,0.00927734,1.01007,0.15213,-0.15213,0.608521,1509599208.06
0.0,0.0,-0.0146481729967,0.010373502883,1.01270081205,-0.15213,-0.152271455857,0.000141455546813,1509599208.16
0.0,0.0,-0.00842275541425,0.00933860700951,1.00702213862,0.456484304008,0.152365759555,0.760556695992,1509599208.26
0.0,0.0,-0.0104371513459,0.0048221772682,1.01483037813,-0.152177151849,-0.760462392294,-0.152177151849,1509599208.36
0.0,0.0,-0.0109850980187,0.00927768632334,1.01159989653,0.456440779248,0.608419441838,0.30426,1509599208.46
0.0,0.0,-0.00738539261021,0.00464148142551,1.00800154543,0.151926884343,0.304107663257,-0.000152336742722,1509599208.56
0.0,0.0,-0.00799561,0.0108643,1.01276,0.45639,-0.30426,0.15213,1509599208.66
0.0,0.0,-0.0101940787068,0.00921657193405,1.0104388842,0.152021188041,0.608248969745,-0.000108811959087,1509599208.76
0.0,0.0,-0.0104375675202,0.0105578121486,1.00988788284,0.15213,5.44059795437e-05,-5.44059795437e-05,1509599208.86
0.0,0.0,-0.0089703772012,0.00793338256372,1.01189806976,0.000116066089693,-0.15201393391,-0.303911801349,1509599208.96
0.0,0.0,-0.0139132526028,0.0111694465775,1.00897365448,-5.80330448466e-05,0.152304099516,-0.15213,1509599209.06
0.0,0.0,-0.00708072319362,0.00720192735403,1.01135007701,-0.30413667978,-0.30419833989,0.15225332022,1509599209.16
0.0,0.0,-0.0108032,0.00750732,1.01007,0.15213,0.0,0.45639,1509599209.26
0.0,0.0,-0.00756967111938,0.00287003534416,1.00836133753,-0.15194501967,0.30426,-0.15219166011,1509599209.36
0.0,0.0,-0.0107408641256,0.00616750985266,1.01349002575,0.304194712825,-0.15213,0.152064712825,1509599209.46
0.0,0.0,-0.00933992543452,0.00634621935627,1.01293858379,-0.304129425649,0.30439057478,-0.30426,1509599209.56
0.0,0.0,-0.0147025601724,0.00885021059438,1.00604332046,0.152267828482,0.0,0.0,1509599209.66
0.0,0.0,-0.0108032,0.00878906,1.00513,0.30426,0.760651,0.30426,1509599209.76
-0.918996760442,-0.804122165386,-0.0215454,0.0057373,1.01068,0.15213,0.15213,0.30426,1509599209.86
-23.7434363054,-20.9266960873,-0.00592061372887,0.00781628351572,1.01422174523,0.456244917388,-0.45602729347,0.304405083089,1509599209.96
-17.1401246589,-19.0350311647,-0.0105138907088,0.0354442287361,1.01457998689,0.760288292993,7.14823392127,-1.36982287175,1509599210.06
-21.3696568074,-20.4368671361,-0.0118408,0.00793457,1.00104,0.0,2.73834,-2.89047,1509599210.16
-31.680242591,-32.680242591,0.00604174658465,0.00610663702024,1.00945719119,0.303955326515,-1.06612869394,0.305174020456,1509599210.26
-23.5456715778,-24.3941351486,0.000427246,0.0012207,1.00446,0.15213,1.06491,-0.30426,1509599210.36
-72.28395288,-68.5130879584,-0.0247962110412,0.0190369492893,0.998723760294,-0.760651,-4.56397979544,1.21632184107,1509599210.46
-50.6731918175,-54.4841782547,-0.0779851321007,-0.00250749825334,1.01445812012,0.152768363493,1.82563979544,-0.15093306845,1509599210.56
-147.355092627,-144.431183904,-0.0660637480943,-0.00285034220728,0.982566222969,-0.305594760031,-0.458225295043,-0.454221014949,1509599210.66
-159.576889276,-159.600607788,-0.0258179,0.00476074,1.01251,-0.608521,-2.28195,2.58621,1509599210.76
-104.665674853,-105.620419608,-0.100935432685,0.0460690159073,1.05947033853,-2.73750577498,-10.6451791424,1.52013208442,1509599210.86
-260.246189117,-259.246189117,-0.0477344808883,0.00245838337243,1.06060067306,0.153261644375,-4.5585899764,3.04277409913,1509599210.96
-135.364524534,-134.325402156,-0.0811157,0.0474243,1.00067,-1.67343,-5.02029,1.82556,1509599211.06
-302.59150649,-299.59150649,-0.0703547643945,0.00954443568986,1.04063635648,0.912418292874,2.88847511408,3.49908067663,1509599211.16
-230.891986685,-227.909513877,0.0171153205231,0.0311652075734,0.985786612164,0.456571353861,-6.07750247431,3.95247834716,1509599211.26
-391.21505105,-389.231277858,-0.163269,-0.00305176,1.15869,1.36917,5.78094,0.15213,1509599211.36
-281.345307143,-280.360214286,-0.240013005889,0.0827105039492,1.14734501991,-1.51941392604,-8.05441266099,-1.36747253344,1509599211.46
-175.088495512,-175.061403446,0.0819167391326,0.0431893287805,0.983090231123,1.82640873328,2.89131873328,2.28147848151,1509599211.56
-397.323252039,-395.370838669,-0.0440063,0.0371094,0.983643,1.97769,3.0426,0.15213,1509599211.66
-176.775360248,-178.76509805,0.143878605822,0.0109630795365,0.898637973249,5.93081759245,5.32631276017,2.43368827695,1509599211.76
-348.035726103,-348.982136948,-0.105266240827,0.0446319662113,0.964458276089,3.19521965382,0.919538254202,1.97759206924,1509599211.86
-351.122781921,-346.137525082,-0.0731812,0.0181885,1.07568,-0.608521,2.73834,1.36917,1509599211.96
-233.691372603,-230.68565878,-0.0229961654984,0.0450063327492,1.02513035868,-1.21876648308,1.52028442172,3.64929195975,1509599212.06
-353.230456113,-349.243281845,-0.0771743248599,0.021509467165,1.22798639845,-3.49941073958,-6.38810258947,3.80188259638,1509599212.16
-174.63645928,-173.625671835,0.0748901,-0.0129395,1.15033,-0.15213,-9.43207,0.45639,1509599212.26
-409.814643354,-404.820998439,-0.0311385345779,0.00642457535512,1.01703806189,1.52045852085,-3.5009885199,3.95443333596,1509599212.36
-235.108714797,-236.104987433,-0.0803925934053,0.0886910359917,1.0367029819,-1.82458069237,-6.53659464273,-1.52282336743,1509599212.46
-231.009073555,-231.011341944,-0.0186157,0.0057373,1.13739,2.89047,0.912781,4.5639,1509599212.56
-415.27562708,-409.299120256,-0.00219727,0.0110474,1.01135,4.71603,3.19473,2.43408,1509599212.66
-180.318913747,-181.279958488,-0.0399507981005,-0.0041979418034,1.02674836585,0.908620755358,2.58351146341,3.19315585366,1509599212.76
-236.581692937,-235.596117318,-0.0272827,-0.0488892,0.992859,0.608521,2.28195,-2.58621,1509599212.86
-480.820024136,-473.873194279,0.082411280216,-0.0661601890971,0.907476124025,-1.06456180249,3.3386193,5.02075426436,1509599212.96
-182.194691066,-181.131637953,0.103280145369,-0.0862209966311,0.993085402141,-1.21750426436,1.67087654603,-2.42978555468,1509599213.06
-356.850867795,-354.862807419,-0.0784912,0.0397949,1.06915,0.0,-2.28195,5.17242,1509599213.16
-359.0,-358.973005463,-0.0328141378836,0.0523860768135,0.964559793076,0.606845295043,0.00119693154996,-1.37060631786,1509599213.26
-185.663556429,-183.693824116,0.0457056957514,-0.00260208402832,0.851346451613,2.12970030685,-8.05547901652,2.88903368214,1509599213.36
-416.164463985,-416.132096592,0.0157471,-0.0305786,0.953979,5.62881,9.5842,-2.28195,1509599213.46
-245.076376783,-243.110942814,-0.105248793334,-0.0256385061536,0.927250356555,0.911671117207,5.77267754524,1.97719671912,1509599213.56
-364.695951304,-365.640654135,-0.0507153961948,0.0231963031066,1.01967956226,5.01533905503,10.0339987245,0.607632368166,1509599213.66
-313.105537506,-307.246242279,-0.101929,0.0482788,1.10815,-0.912781,-3.80325,4.41177,1509599213.76
-186.761443362,-187.610426928,-0.040376303612,-0.0383596241887,1.02419761128,-3.95487221086,-5.31566369001,-0.762428261164,1509599213.86
-422.327661347,-417.467145084,0.00714912521207,-0.0343301105443,0.972498489951,0.305435169158,-1.67551918961,-2.88576932337,1509599213.96
-247.486584335,-246.389577106,-0.0397505374508,-0.110934308859,1.04488563336,0.912389276089,-2.44452596524,-0.302562533438,1509599214.06
-364.780283192,-360.857556396,-0.0483398,-0.0125122,0.881714,0.15213,-2.58621,3.95538,1509599214.16
-189.970415554,-188.888933331,-0.140843418845,0.0373654959373,1.10612747848,-0.303991597168,-9.12391815011,2.73766899292,1509599214.26
-359.871567759,-356.92855034,0.0321849370193,-0.0200730620318,0.981113457645,-3.80445781275,-8.36044992125,4.56363159717,1509599214.36
-368.879907445,-364.909930584,-0.0802002,0.00701904,1.05255,-3.49899,-3.0426,0.30426,1509599214.46
-369.0,-369.844028701,0.0128938796152,-0.00632653639225,0.93933160792,-0.609761455428,6.07707811053,1.98044656963,1509599214.56
-250.933131206,-249.029847547,-0.0766809206781,-0.0190733447464,0.804608166083,16.4100132566,48.60549686,-0.911790810242,1509599214.66
-246.033790459,-244.033790459,-0.0526123,0.0446167,0.984436,5.93307,9.88846,0.15213,1509599214.76
-368.497137797,-368.426226582,-0.0695681162649,0.0930819077033,0.967989247407,3.34714291109,1.37327221086,5.62527361133,1509599214.86
-252.645100405,-250.719422012,-0.015703172949,-0.0733493389195,1.01733125027,5.77107438238,8.96044630665,3.95044719119,1509599214.96
-427.71341298,-425.71341298,-0.0352173,-0.00115967,1.03522,-0.912781,-3.0426,-0.45639,1509599215.06
-255.595781702,-257.433305088,-0.0541878692082,0.0336048045846,1.03541620919,0.913227128055,4.25978870968,-1.36500612903,1509599215.16
-252.788702725,-252.873221635,0.0638001305963,0.0127125074291,1.10644842424,0.614320686217,2.9102484262,3.49452870968,1509599215.26
-375.377664056,-369.641211054,0.127747,0.00830078,1.0993,5.17242,-2.73834,1.06491,1509599215.36
-201.571469375,-201.297911842,0.0122888190187,-0.00106932024891,0.922214764752,-1.21688766326,4.86633195909,-0.299080550747,1509599215.46
-373.011885471,-368.249666279,-0.00610092610328,0.0577481051341,0.887289502539,0.3031936418,4.40872326515,-2.58285859066,1509599215.56
-371.533686507,-380.805932179,0.024292,0.0141602,1.05518,1.06491,3.49899,4.71603,1509599215.66
-240.857354037,-281.255636306,-0.0413460990988,0.0173069683237,1.00697462678,-0.456857892449,2.74411067115,-5.31987108678,1509599215.76
-329.804382763,-413.540945551,0.103467487464,-0.0146296280493,0.984027387526,2.28288578285,7.28852516439,-33.4681320983,1509599215.86
-338.787807955,-418.159144034,-0.0644531,-0.0160522,1.12091,-0.45639,-2.12982,-38.1847,1509599215.96
-233.093168219,-285.616460274,0.114376849725,0.0286424011539,1.04677028849,-5.32726305534,0.904322672174,-22.2180219774,1509599216.06
-222.277909416,-274.222327533,-0.0989326724555,-0.0273217012231,1.01019071883,-2.13536942064,-11.2447058032,-28.7547218439,1509599216.16
-366.302640947,-499.413929322,0.0348511,0.0182495,0.991699,-2.43408,-3.0426,-29.5132,1509599216.26
-206.378831828,-319.886371647,0.044464739475,0.0349489365997,1.05669868035,-4.10587782061,2.8862263336,-49.7348482655,1509599216.36
-259.977091202,-478.291963346,-0.00711239319243,0.056859847009,1.19015648738,-0.00433797010228,-0.924126437236,-86.2517935579,1509599216.46
-166.279248087,-342.41887213,-0.0762329,-0.00177002,1.06989,-2.43408,-5.78094,-100.558,1509599216.56
-234.160534647,-501.034629137,0.0310653878597,0.0755472905872,0.953116321579,0.00272755310779,0.915679024056,-117.433942899,1509599216.66
-128.370890543,-273.86615422,-0.0368712871516,-0.0627600358272,1.03435043035,4.41296330448,1.53101689674,-113.487125289,1509599216.76
-272.666419041,-581.929512272,0.0379028,0.0330811,0.993835,0.45639,3.19473,-114.706,1509599216.86
-130.656734253,-279.686421998,-0.0820773773121,-0.05587746629,1.09529857092,2.28525788356,-0.298688827695,-114.864615836,1509599216.96
-233.850245939,-498.698472937,0.139733851227,0.00860712922895,0.653428104928,3.02954255347,18.2148608254,-115.770652099,1509599217.06
-243.864155545,-520.660388862,-0.046875,-0.108948,1.0766,0.45639,7.15012,-117.597,1509599217.16
-167.678749321,-359.050029048,-0.0387577301385,-0.00862848879146,1.03717687957,-0.912070094032,3.040822738,-122.456646997,1509599217.26
-235.409962197,-511.475484921,-0.0429064878216,-0.0230563973083,1.02513406647,1.8218277498,0.76242826083,-118.968665951,1509599217.36
-164.937542695,-363.526766906,0.0479126,0.0178223,0.894104,5.78094,5.62881,-120.943,1509599217.46
-182.14857351,-328.777369431,-0.013980246835,0.0112711368953,1.00799642372,3.04133052714,3.18783857592,-124.747181198,1509599217.56
-336.508443956,-530.344591941,-0.0162818703884,0.0334990928331,1.0954924283,0.153609842644,-8.50430658107,-83.6712299907,1509599217.66
-232.747675697,-314.495351395,0.0180664,-0.0202026,0.876099,-4.86816,-5.02029,-81.9981,1509599217.76
-330.75655469,-421.176478569,0.0360844283385,-0.0402050517989,1.03893903941,3.03853043273,0.914445821758,-29.0613395036,1509599217.86
-186.471537381,-239.859588699,-0.0619965245507,-0.0786830462485,1.01740536824,1.36596367427,4.55333798584,-35.2979721479,1509599217.96
-373.972193858,-488.209881392,0.0575562,-0.0125732,1.01514,-0.45639,6.99799,-47.0082,1509599218.06
-187.722492252,-241.767422486,0.0254456781179,0.0444174915981,1.05534658036,0.610443343347,-5.3132081668,-38.3471806356,1509599218.16
-325.359905457,-421.822332295,-0.087638704375,0.0379071357907,0.953289659776,0.613326860263,6.99414529814,-40.4687145412,1509599218.26
-342.73817917,-440.08727361,0.036499,0.0163574,0.835876,-2.28195,4.5639,-36.6634,1509599218.36
-239.13708399,-306.98258125,0.0393533630999,-0.0196430488806,0.996037374723,0.911997552607,2.42937932337,-36.3643882483,1509599218.46
-329.947809901,-428.597079868,-0.00191552389314,0.00459422052214,1.03926350547,0.909843075817,1.3721079229,-41.2259289822,1509599218.56
-288.255896487,-374.823444563,-0.00921631,-0.015564,1.00488,0.0,-4.86816,-41.5315,1509599218.66
-229.538017166,-300.03985233,-0.00704228745869,-0.040436606845,1.1153986546,1.98028335169,-2.59498751115,-43.0577872804,1509599218.76
-228.522425575,-295.713455345,0.047706495358,0.0845129363756,1.03351028586,-0.758656111461,-2.73674409127,-40.7746901915,1509599218.86
-330.117827679,-425.10579784,-0.106995,-0.0227661,0.992554,1.06491,2.43408,-40.0102,1509599218.96
-341.901179881,-439.901179881,0.00344013545502,0.0129843282002,0.94620533505,1.82231014815,0.462280354052,-37.4244062847,1509599219.06
-240.334783965,-307.745249936,-0.104507829533,-0.0274493802017,1.065471369,-4.712308631,2.42622377655,-40.4606044203,1509599219.16
-331.441354048,-424.196821851,0.0131226,0.000244141,1.12701,0.760651,2.28195,-35.5984,1509599219.26
-188.712083633,-242.552013463,-0.0664933002646,-0.0585094786067,1.03864171511,4.40391377655,-6.38037330663,-43.199831364,1509599219.36
-324.151883906,-426.889387031,0.0478236410843,0.0136179741173,0.915235273133,5.02323519085,8.96831704361,-39.2443406862,1509599219.46
-366.145659917,-428.642907484,-0.074707,-0.0515137,0.963989,6.08521,-2.58621,-53.8541,1509599219.56
-210.955405824,-217.952596367,-0.0253691060487,-0.0794747525039,0.978133244737,4.85895813533,2.87848617624,-11.1063559593,1509599219.66
-430.879592094,-447.03240204,-0.0105425610948,0.0187763495363,1.04622472069,-3.80710195742,10.3353841947,-7.60351402999,1509599219.76
-301.552497214,-275.044771712,-0.0964966,-0.0167847,1.11902,-0.15213,-0.15213,-2.58621,1509599219.86
-284.665683621,-248.222877586,0.126989342679,0.0483648095201,0.958019844503,3.64589702596,-4.1183911816,24.3297012231,1509599219.96
-470.366749342,-408.532926464,-0.124141572277,0.00106405460482,0.994673817896,0.00435247836349,-12.0061130177,23.5719302053,1509599220.06
-244.347362859,-210.332619241,-0.00866699,0.00793457,1.00507,-7.15012,1.67343,21.4503,1509599220.16
-470.024626121,-402.911494967,-0.148788428515,0.153770721238,1.16582681232,0.75268596314,0.777466029659,22.0591212074,1509599220.26
-311.722482731,-267.064698489,-0.121303220561,-0.0470679099993,0.939418102759,-2.72838370574,0.602104720025,20.9964337172,1509599220.36
-414.536369046,-351.526716812,-0.0771484,0.032959,0.939148,-5.47668,5.17242,25.71,1509599220.46
-244.827876188,-206.947631878,-0.0447815751663,0.103403693126,1.03346813895,-0.914130266814,-5.15712829268,28.1339804139,1509599220.56
-406.696144261,-348.137770246,0.00122175234962,0.00751619576568,0.915190511408,0.002742061369,-5.30672658608,23.2763570703,1509599220.66
-426.87194672,-368.373691452,0.0690918,0.0455933,1.03442,-2.28195,-1.67343,22.8195,1509599220.76
-249.498394548,-203.731179085,0.043044411344,-0.0371064093606,1.06002534111,3.04442804091,-6.67910565768,17.7989715399,1509599220.86
-510.054836322,-350.063088667,0.059593683139,-0.0373725937653,0.864592707246,-1.8188281668,-2.28264639654,56.27510072,1509599220.96
-416.205237576,-276.635845167,-0.0151367,0.0686646,1.07025,-2.12982,-15.8215,69.3713,1509599221.06
-326.492671107,-217.689077831,-0.13014020653,0.0776187069571,1.07568779022,-0.603334295067,-4.40328266719,68.4552992466,1509599221.16
-453.885103982,-304.657806479,0.0106624497628,0.0508713383854,0.930959375009,-1.67343,-0.306381833202,61.3119364662,1509599221.26
-341.703150067,-223.787964334,-0.0241089,0.0177612,0.95282,-2.73834,12.9311,66.633,1509599221.36
-324.455565473,-211.591674105,-0.0319508722266,-0.00708867064516,1.1714401967,0.604451431157,4.26682160504,69.8317695515,1509599221.46
-463.820642575,-305.121921727,0.00957776064516,0.00150110095987,0.954587982691,0.609957316286,5.16667472856,67.7002938631,1509599221.56
-489.442396083,-319.139400979,0.0200195,-0.0371704,0.846008,-0.912781,10.497,62.5255,1509599221.66
-276.901066036,-183.235356588,-0.0629942462366,-0.0260638188232,1.07108260449,2.73275069077,-5.77729479937,75.3034279784,1509599221.76
-449.625471447,-293.983256505,0.00197456961638,0.0114038815225,0.922695983358,3.48926946499,-1.97890506688,66.9390010777,1509599221.86
-489.996219057,-319.426410889,0.0192261,0.00579834,0.986877,0.30426,-0.608521,70.2841,1509599221.96
-349.023881862,-226.774717608,0.0896122946189,-0.0132797202131,1.03123522891,-1.52869922943,7.27536615955,71.9647524593,1509599222.06
-322.438099433,-207.584132578,-0.00172441635076,0.0489469387304,0.984554731135,-2.1278178616,1.2212945476,71.349,1509599222.16
-523.217533333,-363.02885,0.0129395,0.0858765,0.924744,2.58621,6.84586,67.2415,1509599222.26
-339.233594594,-252.951784941,-0.00860794988341,-0.0173178864173,0.788615212574,-0.0117625892282,-5.33230832558,70.1314993992,1509599222.36
-290.803829152,-237.49680904,-0.00847064773836,0.0830619227046,0.995895964619,-4.85292632573,-11.8445190282,25.5662785375,1509599222.46
-354.30002047,-295.819498331,-0.125122,-0.0170288,0.885254,-0.15213,-2.12982,22.5153,1509599222.56
-426.942429912,-357.631780898,-0.0645301303197,0.0175741739504,1.03962351644,4.86455469709,5.61464630999,23.1289504327,1509599222.66
-427.017802099,-383.895689079,0.0768916111055,-0.0447062773431,1.00882327688,2.73782495673,14.1231203826,28.9101080729,1509599222.76
-295.155446803,-288.351865428,-0.0860596,0.0787964,1.07166,-3.65112,2.58621,13.996,1509599222.86
-392.177269243,-388.652742801,-0.0521981519062,0.0216281265789,0.999953534511,1.06151506516,3.81552405765,0.608259849582,1509599222.96
-239.466923579,-237.146665937,-0.0134054663257,0.0309941205493,1.08732431872,-7.43688301981,-6.36675002861,3.65033655389,1509599223.06
-378.672410961,-374.1577642,-0.036377,0.0689087,1.07129,-5.78094,-11.5619,0.760651,1509599223.16
-294.044120517,-290.71725356,-0.0203911176954,0.0225961089097,1.00642832196,0.00264775767113,-4.71894255084,4.5570158318,1509599223.26
-438.897124732,-438.403051966,-0.00826088950719,0.0294450933481,0.97043770808,0.610374428629,-3.49713656963,0.450300157356,1509599223.36
-305.185936588,-304.351866271,0.0258179,-0.0187988,1.03864,6.38947,2.43408,0.760651,1509599223.46
-389.380967909,-382.553543971,0.060636314638,0.0616851645948,0.982116463176,-0.908754955749,-3.18614110936,2.73887680566,1509599223.56
-300.83526295,-295.327812662,-0.0580085840963,-0.0605418435734,1.00916496173,-0.453125641227,-5.02029,1.37379450826,1509599223.66
-387.455758964,-378.309707488,-0.0502319,0.0887451,1.08203,-3.34686,-7.75864,1.67343,1509599223.76
-236.990864394,-236.924403281,-0.0597499896645,0.0459520605822,1.07222181282,-2.43952059795,4.40116083399,6.68747329447,1509599223.86
-374.502753988,-373.197939626,0.0506515865794,0.0529167846935,1.02928474091,4.70720897718,13.2088369497,0.60686705641,1509599223.96
-410.175449746,-407.350899492,0.0725708,-0.0881348,1.04431,6.84586,3.34686,3.80325,1509599224.06
-238.838536919,-237.484320217,-0.0734813354603,0.0397721194597,1.00708247574,1.21173360346,-5.00604651456,0.00139642197745,1509599224.16
-431.12390301,-428.481437756,-0.0645152533438,0.0260554562549,1.00536120378,5.02140713611,8.37553859428,2.28055357986,1509599224.26
-315.306912767,-313.127175575,0.0143433,0.0419312,0.977539,-2.12982,0.912781,-1.06491,1509599224.36
-390.425179709,-385.967271333,0.0681893516201,-0.0485844539446,1.20514551377,1.82103342064,7.59575935985,0.306523288749,1509599224.46
-360.993983795,-355.993983795,0.0620424761891,8.10639635935e-05,1.0408081575,-2.577156845,-2.88481177813,1.97627544453,1509599224.56
-230.536823233,-228.804772937,0.046875,-0.0992432,0.909058,-0.30426,11.4098,1.5213,1509599224.66
-416.882327451,-434.642072782,-0.0434001507379,0.0290236273419,1.06682755063,3.65599116754,-9.40112384117,1.97024000787,1509599224.76
-292.373483649,-329.030452018,-0.09989240669,-0.0664308574995,1.04627009019,-4.09662154996,-12.1620904122,-5.92160847364,1509599224.86
-348.896082814,-419.777872195,-0.104736,-0.0410156,1.07391,-2.28195,-3.19473,-27.5356,1509599224.96
-221.732975094,-264.84992036,-0.100987643651,-0.0455051720893,1.03437468507,-0.652296605597,-7.86641020545,-33.4023379369,1509599225.06
-335.162645225,-401.738290929,-0.00262451,-0.045166,0.831604,-0.608521,-5.62881,-27.6877,1509599225.16
-368.384015919,-450.463936323,-0.0234222377941,0.0690067442887,0.930128194264,0.91865684386,6.38418171948,-33.4627241542,1509599225.26
-217.938784842,-266.440432869,0.0399280228667,-0.0195762836778,0.959502291753,2.59737412631,6.08638516916,-35.1391620771,1509599225.36
-381.708413671,-470.024965366,-0.052063,-0.0134888,1.00629,4.71603,-0.30426,-34.8378,1509599225.46
-278.825379284,-341.835844428,0.0292510391007,-0.0393008123167,0.954142364614,8.35377610948,1.65498998045,-35.9068638319,1509599225.56
-340.733223825,-421.222625339,0.0357598362015,-0.00559377049329,1.0090804015,3.49658162864,0.622369153136,-36.5115011849,1509599225.66
-320.940513226,-387.913473783,0.0125732,0.010437,1.01404,1.06491,-7.30225,-28.2962,1509599225.76
-357.195250389,-433.593801356,-0.0189548411821,0.0337842669909,0.97700642665,-2.5831995358,-1.04594405574,-25.7096990129,1509599225.86
-271.584304595,-330.025093317,-0.0389557877763,-0.0199261116587,1.0968387297,-1.05455110149,-0.738714527072,-33.4570224877,1509599225.96
-261.348303745,-284.854568269,-0.0562744,-0.0501709,1.13239,-4.41177,-1.97769,-32.4037,1509599226.06
-381.163481109,-386.820157449,0.00310714682307,0.00117465016332,1.08411560606,5.15638837136,3.02749327301,-4.29694442744,1509599226.16
-353.831322032,-357.625331448,0.120179833131,-0.0740311638319,0.940379260329,-5.01504889064,0.601738385857,5.48747045848,1509599226.26
-233.573166869,-237.573166869,-0.0307617,0.0158691,0.880859,5.47668,13.8438,-5.32455,1509599226.36
-373.713889239,-377.713889239,-0.110203557547,-0.0173483097418,0.978027890828,3.50522857283,-2.1104804673,2.42659373721,1509599226.46
-414.05286396,-414.105727921,-0.0396016632239,0.0222947231863,1.01253574732,-1.37572047994,4.69107577021,1.21392072384,1509599226.56
-252.297255611,-251.297255611,-0.0212794685216,-0.0225633546527,0.951263590444,1.68289666118,7.14507110436,-0.753077685573,1509599226.66
-374.080582776,-373.866680789,-0.00213354545598,-0.045918079181,0.947595392604,-3.03597335169,0.914358771333,2.5912588749,1509599226.76
-420.568877982,-420.568877982,-0.0393775528861,-0.00285051997425,1.06397131536,4.40104113876,0.755602123024,0.448816687648,1509599226.86
-363.075385293,-361.509855166,-0.0928345,0.0255127,0.932861,2.58621,-4.86816,1.67343,1509599226.96
-402.459423305,-406.70837241,-0.0739511206924,-0.0559821290847,1.03378455547,5.00911863887,5.15582254917,-4.25389472856,1509599227.06
-361.049085425,-363.148337852,0.113408180532,0.0983083719453,1.12165152469,6.99637595594,6.65111908829,-1.3717524705,1509599227.16
-288.119678558,-289.119678558,0.113159,-0.0338745,0.919434,6.84586,11.4098,1.67343,1509599227.26
-329.569671614,-330.569671614,-0.00782577969578,-0.0272562797773,0.958052297785,0.149224720692,0.770335262237,3.34137225232,1509599227.36
-241.149828563,-240.59649269,-0.0656141556398,-0.036616947443,0.98095093155,3.64132692154,6.82333590301,1.37276079465,1509599227.46
-370.722298945,-367.396246047,-0.0806885,-0.0375977,1.24725,-4.86816,-17.495,2.43408,1509599227.56
-466.538511358,-467.182746797,0.0384001574899,-0.0107709356317,0.971898441361,-2.5825793098,6.35085250554,-2.57993880409,1509599227.66
-321.862024723,-323.08951028,-0.0604257333145,0.00831505131679,1.09769608416,-1.22067069237,-5.1615279229,1.81697836349,1509599227.76
-385.237009602,-384.695233244,0.0546265,0.0908203,1.02582,-0.30426,-8.36716,3.19473,1509599227.86
-254.920825568,-255.459308345,-0.0128708582243,-0.071443773042,1.05190094676,-3.64344512982,-3.7945740598,2.74301166011,1509599227.96
-367.292960135,-370.59714528,0.0544701681401,0.0880483524307,0.925151969244,-0.60485040772,1.82589369001,-3.80224892998,1509599228.06
-420.600058087,-418.466647304,0.12323,-0.0222778,0.837036,0.45639,3.49899,1.06491,1509599228.16
-312.59558176,-311.655845207,-0.126671131929,0.0739233033259,1.08094481153,-3.65989026608,-8.03692656319,2.28026341463,1509599228.26
-279.763776865,-276.708669405,0.0952723991131,-0.100608760976,0.990263738359,-0.157527073171,4.22219778271,-1.51522829268,1509599228.36
-435.493729337,-433.018177664,0.0484619,-0.0910034,0.981018,1.82556,17.3428,0.30426,1509599228.46
-328.797148551,-329.079543425,-0.0299777383234,-0.0295458799633,0.988921276733,-5.91602279308,-4.53969294376,0.613294215697,1509599228.56
-382.540899284,-381.262212633,-0.140603815762,-0.0273185672627,1.07826273502,-0.763062996161,-10.6346280094,3.94676571991,1509599228.66
-313.381424101,-311.381424101,-0.0615234,-0.0154419,1.03357,-1.5213,-9.27994,1.5213,1509599228.76
-280.242916705,-280.514166589,0.0331945601078,-0.0215421442863,1.02024686241,-1.82624914241,-3.65043085759,0.926563868536,1509599228.86
-382.028522243,-380.005454918,-0.0597166146127,0.0143331934411,1.0382271816,-1.96933324154,-2.73973279308,0.457782793076,1509599228.96
-416.508933929,-416.526801787,-0.0319214,0.00585938,0.91449,0.15213,-1.36917,-1.36917,1509599229.06
-260.338935307,-259.832578916,-0.00434069883246,0.02229909457,0.984871986887,3.63423238395,-0.894134231838,0.147556270653,1509599229.16
-365.394611958,-364.394611958,-0.042660939804,-0.0328710630737,1.07798661922,0.00844380802518,0.457445478316,-1.05329976397,1509599229.26
-413.997354403,-414.498677201,0.0304565,-0.0861816,1.04767,-0.608521,2.58621,-0.912781,1509599229.36
-364.296966436,-364.547688997,0.027438409234,-0.0120278833464,0.972974256133,0.752475592471,-1.6784063336,1.6776954288,1509599229.46
-241.790866512,-242.538818156,-0.0205270157094,-0.0348224257921,0.980557487519,-3.9543136428,-11.2366283551,0.00213271673462,1509599229.56
-414.381127842,-410.899813265,0.0565796,0.0418091,0.894836,3.65112,-6.5416,4.10751,1509599229.66
-261.246978267,-259.976195296,0.0499977348544,-0.00708589032258,1.07044466876,-2.58369644375,3.48785853659,2.13843790716,1509599229.76
-324.284147044,-326.518652077,0.0659331211959,-0.00346090099135,0.979743483871,-1.98307619197,9.56911863887,-1.06885987411,1509599229.86
-239.599521743,-241.855698832,0.0489502,-0.0101929,1.03973,-0.15213,1.21704,-0.912781,1509599229.96
-120.539611086,-121.055562826,0.0976074232554,0.0191958595069,1.07052180912,-1.37062082612,-1.52021188041,-1.05257797797,1509599230.06
-87.6013850264,-87.6013850264,0.160616497165,-0.0146517748277,1.02539922492,-1.21777266719,7.71358084734,5.92207999213,1509599230.16
-23.7358513472,-24.4739736201,-0.0239868,-0.0100708,0.986084,1.21704,4.25964,-2.43408,1509599230.26
-4.20959007477,1.41918014954,0.051166429428,0.0334054120783,1.00560261545,-0.912414666404,-6.07312096727,1.68625169993,1509599230.36
-8.67498762093,14.0249628628,-0.0274837023174,-0.0138972979086,1.06001768543,-1.21556015979,-19.7624714613,8.81541084114,1509599230.46
-15.1351388674,18.0,-0.0717773,0.00775146,0.998169,1.06491,0.30426,0.912781,1509599230.56
-57.2722229497,54.6111117725,0.0271991609184,0.020607660761,1.00922748993,-0.454522061369,2.29801429678,48.8128790382,1509599230.66
-45.6976762452,45.3507767667,-0.0172890315333,0.0107893575114,1.04703536092,-2.58284771046,-3.19024694729,51.42,1509599230.76
-93.5862210956,96.7730396182,-0.0796509,-0.0322876,1.00745,2.58621,-3.19473,64.1989,1509599230.86
-83.7274588164,82.6365800191,-0.0339098821008,-0.000556232772072,1.00182797201,-3.04033671125,0.313690369788,92.5079252533,1509599230.96
-84.3345812944,84.2368357166,-0.000939332310946,0.0161892827146,1.01202485993,-1.36803835811,2.43068506688,94.6154697542,1509599231.06
-101.304401633,100.85682497,-0.0239258,-0.00921631,0.992859,0.608521,1.36917,90.2132,1509599231.16
-70.6228372879,67.4568885504,-0.0182611125098,0.00483430920392,1.01274775839,-1.97845168371,0.45677084436,96.9004257135,1509599231.26
-96.6219340616,94.0627316639,-0.0204194495816,-0.00251619158787,1.01422993849,1.67038326515,-1.07138431157,98.1185682641,1509599231.36
-109.124887238,107.124887238,-0.0117798,-0.0078125,1.01227,-1.5213,-2.89047,93.7122,1509599231.46
-68.5609398503,70.8633827758,-0.0233754201106,-0.00148535532032,1.00370149727,-0.760651,-1.2066593391,91.8881378251,1509599231.56
-106.655358074,108.509143751,-0.02032392141,-0.0212443116515,1.02484706506,-1.97225665618,6.08404568653,96.9003023937,1509599231.66
-80.179194535,74.7555042487,0.00921631,0.0065918,1.00598,-1.36917,2.89047,92.343,1509599231.76
-110.84374405,109.252225427,0.00578152044203,0.0123009172873,1.01368687652,0.00310476789929,-3.49860190401,94.943559526,1509599231.86
-106.846984364,105.715835926,0.0213489630255,0.00627388996638,1.01180639296,-0.609304446105,-5.32298310779,98.7415083685,1509599231.96
-98.4174644508,95.0,-0.0333862,-0.0067749,1.02368,-1.67343,-1.67343,100.558,1509599232.06
-81.3230832582,83.6867732852,-0.0213415213146,0.00736476131083,1.03573371316,0.151339299764,-2.5751401967,101.013209975,1509599232.16
-76.1161723508,79.0,-0.0484018760861,0.0123953670934,1.02116206852,0.607334947047,-3.17891599528,97.9745674248,1509599232.26
-105.14828567,103.629749961,-0.0148315,-0.0158081,1.0061,0.15213,4.5639,100.558,1509599232.36
-115.596165654,114.701917173,0.00647053034094,-0.0284585801731,1.02248047731,-0.912382022817,4.2476706845,100.852425387,1509599232.46
-76.4933111522,74.392946306,0.0129443019932,-0.01922932738,1.01178257015,0.908392245738,2.5766345476,96.9053041437,1509599232.56
-98.425735667,96.8230351458,0.0172729,0.0407104,1.00653,0.15213,-1.82556,98.4282,1509599232.66
-117.788738966,115.394369483,0.0243250988434,0.00614064409913,1.00665,-1.37078041699,1.05323447679,99.1988649739,1509599232.76
-77.954048437,74.2583543427,0.0134460999642,0.00198750814391,1.00386855161,0.305467815392,-1.37923510622,101.62380452,1509599232.86
-116.930837855,108.765166792,-0.000671387,-0.02771,0.99585,-0.30426,-5.62881,103.296,1509599232.96
-85.1841998752,84.1915828219,-0.0151206829149,-0.015536989891,0.987598696779,-1.97687753737,-5.92941391817,102.676625096,1509599233.06
-116.009959216,110.71218748,-0.017280793,-0.00155188490332,1.00696937558,1.0628607081,-6.68758209737,105.121180984,1509599233.16
-115.47324712,108.54298384,-0.0548096,-0.00860596,0.991882,-2.43408,-1.67343,100.862,1509599233.26
-90.2281238614,84.9167176683,-0.0328174905438,0.00670336997354,0.993150541211,-2.1318692919,-0.455160424862,105.884638033,1509599233.36
-110.121075016,106.495868438,-0.0140373882283,0.00895241065732,1.01330119376,-3.038878631,0.155437883556,103.904173736,1509599233.46
-80.8501413761,79.2218033302,-0.0130615,-0.0065918,1.02563,-1.36917,-2.28195,102.84,1509599233.56
-102.354396101,99.9864504707,-0.0178198754286,0.00519881591827,1.02721441575,-1.5171288749,-0.306762675059,101.024013113,1509599233.66
-121.0,115.953626072,0.0023670340586,-0.0222364653375,1.01554478292,-2.28278422502,1.82597711251,95.9953513649,1509599233.76
-80.8483068763,76.8899183911,-0.00683594,0.019043,1.00092,-0.45639,1.21704,100.71,1509599233.86
-104.092778818,102.450610393,0.00764991742245,0.0134314071173,1.01776598946,-1.9760070417,-0.769907267887,105.125365806,1509599233.96
-125.354334007,122.322832997,0.00327209885654,0.00287692133681,1.02925442195,-0.762333955535,-1.68100331235,104.361843526,1509599234.06
-84.1228808012,80.7983182077,-0.031189,-0.00848389,1.01562,-1.82556,-3.95538,108.012,1509599234.16
-120.583695644,118.930926493,-0.026500877262,0.0144176279744,1.00851600751,-3.19473,-3.49644380016,107.710546814,1509599234.26
-101.639939828,103.999364478,-0.0411337840998,0.0115296410979,1.02845913382,-2.12897126672,-2.73918873328,108.013698806,1509599234.36
-81.6808270596,83.0,-0.0441895,-0.0270996,1.01093,-1.06491,-2.28195,104.513,1509599234.46
-126.45374983,124.448192146,-0.0394165505782,-0.00109939873519,1.01275004077,-2.27724207205,-1.05934607901,104.670279093,1509599234.56
-90.6537029809,88.9873377953,-0.0513436773931,-0.0250838295401,1.00422886727,-2.43451162077,-0.758061272537,104.516452853,1509599234.66
-106.556117714,103.561067667,-0.00756836,0.0168457,1.01007,-1.36917,0.45639,105.578,1509599234.76
-127.67363481,124.336817405,-0.0302140035005,0.0183591768326,0.985461819422,-3.49078920819,-0.759787755621,105.741223899,1509599234.86
-86.6565839263,83.6565839263,-0.0490991122094,-0.000808308268865,0.998890348401,-1.52086475216,-0.602862775266,108.465083256,1509599234.96
-107.552202575,105.871320117,-0.00982666,0.00817871,1.00995,-1.82556,1.36917,109.99,1509599235.06
-130.973217324,130.630956432,-0.0275907949646,0.00453174272751,1.0004963808,-0.762406496722,0.45770662759,111.508807501,1509599235.16
-102.483669448,104.451424818,-0.0253837336454,-0.0152395083661,0.988923082088,-0.916291996328,0.905758998689,112.576,1509599235.26
-119.715133884,118.789317818,-0.00891113,0.0296021,1.01733,-1.82556,-1.21704,116.684,1509599235.36
-120.033632463,116.381079865,-0.0232834723167,0.00164475439291,1.01477532294,-1.21615499897,-2.88869999213,117.596554967,1509599235.46
-94.7319634736,97.8898995452,-0.0136150609685,0.0168940951076,1.01463845242,-2.73745499607,-1.52351250983,116.072347257,1509599235.56
-86.0,89.1065555434,-0.000427246,0.0593872,1.00067,-0.608521,1.21704,115.923,1509599235.66
-117.059986007,116.118736881,-0.0529018929619,0.014260070088,1.0177532434,-2.42961871261,1.51773096774,110.453140762,1509599235.76
-119.798569612,118.444089175,-0.0516656560117,0.0201189035191,0.999464076246,-1.52308451613,-4.40775483871,119.879,1509599235.86
-63.7088957063,64.640539878,-0.0264282,0.0261841,1.0257,-2.28195,-4.86816,91.1259,1509599235.96
-23.5150087111,28.0835784804,-0.0053904474575,0.0210763369106,1.01295498891,-0.151680243902,1.8246604878,47.7819427199,1509599236.06
-5.75490399054,7.91299298699,-0.0665926016558,-0.00125927820757,0.991873874782,0.910060698043,0.906887015903,-1.36644970102,1509599236.16
0.0,0.0,-0.0158081,0.0162964,1.0152,-0.912781,-1.97769,1.06491,1509599236.26
-1.27350018446,-3.82050055339,0.00018819817705,0.0014795738352,1.01812454617,0.456843386143,-0.457750152469,1.97632985051,1509599236.36
-7.71457400277,-10.4446686688,-0.0190319987698,-0.00815469058723,1.00156007081,0.000457010228167,1.5181009284,-0.301060925399,1509599236.46
-39.4936593168,-40.8604668875,-0.0928955,0.00787354,1.00378,0.0,-1.97769,2.89047,1509599236.56
-58.5255753076,-58.8941814807,-0.089663993248,-0.00105372133085,1.01942738025,0.0018425522018,-1.96709534225,-0.151669362707,1509599236.66
-76.3712115622,-77.6305355285,-0.0640440243664,0.0150851974418,1.01677890995,-0.304720637293,0.928903332523,1.35673279308,1509599236.76
-158.844008835,-157.704180868,0.0285645,0.0114746,1.00616,0.0,1.5213,3.65112,1509599236.86
-138.746476728,-138.877839266,-0.0682110365472,0.0108345891591,1.00483266481,-0.762043790025,2.8691138395,-1.21239735641,1509599236.96
-196.556358946,-194.184499386,0.0719467167942,0.0071306791734,0.981490639558,-1.67667985051,-2.12610588818,3.50177558615,1509599237.06
-164.267041964,-162.382769673,0.00952148,-0.0244141,1.00037,-1.06491,10.1927,0.15213,1509599237.16
-177.160822111,-174.051524791,0.00118278058794,0.0672907115593,1.09119940205,-2.12748054288,-3.32486910307,0.297709520063,1509599237.26
-211.794491061,-208.656143743,-0.014786277498,-0.010473311909,0.991143072169,-0.606649431228,2.39898811244,3.20034469709,1509599237.36
-131.807212731,-132.285026951,0.0131226,0.0108032,1.04675,-2.43408,-4.10751,0.30426,1509599237.46
-112.82102015,-117.293999719,-0.0155542485158,-0.00465525386191,0.971607563217,1.22034062943,-8.95634771094,-5.17854977136,1509599237.56
-111.497206544,-115.646927199,0.0572880755869,0.00190714979973,0.961301906087,0.00142543666404,-3.3340310669,-8.52261601888,1509599237.66
-89.5430960411,-88.8524240556,-0.0487061,0.0199585,1.04114,1.67343,-1.06491,2.43408,1509599237.76
-94.0454126616,-73.2500255957,-0.0393662691057,0.0173469628877,0.999698233507,0.611847015759,-0.616123325752,0.759225560213,1509599237.86
-71.6166264768,-32.270783096,-0.00884293981904,-0.00776697575138,1.01054956727,-0.15165122738,0.30809018096,7.14581101495,1509599237.96
-40.1793651209,-0.452910080615,-0.0314941,-0.0113525,1.02832,0.45639,-4.25964,25.4057,1509599238.06
-26.5186933912,27.5342605027,0.0102494727988,0.0374955695492,1.01254872279,0.912298600315,2.57752680566,28.6236550581,1509599238.16
-7.20300563944,48.0757670618,-0.0185555089273,0.0317778169945,1.01943245571,-1.06539239969,-1.21655760031,8.07737199056,1509599238.26
15.1231832987,55.0307958247,0.000488281,-0.0422974,1.021,-1.67343,-2.28195,33.7729,1509599238.36
47.802091842,108.418970892,0.0936875677992,-0.010017014844,1.04852128102,-0.147269732494,9.42526562549,44.38311786,1509599238.46
92.9682338295,174.589263058,0.0687306361586,-0.0168931165091,1.03137188637,1.05664754524,8.49741876428,34.5257238276,1509599238.56
92.7388180853,153.866164562,0.0152588,0.00701904,1.04553,-2.73834,-6.38947,38.3368,1509599238.66
144.827813387,201.632448952,0.0659594704742,-0.0549785706602,0.813163109649,1.04483419355,8.75842584937,40.7806930763,1509599238.76
205.956088157,234.043911843,-0.032408517817,0.0304565,0.998503772906,-1.36427346184,-1.33832177741,16.2994447035,1509599238.86
227.553442631,207.072745889,0.0172119,-0.00354004,1.03839,1.36917,3.49899,1.5213,1509599238.96
195.280447741,151.727908128,0.0491917274039,0.04379425265,0.9467904596,3.03668062943,9.5600292044,-6.52828138378,1509599239.06
166.624714797,118.624714797,-0.0197881771547,0.0232413597454,1.03844702239,1.96626111723,0.910793364948,-31.8130887514,1509599239.16
243.12506455,169.083376367,-0.0269165,0.0271606,1.00226,0.608521,-2.12982,-30.8824,1509599239.26
223.827500684,153.661230319,-0.0214334495959,0.0572428171733,1.02116266099,-0.15213,-5.15850658076,-36.2015337839,1509599239.36
221.269509085,156.851068288,-0.0491557467224,0.0635838991345,1.08142655332,-1.21303571991,-3.33684929976,-29.6709057864,1509599239.46
209.181542814,144.643120109,-0.0430908,0.0336914,1.12018,0.30426,-3.19473,-28.7526,1509599239.56
160.004837404,129.892881969,-0.0667186535679,0.0290191366885,1.01995487948,-3.94680924469,-2.56150605822,-41.2121751377,1509599239.66
189.521537824,186.954452135,-0.108542530175,0.0493708990535,1.04387087228,-3.1836384343,-7.72990272515,-3.95941329662,1509599239.76
222.500739122,223.333826081,-0.00787354,-0.0291138,1.07751,-0.30426,-7.30225,1.36917,1509599239.86
159.22160333,158.05738392,0.0557320435567,0.0373617852848,0.978179664402,-2.27890326515,-3.92795938631,6.06439061178,1509599239.96
185.15623096,183.736835967,-0.000296536404954,0.0834888330973,1.03933507117,-0.468576939418,0.431000509501,2.26570074744,1509599240.06
260.582822656,261.31996286,-0.0631104,-0.03302,1.06848,-1.06491,0.608521,-3.34686,1509599240.16
275.844694706,277.267042059,0.071923627988,-0.048789747493,1.00221940348,1.06542141621,1.21090300215,5.48077136328,1509599240.26
213.912191394,216.064791556,0.117793540984,0.0870245596452,0.910824335741,-4.24020618411,10.7296017309,2.42027176239,1509599240.36
305.871992112,307.721807305,0.0576172,-0.0795288,0.865356,6.08521,-2.28195,2.43408,1509599240.46
275.036485003,276.610239416,-0.028293598343,0.0666510419927,0.896861032473,1.36092930763,1.18768249958,3.95228974036,1509599240.56
311.490007761,312.917709856,-0.0311135416994,-0.0244963041437,0.86284050695,-0.760132329662,2.13967473643,1.21237196696,1509599240.66
329.811629562,355.924742751,-0.0454013949646,-0.0235104900367,1.00511390401,0.465207395751,-6.34642029373,-1.9709472856,1509599240.76
204.260455197,246.414939804,-0.0368963709415,-0.0757999097561,0.946271047731,1.95227515342,-5.88327761343,4.55923196696,1509599240.86
270.652561056,344.140190276,-0.074585,0.0205688,0.994812,0.15213,1.97769,42.5964,1509599240.96
271.949626724,347.172549897,0.0292129160003,0.0076294347021,0.887634275874,5.59642756098,1.19667040126,33.3274681425,1509599241.06
266.402654836,335.257381486,-0.129468207877,-0.0872525775815,1.06045588441,-1.20915113297,-11.209215018,36.6481480867,1509599241.16
225.203124554,283.505107627,0.0112915,0.0202637,0.862793,2.12982,-0.912781,30.1218,1509599241.26
247.884668656,309.398212271,-0.0373118616289,-0.180596113607,0.961453518585,4.68079306058,4.37758490952,26.79383335,1509599241.36
318.440453029,395.559546971,-0.0914625688172,0.00927376698567,1.01416940734,-1.51918179734,-2.13776327301,26.9338842048,1509599241.46
235.395373416,283.81398687,0.027771,-0.0509033,0.931519,1.21704,-10.0406,31.7952,1509599241.56
308.566971246,325.7760572,0.0364247622059,0.112427028944,0.968844148058,-0.154795896502,3.94098417781,34.3840660682,1509599241.66
319.689478382,325.141404549,-0.0907627128889,-0.0194330139325,0.996258066447,-1.64250560618,-0.27333560618,0.148397746299,1509599241.76
240.0,242.106237638,0.029541,-0.0125732,1.03534,2.58621,3.49899,0.912781,1509599241.86
355.828347638,359.379911198,-0.015245928688,0.0452250478912,1.02498886536,1.50787985838,-3.05816739957,0.457463614858,1509599241.96
352.639782425,358.289955604,-0.0299084274492,0.0520848624109,1.00944139694,0.30426,-5.41709439477,6.37658662876,1509599242.06
276.838996142,280.54842802,0.0402222,0.142944,0.99939,-3.49899,1.06491,6.5416,1509599242.16
388.239415704,389.239415704,-0.0477888078011,-0.0980008154877,1.14655564337,13.4525900818,2.82507749756,4.54984875257,1509599242.26
479.090042971,481.725107426,-0.104623325156,0.0351980598646,0.970405816179,-2.55648619984,0.61987008378,-1.37133173092,1509599242.36
351.69675135,354.609435683,-0.0662842,0.041748,0.993286,1.21704,0.608521,1.36917,1509599242.46
372.504919055,376.1315636,-0.0139843100422,0.0140474040484,0.778398551677,6.35084171876,4.69916414634,5.45818196696,1509599242.56
484.242887434,487.621443717,0.00191690464201,0.0372494934936,0.900461715733,7.40673120711,-1.23292291896,4.70617163651,1509599242.66
356.010141017,357.471088099,-0.0609741,0.0266113,1.08374,-3.49899,-3.34686,2.28195,1509599242.76
375.233920969,379.4609846,-0.0144907416375,0.0057344841442,1.10525442458,-2.43298462628,-1.51965693942,3.0426,1509599242.86
487.463496168,492.317480839,0.0232613445438,0.0593471233913,1.04222425315,0.317491534225,0.187965477672,4.70004189614,1509599242.96
399.771588433,402.771588433,0.0593262,-0.0574951,1.23639,1.82556,7.60651,3.0426,1509599243.06
326.668955599,330.202746719,-0.0186858817681,-0.00800352912524,0.866308488663,-5.75985224233,-7.59652102568,1.69007826622,1509599243.16
455.721098283,459.721098283,-0.118752256823,0.0104874947429,1.11369892533,-1.33476362206,-1.63735879908,6.84863470496,1509599243.26
457.602563675,461.071508159,0.114929,0.0012207,1.11047,-3.80325,-1.21704,-4.86816,1509599243.36
458.485977213,459.366716839,0.0822545135064,-0.041830669027,1.04459673748,3.94365007448,10.8012,9.10490867296,1509599243.46
404.442012686,405.027253145,0.0671878676895,-0.0260053027537,1.02223601521,0.467561361133,-8.97288715972,-0.322692745869,1509599243.56
477.585410904,480.638914411,0.0440063,-0.0647583,1.03583,-1.21704,-5.62881,1.36917,1509599243.66
456.926120901,459.350338217,-0.0768980849224,-0.0527586346637,1.0453220473,-0.154378784183,-8.78250971914,5.9201395122,1509599243.76
423.667460174,425.191272532,0.0140363232816,0.0657743471545,1.22184055802,-5.91114439024,-5.89484073171,1.8205002439,1509599243.86
557.0,562.655556296,-0.0581665,-0.0668945,0.748352,-3.34686,3.34686,2.89047,1509599243.96
413.323070661,417.117384816,0.0147235747014,0.0294742905443,0.914876256706,0.453560889064,-7.01609612403,5.78659825907,1509599244.06
427.322502332,427.360250576,-0.129607926305,-0.00226176682021,1.14360860525,-4.39924211644,-1.35948936271,1.82783779701,1509599244.16
466.307304049,466.790230808,0.197144,-0.0820312,0.893433,1.67343,7.60651,1.36917,1509599244.26
549.655646399,553.262736977,0.0217668526858,-0.077787556887,0.759696921846,1.96857881196,-9.5209910581,1.52870284028,1509599244.36
616.395865183,620.826606278,-0.0264533491071,-0.0393080161719,0.904969944091,4.23614387097,8.00559229287,2.26705001574,1509599244.46
414.839032912,417.863786094,-0.00177002,0.00714111,0.973694,0.608521,2.58621,2.73834,1509599244.56
526.025792508,528.493694689,0.0159088968171,-0.0790900286889,0.862951675131,5.60920208497,2.91757513483,3.78998582219,1509599244.66
574.693076659,576.711127613,-0.0821194514055,0.0421156868393,1.18106350798,-5.17357340677,-6.20158435234,4.86642988985,1509599244.76
551.856308572,554.349057367,-0.0301514,0.00463867,0.962585,-1.5213,-5.78094,4.71603,1509599244.86
510.632648348,512.127006802,-0.00612580059295,-0.0668267033855,0.971744954963,8.21096768686,5.77223504327,0.930190909639,1509599244.96
521.410219795,523.418371354,0.104636163055,0.0733902359192,0.736744317693,3.03389504709,0.501655660539,1.3680093391,1509599245.06
691.995414012,687.963312097,0.0297650044378,0.0543762293363,0.777843094153,-5.01466612328,0.186897967594,-4.19574334382,1509599245.16
517.783373168,514.292764505,0.0944922981379,-0.139710815721,0.775853244999,-8.40511720001,14.5098987292,-2.46853368524,1509599245.26
505.736653135,534.196578612,-0.0179443,-0.124207,0.935669,4.71603,16.4301,6.5416,1509599245.36
659.530953725,726.971109857,-0.0968309124598,0.0920101179172,1.51799376296,-3.3309952125,-20.7795160732,21.4503,1509599245.46
490.563664504,552.694577058,-0.166106711036,0.0566438012803,0.821858023317,5.61118246263,4.32715762749,34.2157855161,1509599245.56
547.3842611,614.146537628,-0.0524902,-0.0820923,1.14362,-1.06491,-6.99799,33.6208,1509599245.66
658.493229253,739.636059878,-0.222704902964,0.0344981923897,1.28458067198,-0.890906165272,-10.063816017,30.708425208,1509599245.76
487.423489907,554.965088552,0.00404209703169,0.0887258403929,1.12676665355,-6.23201905634,0.731090375033,40.2991284195,1509599245.86
540.769738064,616.060651007,0.0982056,-0.0363159,1.2937,-0.608521,-11.5619,43.9656,1509599245.96
548.951564319,620.290490262,-0.110147481525,-0.0250445906158,0.971396052786,-0.00832774193548,-12.6149032258,34.827687781,1509599246.06
439.948917392,495.948917392,0.0340970920535,-0.0934279927616,1.19103149489,-0.0173555074744,6.63388334382,31.7987908733,1509599246.16
548.820158474,617.929905196,-0.0465698,0.0217896,0.962952,0.608521,0.45639,37.424,1509599246.26
663.935510591,746.935510591,0.00619110291109,0.148140304485,1.11691657356,-6.52723678206,-6.66500359953,34.3646431157,1509599246.36
504.868132915,567.606041844,-0.0873318789667,0.0364683062704,1.12488769954,2.76242375319,10.816854493,31.1921185585,1509599246.46
488.805991465,553.374990182,0.043396,0.0386963,1.26428,-5.17242,-16.1258,34.5335,1509599246.56
669.024203434,738.413736145,-0.135796008411,0.045977840021,0.921400803662,-1.39158167632,-8.02231672651,37.8773715996,1509599246.66
580.229314674,605.737936287,-0.121845753117,0.047706767103,1.11998490714,3.01837120378,-4.41358715972,28.6350259948,1509599246.76
581.339468668,585.242707448,-0.0315552,0.0531616,0.947388,-4.71603,-13.5396,-3.19473,1509599246.86
539.503215564,545.503215564,0.0236625325871,0.0855311869752,0.792063856663,2.87889240755,-8.34827020385,1.98073673485,1509599246.96
582.311590943,589.728644974,-0.0997929228524,0.0452681599671,1.33298172663,0.0487477576711,-5.57275003862,2.88681391817,1509599247.06
665.506355025,672.153091827,0.134277,-0.0240479,0.998291,-6.23734,-4.25964,5.47668,1509599247.16
473.655576973,478.593346184,-0.061198652619,0.17268486835,1.19287993181,-1.0569413335,3.25909235439,6.66982397633,1509599247.26
640.566412693,647.500662901,0.0164550214529,-0.0386688991345,1.10746324939,3.3401172856,2.73895297404,7.46786526763,1509599247.36
611.867686036,617.539255072,0.0509644,-0.0883179,0.995361,1.06491,5.78094,2.43408,1509599247.46
591.001285365,567.072566018,0.0755157341988,-0.0932010576258,1.10821783134,4.22696014162,8.95409892092,3.96277921322,1509599247.56
636.189983674,588.591136475,0.0488435282026,0.079572619927,1.03182616694,-1.50145269866,2.5843493155,-16.4003288441,1509599247.66
548.707505724,494.963102055,-0.190979,0.0088501,0.810303,-5.02029,-18.712,-32.2516,1509599247.76
756.130356148,676.869643852,0.155266915671,-0.140448453258,1.31512500873,11.2191459352,14.1046839876,-17.6526821758,1509599247.86
642.53722795,572.747407201,0.0317131558687,-0.0051633571931,0.97310544477,-2.28569313139,1.01936848604,-38.4739275564,1509599247.96
616.453380905,557.14166264,-0.122925,0.0938721,0.872375,-2.28195,1.06491,-15.0609,1509599248.06
584.474404436,525.46455175,0.087181772496,-0.147774267034,1.21198865644,4.40800510622,3.51467709868,-30.2663700474,1509599248.16
597.437995043,560.058801683,-0.00803079396085,0.140778427742,0.90773883983,7.72852080848,12.4351684503,-20.2828712252,1509599248.26
631.52167661,614.763150001,-0.086853,-0.0339966,1.14392,-2.28195,0.760651,-10.9534,1509599248.36
574.171633172,577.171633172,0.00603591450969,-0.0620597348044,0.944560161576,3.46869675059,8.76043898076,7.60587889064,1509599248.46
679.097980034,682.546462083,0.0267888394464,-0.212432546595,0.945789218582,-4.54054895358,-6.3194166948,-0.301735562549,1509599248.56
642.7028,648.490742857,0.109375,-0.109924,0.950806,9.27994,3.0426,8.36716,1509599248.66
681.832128082,687.604547424,0.0440866367523,-0.0777708876213,0.908334136423,3.655563155,3.4450373619,0.642162068235,1509599248.76
428.965392514,429.302717341,-0.032865149007,-0.161367476218,1.10282833071,3.36653687099,-4.62145402189,3.20425104642,1509599248.86
576.2470292,578.108362508,0.059082,-0.10907,1.00378,3.95538,-12.6268,-0.30426,1509599248.96
644.024680162,648.502993086,-0.0580703493312,-0.095147862995,1.15842755835,-3.49452145555,-18.1789963808,2.28641854445,1509599249.06
563.343411046,563.343411046,-0.00265144964309,-0.197132275946,1.11351263787,-1.67343,7.73488630713,-3.47844630212,1509599249.16
789.678936946,790.989460857,-0.0186157,0.162659,1.06696,-0.45639,-3.49899,4.71603,1509599249.26
628.603768196,632.038900578,0.10722950309,-0.0135954213218,1.00344319369,6.6828161183,11.0811043166,9.71193431657,1509599249.36
595.122047263,596.520800697,0.096496646103,0.115407548626,1.11930706244,-5.00027585366,10.3338247126,1.3717524705,1509599249.46
838.296151969,837.160253282,0.0836792,0.000610352,1.06555,-3.49899,-2.28195,3.0426,1509599249.56
722.511912978,721.220835098,0.017673062039,-0.103094590455,0.952426177002,3.0263688785,-8.64999488258,2.43213226593,1509599249.66
749.654320664,749.655682741,0.243963494862,-0.0941333266123,1.22612253368,0.164465649095,-12.2588741485,-3.02571963381,1509599249.76
814.384408142,816.675168028,-0.185425,-0.180542,1.52576,-3.19473,-11.8661,3.19473,1509599249.86
570.744555271,573.297822108,0.037042313969,0.0895009350476,0.951696688935,-1.73218832916,8.31688883199,5.00462107789,1509599249.96
761.189951619,762.952587653,0.077888501924,-0.0348513313855,0.893537815249,6.67544954796,9.21334699521,5.80444329733,1509599250.06
914.452055316,911.296277953,0.0681763,-0.101929,1.08728,0.912781,-2.12982,1.82556,1509599250.16
631.540624301,630.802598318,0.163036696898,0.0548375700188,0.871749454736,-1.81833851298,-9.52051957132,-0.458359500775,1509599250.26
646.755067922,649.012793644,0.0145228253749,0.238273401068,1.02936145173,-4.99665604249,-13.6142331393,8.65106849343,1509599250.36
911.418157005,915.836314011,0.0482788,-0.0652466,0.87323,4.41177,6.38947,11.1055,1509599250.46
722.248546228,725.163365417,-0.155619496955,0.103502196171,0.965854511027,-0.266632781155,-2.7026932022,0.480814701142,1509599250.56
645.766059885,647.013412703,0.110302998863,-0.142122536228,0.914158437665,-2.60479512624,8.87213453973,3.96732759674,1509599250.66
783.742924635,786.328406474,-0.146057,0.0223999,0.985229,5.78094,2.89047,9.12781,1509599250.76
732.89880387,734.89880387,-0.103422921894,-0.00825545154853,1.02058774194,-7.58593361491,2.52846349331,1.37248876475,1509599250.86
912.707105818,914.707105818,-0.132061799146,0.0729112541335,1.09922533486,-5.46199763965,-4.47981003028,6.84719476003,1509599250.96
783.322240789,786.142489205,-0.0723877,0.0308838,0.960022,-3.65112,-10.3448,4.71603,1509599251.06
603.591392729,607.182785459,-0.00497730317288,-0.0483647286556,1.0534005877,7.12998974346,0.902715889374,8.05484791503,1509599251.16
787.852522473,789.223865887,0.0510171762487,0.113003762034,0.711821215054,-8.16470442481,-9.52112529027,-0.898689846887,1509599251.26
874.838854988,874.244559097,-0.015686,0.11731,1.23444,-6.5416,-6.5416,-1.36917,1509599251.36
722.407552183,717.152081588,-0.0691292873614,0.0755770875831,0.97933213969,16.8202859867,6.81954922838,9.57812829268,1509599251.46
761.735403957,750.34617774,-0.0167379350333,0.319481006652,1.89214017738,-112.422454102,188.048941907,-16.7420283814,1509599251.56
687.095931623,647.618908324,0.20752,0.11908,0.698914,-12.3225,30.426,38.6411,1509599251.66
668.322315132,613.272472585,0.19567428193,0.164009068951,0.73710445476,32.2783910307,32.1434169158,4.06342302124,1509599251.76
613.618614194,615.151286146,-0.0909260019932,0.223814448466,0.916518144768,-58.2466392867,-28.5672650669,-128.402886939,1509599251.86
769.642837251,779.930787192,0.0911865,0.2453,0.988464,21.9067,-50.3551,6.08521,1509599251.96
645.902365484,643.296613598,0.148993296855,-0.0425347381129,0.838791194001,8.01175833441,-9.93551015664,-0.59692889481,1509599252.06
918.227206413,918.974191583,-0.0952444185967,0.068705451663,1.06123953136,-6.24076757671,18.3241515342,0.755852388098,1509599252.16
847.644458409,849.518754433,0.144775,-0.00354004,1.10071,1.97769,-3.80325,7.15012,1509599252.26
704.900877565,702.29004395,-0.114000199413,0.0839753237823,1.11015892554,1.40276029683,-4.53647938631,-0.461874122738,1509599252.36
610.550786634,608.550786634,-0.0530681062251,0.0260849293446,1.10074207353,-3.47349173092,-11.0545034165,0.297368575924,1509599252.46
793.693548502,782.041115356,0.0531616,0.137573,1.01184,6.5416,9.12781,1.36917,1509599252.56
903.778909184,871.012496251,0.141940875409,-0.0177608747133,0.898115505949,-6.07204733448,-1.04800415755,-1.19833522423,1509599252.66
618.469011215,577.617252804,0.151654751751,0.070035538805,0.887595553155,-2.72517738002,6.86110083733,-17.7791100041,1509599252.76
732.573717125,682.525881188,0.00927734,0.0359497,1.11902,0.760651,-4.10751,-16.2779,1509599252.86
927.689677343,860.827612811,-0.00158813124741,0.0236763017452,1.09919747314,-11.5389188685,-33.4627176608,-26.9144650454,1509599252.96
760.406417685,707.128903878,0.105056854159,0.0532059346113,0.996267178671,-1.22748594807,3.33641405193,-7.01818568271,1509599253.06
639.635106532,609.027808663,0.102966,-0.0974731,1.0694,-4.10751,11.4098,-20.0812,1509599253.16
917.746779032,901.008589249,-0.060371428987,0.0936426433708,0.937190543595,5.91836950433,8.1191266743,-7.63451089812,1509599253.26
797.653429654,796.898058021,0.0305230465532,-0.142978939942,1.11071147391,-8.17582863219,-4.80655787688,2.74814033045,1509599253.36
597.779646323,612.339000893,0.14325,-0.0237427,1.08612,-2.28195,-4.25964,11.2576,1509599253.46
689.701557833,737.822071477,-0.0539924355006,-0.0161350376392,1.0348217159,5.03647401163,-0.696618692011,9.41588598837,1509599253.56
750.134367614,818.065270118,0.0110630266648,-0.0482478057149,0.931725794292,-0.766309217223,13.3047482262,25.3745798727,1509599253.66
706.253459742,784.561718374,-0.135498,-0.0266113,0.897766,-7.75864,-5.17242,19.0163,1509599253.76
846.044890196,922.148369252,-0.00544773692726,-0.0224888728346,0.927001722767,5.50426406409,5.19788199843,34.871042007,1509599253.86
548.031204256,577.425751247,-0.0800322177694,0.0259946786091,1.11375525055,3.92054566483,46.4416435234,-11.6251706673,1509599253.96
511.526890936,562.067966574,0.140015,-0.126038,1.13715,-9.73633,-1.06491,29.0569,1509599254.06
679.278147981,732.953140066,-0.126338919796,0.0801655824285,1.08704838443,-11.9389868221,12.7646095036,14.1438127149,1509599254.16
556.514059361,608.130693017,0.249130092492,0.0742945617147,1.15076981301,5.62237921322,-10.3326531931,7.00227719119,1509599254.26
582.967901928,644.408231215,0.168396,-0.164734,0.927612,7.45438,24.7972,7.15012,1509599254.36
447.455784969,455.017858886,0.0313541420142,0.000615682065303,0.905766148702,-2.59554606609,6.29898202203,32.2314912667,1509599254.46
579.261048192,561.220709141,-0.359076087333,0.0465968969315,1.09978141621,-9.86116991345,-15.3190880409,-45.332645476,1509599254.56
413.359750218,455.256902204,-0.0442104146008,-0.138847336612,1.11793429178,-3.96692862337,-4.12699826932,-97.4684841475,1509599254.66
309.304122325,348.427108946,0.00549316,0.0505371,1.06256,-10.1927,-5.62881,-128.094,1509599254.76
392.470328017,405.744145959,0.0711090622683,0.0108604518251,1.15853771652,6.08232280857,7.88478565672,-89.8058831557,1509599254.86
223.904491546,236.550683496,0.14527858291,-0.0670826030732,1.03608757528,4.72546041747,13.492448008,-47.9855619054,1509599254.96
215.624085218,260.250821011,-0.0444336,0.0280762,0.974915,-11.8661,-8.67142,-72.8703,1509599255.06
199.017468527,238.992199978,0.0134312113654,0.21628035486,1.0357630613,-3.38185392604,-12.6158641585,-60.9932641585,1509599255.16
112.401153893,117.634895738,0.122859047586,0.00567900255776,1.03195536228,7.15449424076,11.9257117123,10.0439759102,1509599255.26
110.053468019,108.677114003,-0.0612793,0.0123291,0.978516,-4.25964,-6.5416,-11.714,1509599255.36
14.5326863831,14.3001461828,-0.0328433066137,0.0256884511742,1.02936239992,-7.31910115275,-3.67163472951,-24.756170541,1509599255.46
-14.5664403584,-9.61269865453,0.00606282348091,0.042162213535,1.00133231052,8.50976532651,12.9223078011,6.98187127363,1509599255.56
-9.05648569939,-6.69804761077,0.0750732,-0.0473633,1.04266,1.5213,-8.67142,13.6917,1509599255.66
-11.2770129616,-6.61546632877,0.0500053759173,-0.00490776028658,1.03707759149,0.00147258851298,-9.42249817467,3.0543807081,1509599255.76
-2.65109990812,0.0,0.0167129657678,0.0195527158954,1.01539389052,0.307205181866,0.919407643469,3.35127776554,1509599255.86
-2.34962738982,-2.34962738982,-0.0176392,0.0255737,1.01221,-0.760651,1.06491,1.97769,1509599255.96
-16.6976334856,-16.0288311763,-0.00447427211573,-0.0122575569087,1.0097821894,0.152869921322,0.447510944138,0.302040236035,1509599256.06
-35.3334555567,-34.3332722216,0.017879631085,0.0302670806452,1.02703558162,3.18208968231,-3.82109521017,-1.35727322581,1509599256.16
-38.6483719845,-39.3163454141,0.00213623,-0.0316162,0.989929,1.21704,-9.12781,-1.97769,1509599256.26
-74.7954238704,-75.4570392746,-0.0989099584555,-0.000576105176931,1.00739695015,-0.617443575758,-3.24454803519,-9.27473516129,1509599256.36
-126.035311518,-126.717672193,-0.0468806077748,-0.012904966793,1.01106738645,3.79652542093,6.67654491548,3.04035847364,1509599256.46
-149.215252861,-146.886991593,0.0113525,-0.00469971,1.03271,0.760651,-2.73834,0.15213,1509599256.56
-192.324145766,-189.6511233,-0.0439605687984,0.0128629886188,1.01786774766,-0.753142964952,1.84357926042,-1.20652875982,1509599256.66
-165.492069613,-164.469296084,-0.0277081966969,0.0422023655389,1.03989034976,-1.52054919748,6.52733470281,6.06719069022,1509599256.76
-241.307124915,-239.71327008,-0.104919,0.0143433,0.950684,-3.34686,-12.3225,-3.95538,1509599256.86
-338.59064191,-333.527643598,-0.0373734194383,-0.022166653401,0.948669125098,-1.36388899292,1.15291353504,2.43558885917,1509599256.96
-243.967038488,-243.288441804,-0.0433454095177,0.0124724291801,0.949239994993,0.756878847126,1.09659609208,0.75536998796,1509599257.06
-220.55374171,-221.193662491,-0.00518799,0.0463257,1.03705,-1.82556,4.71603,-1.97769,1509599257.16
-305.071310708,-305.797494637,-0.00864489987936,-0.00230189273013,0.966430978232,2.58696805665,0.303501943352,-1.35704109363,1509599257.26
-222.716306909,-221.984257122,-0.0243827948859,-0.0221898735274,1.03311565355,0.294405263572,5.33516284291,3.64505554681,1509599257.36
-127.661824486,-130.607966737,0.031189,0.055603,1.04651,1.97769,11.1055,-3.19473,1509599257.46
-65.3783541869,-68.1796644385,0.0557180714613,-0.0192277639654,1.03028328803,0.768267832129,-5.74818759531,-2.89199336743,1509599257.56
-28.7489449619,-27.3740035751,0.147921956787,-0.030523227484,1.08096163937,-1.37682310779,-1.41891510002,6.5132834559,1509599257.66
-2.75653070114,-2.75653070114,0.0534668,0.00115967,1.03455,0.15213,-4.71603,-4.10751,1509599257.76
0.927625095806,0.0,0.0150296430611,0.00661659861917,1.00853144792,-1.51823876191,-11.8523246575,1.36610876191,1509599257.86
2.07731636085,0.0,-0.00548029913907,0.00520561765372,1.0184119455,-0.311180440598,-8.55850572897,-0.914318870634,1509599257.96
3.36489162672,-2.14129467155,-0.0625,0.0143433,1.01843,1.82556,2.28195,1.82556,1509599258.06
14.0423616665,-10.0423616665,0.00262975789429,0.0212910712467,1.01189647529,-1.67111230527,7.15707308419,-2.73215948072,1509599258.16
17.9746253061,-14.2771627755,0.00626428179672,0.0018614785137,1.01245126958,1.82710512982,1.38693899292,-20.071929018,1509599258.26
13.7074800788,-10.406648959,0.0158081,0.00860596,1.00995,-0.912781,-1.67343,-13.996,1509599258.36
18.2044492282,-12.1096399945,-0.0148956775476,0.015142964869,1.00979357056,-0.00232857592447,-7.75708761605,-17.6393380803,1509599258.46
12.8074954327,-2.40374771633,-0.0509251256706,0.00237632523401,1.0059625506,-0.149025232101,-2.73678761605,-6.25053526357,1509599258.56
5.24627493005,0.782646901232,-0.0283203,0.0281372,1.01074,-0.912781,3.80325,-5.62881,1509599258.66
-6.88757362639,7.36686300372,0.00683059044894,-0.0048615350931,1.01136471163,2.28428945712,3.49665054288,-2.58387054288,1509599258.76
-15.4764842824,19.4764842824,-0.0055047360556,0.0156218625623,1.02005178147,-2.12280163376,-2.73366108576,8.81341235248,1509599258.86
-45.6422644798,50.227955059,-0.0601196,-0.0425415,1.03632,2.28195,1.36917,38.7932,1509599258.96
-77.2117207083,82.6289085096,0.0246762594078,-0.0217009828052,1.0172034082,-1.36133553895,1.07431135327,51.6010874544,1509599259.06
-85.389222241,88.5197611289,-0.0596954061345,0.0287104486105,1.03595855506,-2.28352414634,-10.0248584848,90.8154031042,1509599259.16
-118.204809299,121.797653896,-0.0511475,-0.0253296,0.993347,0.45639,-3.19473,91.1259,1509599259.26
-109.464106153,117.745872136,0.000590637998522,0.0275004849963,0.994031269771,-0.151342926829,-1.20680804361,135.703937177,1509599259.36
-126.915870359,130.346029017,-0.0173248003719,-0.00143279956655,1.00073826407,-0.450064392914,-2.88098159717,130.370464631,1509599259.46
-101.504443947,104.355096853,-0.00952148,0.0199585,1.01764,-2.43408,-2.89047,132.657,1509599259.56
-142.813843902,147.531982341,-0.0472518477005,0.00455101823904,1.01621577283,-2.13617461841,-0.778920522709,130.659344253,1509599259.66
-84.4483241354,87.8879772964,-0.0359918978399,0.00920691011587,1.00071106645,0.144186726987,0.755090703669,129.463793649,1509599259.76
-104.229342753,105.950651106,0.0142212,-0.00109863,1.01031,-2.89047,-2.43408,113.641,1509599259.86
-51.0438842603,51.4899540478,-0.0272628510622,0.0376053831891,1.01101496722,-1.2218277262,-2.28753568057,68.7915264621,1509599259.96
-8.97243789837,7.97243789837,-0.0192933558615,0.00483202453186,1.0055756491,0.612510766588,0.765438720955,13.5786999213,1509599260.06
-2.36903316719,-2.73806633438,-0.0100098,0.00976562,1.01508,-1.06491,2.73834,-1.97769,1509599260.16
-8.99340065161,-13.8097826475,-0.011978979577,-0.00148793147104,1.01152487781,1.82475841857,-1.0673147443,0.610124162864,1509599260.26
-22.1356496079,-27.2435681734,-0.0595595766278,-0.00210221418473,1.0006950807,-2.12661367427,-3.80966265146,-0.15213,1509599260.36
-41.1013820058,-40.5643944263,-0.045105,0.0032959,1.00195,0.0,-0.45639,0.0,1509599260.46
-64.6062948647,-63.4068194368,-0.0930735414992,0.0103614624748,0.987017224734,-2.42522271182,-6.94967743724,-0.458805630785,1509599260.56
-106.647886553,-106.587012888,-0.0716920322628,0.0183120450421,1.00834933934,1.67019465775,6.68968576902,-1.21704,1509599260.66
-135.490800759,-133.546015249,0.0101318,0.0234985,0.970642,-0.912781,2.73834,4.10751,1509599260.76
-91.3294452523,-91.8050802884,-0.0108850682474,0.00280891802875,1.00873090504,0.763077501371,3.18502397325,-0.623888870372,1509599260.86
-100.273354375,-98.7524529056,0.00673285077319,0.0128506932246,1.02133757738,-1.06003522423,-0.601208825668,-0.15213,1509599260.96
-153.188491856,-150.964852489,-0.00518799,0.00958252,0.999939,-0.45639,-1.5213,1.97769,1509599261.06
-149.800273393,-149.800273393,-0.000818475949646,0.0104986549961,1.0082539754,0.00326436413704,-1.36917,-0.155394364137,1509599261.16
-135.542213374,-135.542213374,-0.0392894470138,-0.000404789220084,1.00190180173,0.150497820614,1.52619653816,0.311604807238,1509599261.26
-99.6319099455,-99.6319099455,-0.00976562,0.00604248,0.993347,-0.30426,0.760651,-1.06491,1509599261.36
-132.652416808,-132.145980083,-0.0173724781394,0.0130348613876,0.967243415016,0.0032788724221,-0.312457167585,1.21130198269,1509599261.46
-42.6816517102,-41.1853462123,0.00998556401807,-0.00936323394297,1.01594430751,0.461308300551,13.8265861097,-1.65785538159,1509599261.56
-11.7498762353,-11.4998667149,0.072876,0.0183716,0.977966,1.5213,26.1664,3.34686,1509599261.66
-1.50350171219,-0.751750856093,0.118416811053,-0.0330186675584,1.03437740672,2.58538665618,4.3944797797,0.293556530291,1509599261.76
0.0,0.0,0.023812508347,0.0102425582071,1.01712843955,-2.58538665618,-13.6867598288,3.03436656176,1509599261.86
2.69230018286,1.95803649663,0.00640869,0.00262451,0.997437,-0.912781,-20.994,-1.67343,1509599261.96
17.3280564099,14.8148299799,-0.129076816522,0.00330919800801,1.00348436163,-0.605213111008,-4.419212738,-6.84089812031,1509599262.06
35.5491133161,33.8236699741,-0.0277196638295,-0.0137865691391,1.00845429368,1.22285418568,15.6419902129,-1.05328162864,1509599262.16
43.2432237536,39.0031605427,0.00744629,0.00970459,1.0072,-0.15213,16.8864,-4.25964,1509599262.26
82.4767140116,83.912353168,0.0823568493885,-0.00397328828982,1.01570110846,2.14310956727,0.977567525785,2.27032162864,1509599262.36
71.9194552751,95.577569257,0.018464396295,0.00940647060916,1.00674750805,-3.49732154996,-8.20835619984,2.87712239969,1509599262.46
38.1755188115,80.3495666951,-0.00909424,-0.00274658,1.02423,0.608521,-2.89047,18.712,1509599262.56
58.7363363335,143.736336333,-0.0311450199843,-0.00718375346971,1.04879101652,-3.02919437215,-25.074688513,41.9736565696,1509599262.66
66.8289469613,166.195907428,-0.0254707049567,-0.0198684895358,1.01302707396,1.96763577498,3.49480073958,22.9783031471,1509599262.76
47.4786884622,181.595628207,0.0307617,-0.0466309,1.05005,1.36917,22.8195,70.8926,1509599262.86
39.5043534144,154.938392878,0.00592183696874,0.0374151805713,1.0258424858,0.00925627065303,8.5243388749,86.9075326443,1509599262.96
68.1993354454,247.610852329,0.0272926037575,-0.0305448396109,1.04974520778,0.00589035405193,-8.65038296593,64.6645561047,1509599263.06
50.1755159749,180.576951731,-0.00933838,-0.0180664,0.946716,0.608521,-7.45438,77.5864,1509599263.16
70.90372435,225.887022258,0.0101979932885,-0.0453480903917,0.943946418759,-0.614436737954,-18.4195319314,84.1009563789,1509599263.26
88.537518654,160.306277981,-0.123017873273,0.0212408782848,1.00000711489,0.149594681353,2.09939617624,49.1658885607,1509599263.36
103.775790755,177.111416441,-0.055481,-0.0352783,0.995117,-0.45639,3.95538,33.925,1509599263.46
82.5949766016,112.844861157,0.00202054210428,-0.00942367434733,1.00527521708,-2.57432773407,1.6912533989,45.3568671769,1509599263.56
151.823423814,171.045321975,0.0424195791097,0.008855598209,0.97052307596,1.82641236035,0.305112360346,12.526693813,1509599263.66
144.737464616,146.737464616,-0.00836182,-0.0367432,1.03662,0.912781,-4.5639,-6.84586,1509599263.76
99.1472511671,101.575932446,-0.0423334528527,0.0157335671411,1.03058133181,1.05979583792,0.310226522423,2.43748944138,1509599263.86
150.931373926,154.292799345,-0.00174857339365,-0.00996858876094,0.99877056448,2.43750394965,1.21618401259,3.65796789929,1509599263.96
121.20342849,123.260355706,-0.0142822,0.0078125,0.991882,-1.36917,0.0,-0.15213,1509599264.06
152.082883869,157.453050246,-0.038590722728,0.0327089932551,1.02716451184,2.11950462628,0.746037548244,3.94936269866,1509599264.16
128.912069446,131.495509691,-0.030662430226,-0.0141178110865,1.00322866962,1.83501575924,-2.11606616837,0.306838849081,1509599264.26
185.42807527,187.667924349,-0.0187988,-0.0205688,0.997314,-1.21704,0.760651,-0.45639,1509599264.36
130.337192337,143.488812143,-0.0184603068021,0.00313287748826,1.02528628238,1.97682675846,0.452937033832,1.82728648308,1509599264.46
119.092603081,169.715605828,-0.0248439139904,-0.0117007902382,1.00488406361,-0.450347303531,1.09339702763,0.936088515962,1509599264.56
228.132889504,324.676455677,-0.0491943,0.0183716,1.04358,0.15213,12.1704,45.0305,1509599264.66
184.208062539,245.613193246,-0.0510221999142,0.0134407301004,1.07254162604,3.94757818253,19.3881160933,36.4241154305,1509599264.76
178.303446207,227.599251632,0.0452736294948,-0.0697600205016,1.07220241561,-1.36830313139,-1.98549181747,30.4294673605,1509599264.86
297.392720366,388.785440732,-0.0314331,-0.00445557,1.04437,1.5213,-16.1258,41.3794,1509599264.96
272.915726246,353.846883166,0.00322778025606,-0.0706747937916,1.01102366426,0.15213,-18.6684752164,42.1469643087,1509599265.06
202.029139432,228.014776801,-0.0541704643397,0.0388552135574,1.0257096614,-1.37179236821,6.17615135088,25.2798236821,1509599265.16
359.677057176,355.6897938,0.00589010613015,-0.0567689810327,1.05026924024,8.2075687175,8.25449246185,5.07199758047,1509599265.26
337.827430016,295.44831493,-0.0263364026471,-0.0457826651617,0.972716030174,3.54224946617,10.181489399,-14.2992316298,1509599265.36
233.953581145,180.371241351,-0.00204594951482,0.0156151611067,0.955895867034,3.32491625492,4.14174235772,-40.8729683189,1509599265.46
398.186207635,303.37241527,-0.0175781,0.0322266,1.01099,-3.0426,5.17242,-48.0731,1509599265.56
386.272949458,296.146399623,0.0270401223518,-0.00213072030613,0.997565070453,0.895153456834,5.76771934697,-37.4231187969,1509599265.66
318.128440957,247.868031505,-0.0287998677205,-0.024892323818,1.04555147271,-0.767702009155,3.3327579759,-37.7318253916,1509599265.76
265.180979514,207.180979514,-0.0327148,0.0150146,0.99054,1.97769,1.06491,-34.9899,1509599265.86
297.748998007,236.699659215,-0.00829353234342,-0.0140554981546,0.994875129175,-1.04366990559,-1.64510987411,-39.3919651312,1509599265.96
418.037358239,346.603449919,0.0115888490499,-0.0196454453778,0.926030144053,-1.52307000787,15.1528197325,-31.7845797201,1509599266.06
331.754776281,269.83233014,0.050354,0.0419922,1.04059,-4.5639,-13.0832,-32.8601,1509599266.16
465.352310092,372.23308532,-0.0150252264097,0.0121545215173,1.04642146699,-5.928626845,-15.5421814343,-45.1657164199,1509599266.26
426.110684243,347.420383515,0.0258559301922,0.0225211178433,1.04291767256,-2.13604041699,-22.79284107,-42.9042544072,1509599266.36
285.98454352,244.729656824,-0.13501,0.0307617,1.11096,-2.28195,-2.12982,-24.1887,1509599266.46
486.269951738,399.342630137,-0.0424167099707,0.0532428501466,0.953356181818,-0.136069354839,5.07650237537,-34.1971785924,1509599266.56
271.690064479,217.046663128,0.00499353711084,0.0241996257807,1.01158615502,3.92491990559,6.39753296617,-40.9552519825,1509599266.66
463.48203379,380.023954946,0.0407715,-0.0115356,0.996399,1.82556,9.73633,-35.9027,1509599266.76
419.927941908,359.438950783,-0.0126515979019,-0.00321035483633,1.02251316048,-0.0331477498033,-18.0775191546,-23.7905328279,1509599266.86
288.413248904,247.482068196,-0.184586666371,0.0214472385809,1.10725075684,3.50258804878,4.84477268884,-24.3255083518,1509599266.96
496.242364809,422.757259115,0.119385,-0.0129395,0.959717,-0.45639,11.4098,-20.6897,1509599267.06
307.029759765,270.897812825,-0.124050137401,0.00573311824261,1.07970057335,-2.5771786074,-5.91771663257,-17.1798620914,1509599267.16
341.048200256,292.166755129,-0.00997469190044,0.0148260650168,1.00608173307,-1.55742562978,9.23839553465,-19.778706516,1509599267.26
508.479502715,428.703875755,0.0107422,0.0432129,0.985291,4.71603,-7.91077,-25.4057,1509599267.36
334.665790776,276.092844358,-0.0643305083566,0.0205898739241,0.957230476861,-6.68919610877,17.2142760437,-30.8769592828,1509599267.46
448.541651295,358.876042205,0.0566527149727,0.0263749843359,1.03165816894,4.82554198269,5.74194904203,-38.9725029898,1509599267.56
339.496887905,270.894093565,0.0184937,0.0170288,1.00824,-1.82556,-5.47668,-41.3794,1509599267.66
438.809167918,363.07761955,0.0328208928474,0.0750338113177,0.946210044298,-5.9130413454,2.40585780488,-31.4918108123,1509599267.76
272.535073021,231.8451846,0.0377915001686,0.0249490499321,0.959031449014,2.27557724626,5.13054190401,-19.4745204277,1509599267.86
486.364786835,414.696951521,-0.0181885,0.0255737,1.05353,-3.19473,1.06491,-26.7749,1509599267.96
485.394883977,425.34561601,-0.0495052549031,-0.0251512529433,1.07448769401,0.135677631786,10.5558699135,-15.4473624419,1509599268.06
317.350527315,275.28779927,0.089176687123,-0.0147167557304,0.935925381589,3.30373056648,4.82778350905,-19.477287936,1509599268.16
583.119068871,517.122839087,-0.00709593910307,0.0557006707579,0.972001957252,-0.182412368214,-2.31223242853,-28.1606174141,1509599268.26
355.717510655,323.316351227,0.00200511639129,0.0107529916077,1.04351005245,0.125518221873,-12.1584705219,6.6818005219,1509599268.36
391.384973708,341.455554127,0.0151280802828,0.0314968262084,0.895109775934,-0.451783627065,-2.57976107789,-16.4669509835,1509599268.46
572.077804462,509.747638304,-0.236084,0.029541,1.20081,-0.760651,-19.4727,2.73834,1509599268.56
311.28114301,278.132633674,-0.0171417508619,0.0432017172663,0.995517514341,3.81157411487,8.47396975824,-14.7566,1509599268.66
580.867318838,512.382627013,0.0457653112653,0.0209814673128,0.963825015092,11.4329222373,12.767801545,-12.0118257492,1509599268.76
309.050595975,256.107518231,-0.134338,-0.0516357,1.15997,1.67343,1.06491,-44.5741,1509599268.86
543.263605228,446.449828752,0.00404067819255,0.0268812043702,1.00788678707,-2.90161234461,-1.93962032258,-43.9609576616,1509599268.96
520.543318481,436.486690278,-0.0126489266028,0.0156400856138,0.965189517536,0.457318534821,-2.42943735641,-29.1987863672,1509599269.06
376.900391057,329.11013155,-0.0231934,0.0571899,0.927917,0.912781,5.78094,-27.9919,1509599269.16
479.313392551,456.227314921,-0.0214811034475,0.0465843855757,1.02038354519,0.476897427223,-10.5996957435,-29.8063138855,1509599269.26
286.872496144,282.247619909,-0.051724210376,-0.0341000005126,1.02130415695,-3.31330239182,-14.2414743082,-5.60364179386,1509599269.36
516.260365916,501.369817042,-0.0202026,0.0421753,0.894531,-4.41177,-1.21704,-5.62881,1509599269.46
490.942876728,483.699760082,-0.020404407782,0.0229710901438,0.945872010228,3.7751765084,5.41304676633,1.98330469709,1509599269.56
346.0,337.11985805,-0.0440458599981,0.00620370313497,1.00348874093,4.87097822974,2.38804891424,-4.72448475097,1509599269.66
364.677228543,359.514275917,-0.0623779,-0.00140381,0.963135,-2.73834,1.67343,-2.89047,1509599269.76
482.833475347,500.587607224,-0.0266657151849,0.0345391014496,0.966364639153,5.93964593114,11.6698477958,-0.155887645829,1509599269.86
345.585277849,390.989154029,-0.0296820171495,-0.0621818073099,1.09923991059,4.41554214792,1.90036078178,11.4465780082,1509599269.96
493.235843331,642.312435592,-0.0229492,0.0215454,0.969299,1.5213,-0.45639,42.2922,1509599270.06
289.207104731,389.457747836,-0.00156735376296,0.0102883474859,0.962224007367,-0.892901048852,-2.69763344611,50.8247531722,1509599270.16
280.620564818,432.506458638,0.0088090109048,-0.0724913061727,0.937466958587,1.20757335956,0.287220047207,78.7153601817,1509599270.26
377.371050934,601.042248727,0.0180664,-0.0755005,1.01337,0.45639,-7.45438,98.4282,1509599270.36
285.762709444,453.433285977,-0.0343131411606,-0.0269501472808,0.957939734425,0.13787563336,0.436433886703,86.1047492716,1509599270.46
432.590408504,689.851726674,-0.0512670240922,0.00191735785232,1.08617558043,3.1690721338,-7.70827450874,93.7226530148,1509599270.56
218.272531045,345.032905916,-0.0553635363732,-0.0608024817562,1.06007625923,-1.98627526357,-9.32427712085,90.0400141764,1509599270.66
395.303274592,632.696725408,-0.000293160067234,-0.0376766741649,0.931701540424,-1.52225391817,1.81888257905,93.8652537301,1509599270.76
377.627817044,598.895154804,-0.0883789,-0.0390015,1.05438,-6.84586,-5.78094,90.5174,1509599270.86
212.322673982,348.033385487,-0.0100708,-0.0235596,1.05811,-6.38947,-5.78094,97.8197,1509599270.96
391.771304634,634.421521525,-0.0344662292683,-0.00159449826908,1.05248287333,-4.83751855232,-8.92780267506,96.154818096,1509599271.06
380.956873572,598.231721249,-0.0937808025654,-0.0484254089693,1.07431102544,-3.94961296617,-2.54776310779,96.1327437141,1509599271.16
236.689028628,341.825475785,0.0712891,-0.0123291,0.964722,-1.36917,1.21704,80.9332,1509599271.26
486.414878425,672.361183572,-0.0491913856591,0.011660568884,1.02862567985,-0.751039264311,8.75146201392,63.1522624633,1509599271.36
311.402614099,424.768421303,0.0137453078869,-0.0240239704961,1.0214265023,0.459284404454,1.80240481511,63.1253166154,1509599271.46
489.094074931,670.379821168,-0.00280762,0.024353,0.966309,-1.82556,-3.95538,60.8521,1509599271.56
293.568279401,405.222902922,0.0324362281811,-0.0374679284386,0.970491243116,-1.36335944138,5.74220294256,60.8947106359,1509599271.66
307.366303139,423.152938572,-0.0552180510192,0.00478345490737,0.976563955797,2.83042749732,7.37400054216,66.448941864,1509599271.76
488.04053147,680.806856645,0.0498657,-0.00689697,0.980347,-2.43408,-2.28195,69.2192,1509599271.86
301.820890441,419.060106323,0.0401511867463,-0.0190870019236,0.989745650287,-0.59977250571,-2.430191786,64.5158367594,1509599271.96
418.107664989,576.302695909,-0.10342254957,0.0371973071311,0.966997625468,8.62378931455,5.73428143194,65.9992264812,1509599272.06
245.957621834,336.073811893,0.0126953,-0.0483398,1.08429,-2.73834,-5.17242,60.5478,1509599272.16
481.506493074,681.063826344,0.128386041971,-0.00915219993563,0.921209875259,-0.911805319434,1.21508864528,77.7072779653,1509599272.26
227.678578404,320.590421706,-0.0403825305152,-0.040914575265,1.05226221968,2.4252988749,-1.38770793076,72.8751787235,1509599272.36
433.296212361,610.777840729,-0.0185547,-0.020813,1.07764,0.608521,-5.17242,69.8277,1509599272.46
420.832010358,586.104336898,-0.0983887,-0.00836182,1.00537,6.84586,2.28195,69.5235,1509599272.56
229.791668948,327.881729618,-0.0199230076127,-0.0817798854159,1.0537682424,-3.010163155,-7.91666760818,72.3912924374,1509599272.66
427.388561919,600.75571047,0.0253664789214,-0.00884127638033,0.991966756503,2.24164967742,-2.45078988985,74.8588127339,1509599272.76
312.360538193,429.727946638,-0.0463257,-0.0901489,0.883118,1.21704,2.12982,58.8744,1509599272.86
500.60022753,701.562297103,-0.0897171425435,-0.0010607868534,1.04716390821,-3.82692754715,-6.66215995875,66.7801675154,1509599272.96
358.262831901,498.651696711,-0.0999977871206,-0.0173971687585,0.938397451589,-2.58226375295,-3.17203907946,64.6760176025,1509599273.06
237.56111082,329.293743246,0.0709839,-0.00598145,1.00305,-1.5213,5.02029,70.7405,1509599273.16
533.558459704,675.44424186,-0.0721729171018,-0.0149127219155,1.07862088477,-2.45487396538,6.34194086467,68.7677512696,1509599273.26
395.761379008,457.301746147,-0.0535316921665,-0.00240937056291,1.06787068429,-2.11199659459,0.946447478721,34.1325507045,1509599273.36
272.728473746,293.961931165,0.0752563,-0.000305176,0.912903,0.15213,2.43408,34.8378,1509599273.46
605.660476557,596.983677444,0.0380065953842,0.0290645262618,0.876286261879,-0.471297238395,3.90270775767,6.66590308967,1509599273.56
384.097690366,343.292532978,-0.145079065565,0.0229086544453,1.04387946761,-1.96771557042,-3.30097762392,-6.05229431681,1509599273.66
570.594545948,451.030179659,0.0150146,0.017395,1.06738,-1.5213,4.71603,-21.7546,1509599273.76
324.598619064,222.656044571,0.0260344789142,-0.00839988398636,1.01586762392,-0.315231872541,-3.18575301338,-50.2108799371,1509599273.86
635.625996457,409.527936512,-0.0701834385595,0.0324806930048,0.966231384808,-1.85058675059,-12.7338519805,-84.0248526286,1509599273.96
648.586426074,389.904219496,-0.00683594,0.0378418,1.01459,3.65112,-1.5213,-90.061,1509599274.06
366.787354229,195.49362165,0.0593012580359,0.0752997620103,0.956820056434,3.53314976706,10.777087534,-109.774705338,1509599274.16
783.595589863,405.386474913,-0.0701032234366,0.0622221124836,1.02749630091,4.70296893784,-0.901729318814,-141.608888062,1509599274.26
471.750472482,241.702424534,0.0331421,0.0575562,1.00177,5.32455,0.15213,-133.57,1509599274.36
680.673488478,352.67891546,-0.00573017652528,-0.0291924417147,1.09526839949,4.08734351692,2.25875854445,-134.972279403,1509599274.46
462.043464904,240.130394713,-0.00630128552917,0.0170151315166,1.05583652886,2.12881167585,2.24565033045,-134.957154209,1509599274.56
477.582149131,250.227673917,-0.0542603,0.0625,1.07581,-0.760651,3.65112,-137.069,1509599274.66
794.102167161,406.725988075,0.0713182991131,0.0209813889135,0.952161019956,-0.578162456763,9.0974513969,-137.966820399,1509599274.76
465.844164376,235.038958906,-0.0228905090909,0.0590665722838,0.957803769401,3.04563585366,-3.72836554324,-142.97468071,1509599274.86
466.548353236,238.311458202,-0.0320435,0.0418091,1.06329,2.28195,5.78094,-142.546,1509599274.96
587.064218611,299.140174367,0.0238716438905,0.0311278817204,1.07090634432,4.42700374103,-1.37120115657,-142.272468016,1509599275.06
668.837644191,329.179513547,-0.0514071383091,-0.0280097117779,1.0854912908,0.625847484252,-2.56684509835,-141.225920249,1509599275.16
625.344680588,300.558292533,-0.151001,0.0299072,0.997253,2.28195,-4.25964,-134.331,1509599275.26
317.780215883,142.18437407,0.0580119762892,0.057486421503,1.00857604368,6.10457490165,9.27994,-137.179214792,1509599275.36
592.678376506,242.263146495,0.00387251239396,-0.0113081472284,1.02141984937,5.00801601101,-13.5078920607,-152.262569344,1509599275.46
576.705443741,248.325146057,-0.162598,-0.0221558,1.15973,2.89047,6.84586,-129.311,1509599275.56
395.144525057,155.828003828,-0.0897923566078,0.0120212186114,1.04681571597,1.69395918961,10.9739291896,-136.760890923,1509599275.66
579.998426951,221.405011387,0.00585343303054,0.0463976593782,0.961301688482,3.6562522974,5.66473635172,-154.253839759,1509599275.76
309.60548703,121.713947034,-0.0300293,0.0032959,1.06659,0.45639,-4.86816,-154.868,1509599275.86
674.972215282,279.227639084,-0.108750288682,0.0536575224662,1.01052931884,3.80325,-3.59034489378,-133.726123596,1509599275.96
397.803598351,151.529084764,-0.0544325673605,0.0544054626946,1.00934656796,1.50687878158,-4.03334370098,-158.500424767,1509599276.06
589.419318436,228.752186728,-0.015564,0.0164795,1.05212,1.67343,-1.36917,-150.457,1509599276.16
394.966703811,160.900111432,-0.0590062735927,-0.0253003168157,1.01719426293,2.11534800944,-2.58207514555,-146.675742651,1509599276.26
397.641848261,156.731118328,-0.0155939301802,0.0562662743724,0.969310269723,0.450187718332,-0.0921745425935,-146.206302267,1509599276.36
691.800179992,266.418067797,-0.0808105,0.0289917,1.05817,4.10751,-2.12982,-157.15,1509599276.46
398.469717606,155.957645602,-0.0387810225282,0.0362330578442,1.06900767113,-2.55612712038,0.921079718594,-153.510414634,1509599276.56
590.092313772,230.401731538,-0.113578179277,0.0415799105572,1.10171029228,1.81723226491,0.0499665200391,-149.549207234,1509599276.66
425.23501328,178.91344021,-0.0878906,0.0203857,1.03046,3.80325,5.47668,-156.39,1509599276.76
650.408025092,270.958439531,-0.0162846603128,0.0605704615836,1.03207428152,0.45639,18.3754302053,-166.42271261,1509599276.86
329.032276031,141.945954309,0.00159282233388,0.020319760339,1.10550145769,2.43825837923,-0.920093156784,-162.76124333,1509599276.96
659.955539053,295.959985148,0.0550537,0.069397,0.881714,-0.30426,7.91077,-160.041,1509599277.06
649.107302246,286.587985652,-0.0437887554109,0.0939029409341,0.968578858785,0.121731565696,5.44942623131,-149.028247288,1509599277.16
325.476566312,137.200546005,0.0176430254519,0.110118796343,0.982374331736,6.08311348735,6.10093332809,-155.758992371,1509599277.26
766.726474081,322.884896333,-0.0765381,0.00842285,1.09839,3.95538,-2.73834,-169.017,1509599277.36
331.086741311,145.442654356,-0.0229613369859,0.0875839922705,1.03657615883,0.772221331402,-7.51289537539,-152.752669265,1509599277.46
646.691255231,296.374436462,0.0730891810576,0.0524803019932,0.97827339959,1.38074033832,-0.31898588513,-152.593305701,1509599277.56
620.162744589,324.837255411,-0.0526733,0.0412598,1.04858,1.82556,-4.71603,-136.765,1509599277.66
489.986509644,291.256040671,-0.0833654865389,-0.00111342859023,1.02677545426,-0.605354565053,4.81749715185,-125.459502539,1509599277.76
380.01402155,249.387171865,-0.017625507875,0.0700859483513,1.00135670725,1.81289428796,-9.63817066233,-86.0782574852,1509599277.86
384.933660635,252.955773757,-0.0429077,0.0376587,1.00031,2.12982,2.89047,-76.2172,1509599277.96
660.452449979,431.698542818,-0.00709897516439,0.0275101791193,0.981127362015,-3.6341743509,-0.405552983096,-84.5558035906,1509599278.06
382.11639592,254.619524677,-0.0324126842787,0.0355577022197,1.06077041604,5.46498996853,5.40653981117,-75.7905561643,1509599278.16
573.766453044,369.066371418,0.151062,0.0581055,0.877869,2.58621,1.5213,-88.5397,1509599278.26
291.246181966,190.317173477,-0.00736293525022,0.0677802537205,0.856082241614,3.46604536585,7.76836381279,-78.239534945,1509599278.36
539.903497079,399.729957012,-0.113984569459,0.0220728807882,1.12363232916,0.759584642801,-3.91805749803,-75.5788415779,1509599278.46
534.237928105,422.589033273,-0.0296631,-0.0314941,1.00305,1.82556,10.0406,-45.7912,1509599278.56
274.199033159,217.893973546,-0.106641251699,0.00491399370622,1.06984503529,1.21597001574,1.48599051928,-39.7027899769,1509599278.66
521.659125605,419.82974857,0.0073888382152,0.026535110984,1.03087390745,-0.0160497639654,2.98482084972,-35.5577408793,1509599278.76
529.948421749,420.128945627,0.0256958,0.0202637,0.947144,2.73834,-1.21704,-44.5741,1509599278.86
273.280050454,214.818525173,0.0519244131631,0.0241655189448,0.992483136662,0.134952218725,0.760651,-48.2242258947,1509599278.96
520.370318704,420.651639227,-0.0981285343275,0.0258965970236,1.03857189805,6.22982465012,3.16359527144,-31.2135399304,1509599279.06
508.615712718,447.353501646,0.0233154,0.00714111,0.957947,1.06491,5.02029,-42.9007,1509599279.16
334.829904256,315.46199376,-0.0843804659953,-0.0386463597954,0.97869347443,-1.03905627852,5.29007837136,-22.3631,1509599279.26
485.429387378,464.532546871,-0.0558995396538,0.0389769869394,1.11661476475,-0.921398900079,-1.39825543666,-6.54375447679,1509599279.36
415.826113858,396.753649401,-0.0509033,-0.00646973,1.0144,5.02029,-3.49899,-7.45438,1509599279.46
329.299721521,314.148010187,0.00306270192642,0.0107820953246,0.974091803543,3.18067874902,-2.97774800134,-3.35442605822,1509599279.56
323.119394887,308.119394887,-0.0279283798703,-0.0392030746632,1.02416313764,6.66011066042,-1.64089522423,-6.83609949598,1509599279.66
488.823218727,465.196577291,-0.0335083,-0.0275269,0.996826,0.45639,0.30426,-10.0406,1509599279.76
494.085595571,471.042797786,-0.0281718810147,-0.0115520485778,1.06688370341,-7.28272906325,-1.82664449253,-9.7417526052,1509599279.86
337.304041945,323.858673534,0.00154180423146,-0.0316845959946,1.04863118089,-1.3637294092,6.9229096767,-4.72255871755,1509599279.96
484.5111356,460.065866297,0.0379639,-0.026123,1.04626,-1.97769,-0.45639,-7.30225,1509599280.06
256.837827031,246.118930652,-0.0456003077605,-0.00163950301695,0.961097636125,-0.781394179291,3.13686742722,-6.41785505424,1509599280.16
481.797594494,462.28765094,-0.0445557420189,0.0112515134945,1.04944509935,4.22361235317,-8.05634952006,-5.01373952006,1509599280.26
494.949801635,474.0,0.079895,0.0593262,0.88678,-5.32455,-16.5822,-8.67142,1509599280.36
259.730033531,251.062733387,0.0854589358677,0.0121558986911,0.86106412207,-3.33809701023,7.9610300999,-3.66426448466,1509599280.46
478.042490302,456.785953973,-0.0256199304127,-0.00973998235534,1.03477874568,0.778176972343,4.95566295043,-6.36646707985,1509599280.56
494.780499937,474.670749905,-0.0217285,-0.0264893,1.06433,-5.02029,-6.84586,-12.0183,1509599280.66
491.225405494,473.112702747,-0.0589339307682,-0.0182385579358,1.0464903155,-0.627204006151,1.82336199843,-3.21011601101,1509599280.76
334.611849059,325.090724712,0.00804095929905,-0.00621494220013,1.03365040526,1.51250799371,2.74273600315,-3.0711740927,1509599280.86
407.759089513,394.056868518,0.0640869,0.013855,0.929871,-1.06491,2.89047,-6.5416,1509599280.96
334.127026261,324.821846127,-0.0749359801922,0.0031235051868,1.08720208192,2.43077211644,5.18895949026,-5.7555795594,1509599281.06
481.822614323,458.759183557,0.119774533772,0.00468172202656,0.994394482989,-3.77448737215,9.35352582815,-10.6280812293,1509599281.16
336.632945741,325.736191281,0.0936279,0.0740356,1.021,-1.82556,3.49899,0.0,1509599281.26
327.869160659,317.869160659,-0.0638113702704,0.0289220098801,1.05787349641,-0.133323666404,-0.752907208307,-4.4051324705,1509599281.36
476.397072095,458.930552744,0.0193505982977,0.0439075413919,1.07098651527,4.22634354052,7.34672130177,-4.13747688649,1509599281.46
489.79580632,456.884839279,0.062439,0.0407715,0.984192,1.82556,-3.80325,-8.97568,1509599281.56
264.857383613,250.394552803,-0.0264464599337,-0.0390002073695,0.9781957051,-0.781807664592,-24.7682486184,-19.9200922204,1509599281.66
484.895524591,468.179516363,0.0802352459576,0.0148292668336,0.911883060058,-1.9799170181,-3.88787646806,-0.18553527144,1509599281.76
494.652602411,484.145022758,-0.0402832,0.0307007,1.07965,10.0406,-0.15213,4.86816,1509599281.86
341.238004337,331.238004337,-0.0273095229216,0.0079578322974,1.06747137162,0.624160898243,-1.80656867873,-6.23063710989,1509599281.96
481.465277613,464.997053714,0.00492481210333,0.0301048324154,1.00315852819,-0.327719858379,-0.354531198531,-2.91281272227,1509599282.06
497.690667352,483.458667867,0.0286255,-0.00231934,0.945557,2.12982,3.95538,-5.47668,1509599282.16
267.713694665,261.082856436,0.0482126261069,0.0104044721544,0.967690877334,-0.593951071311,15.5999126829,-1.98889763179,1509599282.26
470.551349318,455.35501257,0.0470152048852,0.0244879874115,1.03781343752,0.943041598455,10.784388847,-4.86143542093,1509599282.36
497.346901454,475.836725363,-0.0203247,-0.0261841,1.06189,0.608521,0.45639,-5.47668,1509599282.46
343.921789944,329.258847566,0.02965167051,0.0452215345159,1.05052919438,-0.917278553585,0.604023431633,-2.60195146341,1509599282.56
326.335583322,315.08389583,-0.0710095647402,0.0502579632668,1.00947108159,-1.05701387884,-11.7882671023,-7.44986793076,1509599282.66
555.550889537,539.063617278,0.00372314,-0.0442505,0.94635,0.912781,-0.760651,-5.78094,1509599282.76
352.358860561,341.751088106,0.183606208323,0.0559300729228,0.85856665856,1.23621629426,-6.01865690461,0.125057584579,1509599282.86
480.567881272,469.655881996,-0.0141453446749,-0.0288949612259,0.968128582004,3.4944634225,6.97697818754,-1.22835644375,1509599282.96
421.211631075,411.122598593,-0.0714111,0.0560303,0.968811,5.93307,-5.47668,-0.912781,1509599283.06
263.036343555,258.492861258,-0.0178013163579,-0.0373385320745,0.97521168276,4.07345185681,4.05642278521,0.307665821782,1509599283.16
472.218198307,458.232772471,0.025409272465,-0.0379971138712,1.03502887776,2.54761077105,5.73893495673,-3.92813348544,1509599283.26
494.093899507,473.657296551,0.0181885,0.0285645,0.984192,-1.82556,3.95538,-4.5639,1509599283.36
272.345527749,264.011497592,-0.00225130692225,-0.0545013704027,1.03299399423,-1.97085660897,-0.0421392446892,-10.5129444293,1509599283.46
468.459819665,451.525424536,-0.0762392375309,0.0474192440736,1.07138337315,-3.94057431943,-22.4264654674,-14.1287388003,1509599283.56
500.113253849,486.620617099,-0.107117,0.122559,1.07172,8.82355,27.5356,-14.6045,1509599283.66
414.64111936,397.143260994,0.00360562324154,-0.0272593222731,0.955404831557,1.38288030685,16.0549633395,-7.68551828839,1509599283.76
265.749504038,260.326968189,0.0661780081539,-0.0292904171948,1.00134614262,-1.69513798584,-6.26476061369,-6.57473346685,1509599283.86
542.434442037,532.155174877,-0.0604248,-0.00262451,1.00531,0.45639,2.58621,0.760651,1509599283.96
352.060629151,342.852144117,0.0154176422955,-0.0150582021052,0.976177804234,-2.85723157356,10.6055461998,-5.17127384736,1509599284.06
330.472707876,320.578166301,0.0427090899106,0.0172335812794,1.05379024056,-2.42028265115,-0.443742423289,-5.32455,1509599284.16
548.9408,537.1544,-0.00146484,-0.019043,1.04755,-0.15213,0.45639,-3.49899,1509599284.26
279.812665171,271.379883719,-0.0177630797749,-0.0243691458909,0.992895068092,1.18944528718,2.59195889851,-3.33421242329,1509599284.36
465.646916854,452.306027291,0.0179258728632,0.0136071145984,0.984446723053,-1.20896615264,-5.58036690823,-5.01221615264,1509599284.46
493.0,482.553090227,0.0378418,0.0057373,0.996765,-0.15213,0.45639,1.21704,1509599284.56
273.053734869,267.488135375,0.0160923972987,0.0310765893784,0.978080274325,0.315830338316,-3.12762203777,-2.12750593234,1509599284.66
465.416251737,452.449399265,-0.0586597750066,-0.0327603195017,1.00708374849,0.603892857068,-2.59083813533,-6.9817914503,1509599284.76
494.0,481.766869676,0.0751953,-0.0209961,0.942139,2.43408,-2.73834,-1.82556,1509599284.86
270.960415407,266.013050493,0.00864151205183,0.000652826853372,1.01122908447,1.81047140834,0.473799913454,-0.645662141072,1509599284.96
538.410457513,521.21176857,0.0935965201249,0.0112143914384,0.986853280786,-0.789667514794,-1.36568802494,-1.83484528718,1509599285.06
359.36755112,351.788438461,-0.0258179,0.0504761,0.990173,-7.15012,-0.912781,-5.78094,1509599285.16
471.954824411,460.692683635,0.103732919248,0.0216574055218,0.90123770932,-1.96138996853,2.57223855211,-0.00465715950218,1509599285.26
422.844937364,414.346459523,-0.0251058509155,0.0466674078821,1.06826640512,-0.916273856233,6.78648122974,-5.74018992132,1509599285.36
