accel_x,accel_y,accel_z,gyro_x,gyro_y,gyro_z,x,y,z,left_encoder_rate,right_encoder_rate,left_input,right_input,fpga time,navx time
     0,0,0,0,0,0,0,0,0,0,0,-0.0078125,0.0078125,328.488,0
     0,0,0,0,0,0,0,0,0,0,0,-0.0078125,0.0078125,328.507,0
     0,0,0,0,0,0,0,0,0,0,0,-0.0078125,0.0078125,328.526,0
     0,0,0,0,0,0,0,0,0,0,0,-0.0078125,0.0078125,328.546,0
     0,0,0,0,0,0,0,0,0,0,0,-0.0078125,0.0078125,328.567,0
     0,0,0,0,0,0,0,0,0,0,0,-0.0078125,0.0078125,328.586,0
     0,0,0,0,0,0,0,0,0,0,0,-0.0078125,0.0078125,328.606,0
     0,0,0,0,0,0,0,0,0,0,0,-0.0078125,0.0078125,328.626,0
     0,0,0,0,0,0,0,0,0,0,0,-0.0078125,0.0078125,328.646,0
     0,0,0,0,0,0,0,0,0,0,0,-0.0078125,0.0078125,328.666,0
     0,0,0,0,0,0,0,0,0,0,0,-0.0078125,0.0078125,328.686,0
     0,0,0,0,0,0,0,0,0,0,0,-0.0078125,0.0078125,328.706,0
     0,0,0,0,0,0,0,0,0,0,0,-0.0078125,0.0078125,328.725,0
     0,0,0,0,0,0,0,0,0,0,0,-0.0078125,0.0078125,328.746,0
     0,0,0,0,0,0,0,0,0,0,0,-0.0078125,0.0078125,328.766,0
     0,0,0,0,0,0,0,0,0,0,0,-0.0078125,0.0078125,328.786,0
     0,0,0,0,0,0,0,0,0,0,0,-0.0078125,0.0078125,328.806,0
     0,0,0,0,0,0,0,0,0,0,0,-0.0078125,0.0078125,328.827,0
     0,0,0,0,0,0,0,0,0,0,0,-0.0078125,0.0078125,328.847,0
     0,0,0,0,0,0,0,0,0,0,0,-0.0078125,0.0078125,328.866,0
     0,0,0,0,0,0,0,0,0,0,0,-0.0078125,0.0078125,328.886,0
     0,0,0,0,0,0,0,0,0,0,0,-0.0078125,0.0078125,328.916,0
     0,0,0,0,0,0,0,0,0,0,0,-0.0078125,0.0078125,328.927,0
     0,0,0,0,0,0,0,0,0,0,0,-0.0078125,0.0078125,328.946,0
     0,0,0,0,0,0,0,0,0,0,0,-0.0078125,0.0078125,328.967,0
     0,0,0,0,0,0,0,0,0,0,0,-0.0078125,0.0078125,328.986,0
     0,0,0,0,0,0,0,0,0,0,0,-0.0078125,0.0078125,329.006,0
     0,0,0,0,0,0,0,0,0,0,0,-0.0078125,0.0078125,329.026,0
     0,0,0,0,0,0,0,0,0,0,0,-0.0078125,0.0078125,329.046,0
     0,0,0,0,0,0,0,0,0,0,0,-0.0078125,0.0078125,329.066,0
     0,0,0,0,0,0,0,0,0,0,0,-0.0078125,0.0078125,329.11,0
     0,0,0,0,0,0,0,0,0,0,0,-0.0078125,0.0078125,329.126,0
     0,0,0,0,0,0,0,0,0,0,0,-0.0078125,0.0078125,329.145,0
     0,0,0,0,0,0,0,0,0,0,0,-0.0078125,0.0078125,329.166,0
     0,0,0,0,0,0,0,0,0,0,0,-0.0078125,0.0078125,329.186,0
     0,0,0,0,0,0,0,0,0,0,0,-0.0078125,0.0078125,329.207,0
     0,0,0,0,0,0,0,0,0,0,0,-0.0078125,0.0078125,329.226,0
     0,0,0,0,0,0,0,0,0,0,0,-0.0078125,0.0078125,329.247,0
     0,0,0,0,0,0,0,0,0,0,0,-0.0078125,0.0078125,329.266,0
     0,0,0,0,0,0,0,0,0,0,0,-0.0078125,0.0078125,329.286,0
     0,0,0,0,0,0,0,0,0,0,0,-0.0078125,0.0078125,329.306,0
     0,0,0,0,0,0,0,0,0,0,0,-0.0078125,0.0078125,329.326,0
     0,0,0,0,0,0,0,0,0,0,0,-0.0078125,0.0078125,329.347,0
     0,0,0,0,0,0,0,0,0,0,0,-0.0078125,0.0078125,329.368,0
     0,0,0,0,0,0,0,0,0,0,0,-0.0078125,0.0078125,329.386,0
     0,0,0,0,0,0,0,0,0,0,0,-0.0078125,0.0078125,329.407,0
     0,0,0,0,0,0,0,0,0,0,0,-0.0078125,0.0078125,329.427,0
     0,0,0,0,0,0,0,0,0,0,0,-0.0078125,0.0078125,329.448,0
     0,0,0,0,0,0,0,0,0,0,0,-0.0078125,0.0078125,329.467,0
     0,0,0,0,0,0,0,0,0,0,0,-0.0078125,0.0078125,329.486,0
     0,0,0,0,0,0,0,0,0,0,0,-0.0078125,0.0078125,329.506,0
     0,0,0,0,0,0,0,0,0,0,0,-0.0078125,0.0078125,329.533,0
     0,0,0,0,0,0,0,0,0,0,0,-0.0078125,0.0078125,329.546,0
     0,0,0,0,0,0,0,0,0,0,0,-0.0078125,0.0078125,329.573,0
     0,0,0,0,0,0,0,0,0,0,0,-0.0078125,0.0078125,329.586,0
     0,0,0,0,0,0,0,0,0,0,0,-0.0078125,0.0078125,329.606,0
     0,0,0,0,0,0,0,0,0,0,0,-0.0078125,0.0078125,329.626,0
     0,0,0,0,0,0,0,0,0,0,0,-0.0078125,0.0078125,329.646,0
     0,0,0,0,0,0,0,0,0,0,0,-0.0078125,0.0078125,329.666,0
     0,0,0,0,0,0,0,0,0,0,0,-0.0078125,0.0078125,329.686,0
     0,0,0,0,0,0,0,0,0,0,0,-0.0078125,0.0078125,329.706,0
     0,0,0,0,0,0,0,0,0,0,0,-0.0078125,0.0078125,329.726,0
     0,0,0,0,0,0,0,0,0,0,0,-0.0078125,0.0078125,329.746,0
     0,0,0,0,0,0,0,0,0,0,0,-0.0078125,0.0078125,329.766,0
     0,0,0,0,0,0,0,0,0,94.8155,-146.971,-0.0078125,0.0078125,329.786,0
     0,0,0,0,0,0,0,0,0,131.84,-100.708,-0.0078125,0.0078125,329.806,0
     0,0,0,0,0,0,0,0,0,131.966,-125.024,-0.0078125,0.0078125,329.826,0
     0,0,0,0,0,0,0,0,0,173.388,-175.277,-0.0078125,0.0078125,329.846,0
     0,0,0,0,0,0,0,0,0,185.117,-206.627,-0.0078125,0.0078125,329.866,0
     0,0,0,0,0,0,0,0,0,200.995,-210.973,-0.0078125,0.0078125,329.886,0
     0,0,0,0,0,0,0,0,0,251.772,-223.779,-0.0078125,0.0078125,329.907,0
     0,0,0,0,0,0,0,0,0,271.164,-239.584,-0.0078125,0.0078125,329.926,0
     0,0,0,0,0,0,0,0,0,266.66,-275.562,-0.0078125,0.0078125,329.946,0
     0,0,0,0,0,0,0,0,0,284.827,-332.149,-0.0078125,0.0078125,329.966,0
     0,0,0,0,0,0,0,0,0,315.144,-325.961,-0.0078125,0.0078125,329.986,0
     0,0,0,0,0,0,0,0,0,323.039,-319.519,-0.0078125,0.0078125,330.028,0
     0,0,0,0,0,0,0,0,0,342.091,-355.853,-0.0078125,0.0078125,330.064,0
     0,0,0,0,0,0,0,0,0,353.014,-372.877,-0.0078125,0.0078125,330.068,0
     0,0,0,0,0,0,0,0,0,351.834,-349.369,-0.0078125,0.0078125,330.086,0
     0,0,0,0,0,0,0,0,0,382.446,-339.536,-0.0078125,0.0078125,330.107,0
     0,0,0,0,0,0,0,0,0,386.518,-376.563,-0.0078125,0.0078125,330.127,0
     0,0,0,0,0,0,0,0,0,359.796,-370.741,-0.0078125,0.0078125,330.146,0
     0,0,0,0,0,0,0,0,0,393.972,-373.072,-0.0078125,0.0078125,330.166,0
     0,0,0,0,0,0,0,0,0,374.216,-388.886,-0.0078125,0.0078125,330.186,0
     0,0,0,0,0,0,0,0,0,382.132,-405.195,-0.0078125,0.0078125,330.206,0
     0,0,0,0,0,0,0,0,0,358.693,-527.273,-0.0078125,0.0078125,330.226,0
     0,0,0,0,0,0,0,0,0,400.593,-415.308,-0.0078125,0.0078125,330.246,0
     0,0,0,0,0,0,0,0,0,408.122,-471.965,-0.0078125,0.0078125,330.267,0
     0,0,0,0,0,0,0,0,0,410.61,-416.025,-0.0078125,0.0078125,330.286,0
     0,0,0,0,0,0,0,0,0,410.374,-459.559,-0.0078125,0.0078125,330.305,0
     0,0,0,0,0,0,0,0,0,470.921,-456.892,-0.0078125,0.0078125,330.326,0
     0,0,0,0,0,0,0,0,0,477.566,-434.386,-0.0078125,0.0078125,330.346,0
     0,0,0,0,0,0,0,0,0,411.024,-468.483,-0.0078125,0.0078125,330.366,0
     0,0,0,0,0,0,0,0,0,420.301,-401.083,-0.0078125,0.0078125,330.389,0
     0,0,0,0,0,0,0,0,0,427.478,-500.676,-0.0078125,0.0078125,330.406,0
     0,0,0,0,0,0,0,0,0,445.891,-364.591,-0.0078125,0.0078125,330.426,0
     0,0,0,0,0,0,0,0,0,428.623,-469.561,-0.0078125,0.0078125,330.451,0
     0,0,0,0,0,0,0,0,0,427.936,-430.756,-0.0078125,0.0078125,330.466,0
     0,0,0,0,0,0,0,0,0,456.694,-538.286,-0.0078125,0.0078125,330.486,0
     0,0,0,0,0,0,0,0,0,458.295,-477.373,-0.0078125,0.0078125,330.506,0
     0,0,0,0,0,0,0,0,0,469.428,-467.071,-0.0078125,0.0078125,330.526,0
     0,0,0,0,0,0,0,0,0,450.562,-404.367,-0.0078125,0.0078125,330.546,0
     0,0,0,0,0,0,0,0,0,506.855,-458.085,-0.0078125,0.0078125,330.567,0
     0,0,0,0,0,0,0,0,0,438.222,-469.043,-0.0078125,0.0078125,330.586,0
     0,0,0,0,0,0,0,0,0,429.028,-463.962,-0.0078125,0.0078125,330.606,0
     0,0,0,0,0,0,0,0,0,466.636,-438.145,-0.0078125,0.0078125,330.625,0
     0,0,0,0,0,0,0,0,0,464.49,-481.684,-0.0078125,0.0078125,330.647,0
     0,0,0,0,0,0,0,0,0,436.862,-424.214,-0.0078125,0.0078125,330.666,0
     0,0,0,0,0,0,0,0,0,414.705,-419.402,-0.0078125,0.0078125,330.687,0
     0,0,0,0,0,0,0,0,0,407.349,-404.809,-0.0078125,0.0078125,330.706,0
     0,0,0,0,0,0,0,0,0,435.844,-441.755,-0.0078125,0.0078125,330.726,0
     0,0,0,0,0,0,0,0,0,403.218,-417.397,-0.0078125,0.0078125,330.748,0
     0,0,0,0,0,0,0,0,0,423.522,-456.704,-0.0078125,0.0078125,330.766,0
     0,0,0,0,0,0,0,0,0,396.818,-410.189,-0.0078125,0.0078125,330.786,0
     0,0,0,0,0,0,0,0,0,428.743,-404.024,-0.0078125,0.0078125,330.806,0
     0,0,0,0,0,0,0,0,0,378.48,-392.534,-0.0078125,0.0078125,330.827,0
     0,0,0,0,0,0,0,0,0,416.077,-433.341,-0.0078125,0.0078125,330.845,0
     0,0,0,0,0,0,0,0,0,403.616,-405.392,-0.0078125,0.0078125,330.873,0
     0,0,0,0,0,0,0,0,0,434.849,-446.568,-0.0078125,0.0078125,330.886,0
     0,0,0,0,0,0,0,0,0,417.476,-389.59,-0.0078125,0.0078125,330.91,0
     0,0,0,0,0,0,0,0,0,437.867,-457.404,-0.0078125,0.0078125,330.926,0
     0,0,0,0,0,0,0,0,0,412.227,-447.357,-0.0078125,0.0078125,330.946,0
     0,0,0,0,0,0,0,0,0,427.698,-484.884,-0.0078125,0.0078125,330.967,0
     0,0,0,0,0,0,0,0,0,437.991,-414.01,-0.0078125,0.0078125,330.998,0
     0,0,0,0,0,0,0,0,0,433.182,-481.626,-0.0078125,0.0078125,331.007,0
     0,0,0,0,0,0,0,0,0,403.25,-463.049,-0.0078125,0.0078125,331.025,0
     0,0,0,0,0,0,0,0,0,445.782,-423.765,-0.0078125,0.0078125,331.047,0
     0,0,0,0,0,0,0,0,0,386.25,-427.095,-0.0078125,0.0078125,331.066,0
     0,0,0,0,0,0,0,0,0,469.473,-437.321,-0.0078125,0.0078125,331.086,0
     0,0,0,0,0,0,0,0,0,419.111,-446.768,-0.0078125,0.0078125,331.106,0
     0,0,0,0,0,0,0,0,0,499.875,-459.548,-0.0078125,0.0078125,331.126,0
     0,0,0,0,0,0,0,0,0,425.686,-440.606,-0.0078125,0.0078125,331.146,0
     0,0,0,0,0,0,0,0,0,441.95,-339.951,-0.0078125,0.0078125,331.174,0
     0,0,0,0,0,0,0,0,0,447.147,-421.959,-0.0078125,0.0078125,331.186,0
     0,0,0,0,0,0,0,0,0,431.36,-446.199,-0.0078125,0.0078125,331.208,0
     0,0,0,0,0,0,0,0,0,459.284,-411.117,-0.0078125,0.0078125,331.226,0
     0,0,0,0,0,0,0,0,0,408.313,-455.477,-0.0078125,0.0078125,331.246,0
     0,0,0,0,0,0,0,0,0,445.911,-397.109,-0.0078125,0.0078125,331.266,0
     0,0,0,0,0,0,0,0,0,426.53,-437.302,-0.0078125,0.0078125,331.286,0
     0,0,0,0,0,0,0,0,0,445.028,-383.472,-0.0078125,0.0078125,331.306,0
     0,0,0,0,0,0,0,0,0,425.342,-448.139,-0.0078125,0.0078125,331.326,0
     0,0,0,0,0,0,0,0,0,457.865,-492.732,-0.0078125,0.0078125,331.346,0
     0,0,0,0,0,0,0,0,0,439.967,-358.789,-0.0078125,0.0078125,331.367,0
     0,0,0,0,0,0,0,0,0,450.918,-478.389,-0.0078125,0.0078125,331.386,0
     0,0,0,0,0,0,0,0,0,445.514,-540.935,-0.0078125,0.0078125,331.406,0
     0,0,0,0,0,0,0,0,0,426.257,-473.72,-0.0078125,0.0078125,331.427,0
     0,0,0,0,0,0,0,0,0,468.988,-513.321,-0.0078125,0.0078125,331.446,0
     0,0,0,0,0,0,0,0,0,416.858,-460.872,-0.0078125,0.0078125,331.467,0
     0,0,0,0,0,0,0,0,0,436.862,-379.327,-0.0078125,0.0078125,331.486,0
     0,0,0,0,0,0,0,0,0,449.176,-447.878,-0.0078125,0.0078125,331.506,0
     0,0,0,0,0,0,0,0,0,451.04,-420.424,-0.0078125,0.0078125,331.526,0
     0,0,0,0,0,0,0,0,0,410.981,-440.538,-0.0078125,0.0078125,331.546,0
     0,0,0,0,0,0,0,0,0,416.138,-432.199,-0.0078125,0.0078125,331.566,0
     0,0,0,0,0,0,0,0,0,415.619,-458.474,-0.0078125,0.0078125,331.586,0
     0,0,0,0,0,0,0,0,0,367.857,-411.955,-0.0078125,0.0078125,331.606,0
     0,0,0,0,0,0,0,0,0,421.177,-416.649,-0.0078125,0.0078125,331.626,0
     0,0,0,0,0,0,0,0,0,392.426,-358.841,-0.0078125,0.0078125,331.647,0
     0,0,0,0,0,0,0,0,0,422.913,-478.847,-0.0078125,0.0078125,331.666,0
     0,0,0,0,0,0,0,0,0,436.11,-432.507,-0.0078125,0.0078125,331.686,0
     0,0,0,0,0,0,0,0,0,423.191,-410.863,-0.0078125,0.0078125,331.706,0
     0,0,0,0,0,0,0,0,0,445.881,-461.074,-0.0078125,0.0078125,331.727,0
     0,0,0,0,0,0,0,0,0,478.114,-420,-0.0078125,0.0078125,331.747,0
     0,0,0,0,0,0,0,0,0,406.43,-469.12,-0.0078125,0.0078125,331.766,0
     0,0,0,0,0,0,0,0,0,-121.699,-463.962,-0.0078125,0.0078125,331.786,0
     0,0,0,0,0,0,0,0,0,-151.88,-476.406,-0.0078125,0.0078125,331.806,0
     0,0,0,0,0,0,0,0,0,-164.324,-439.136,-0.0078125,0.0078125,331.826,0
     0,0,0,0,0,0,0,0,0,-196.752,-474.17,-0.0078125,0.0078125,331.846,0
     0,0,0,0,0,0,0,0,0,-187.331,-498.38,-0.0078125,0.0078125,331.866,0
     0,0,0,0,0,0,0,0,0,-162.764,-410.122,-0.0078125,0.0078125,331.886,0
     0,0,0,0,0,0,0,0,0,-196.674,-441.735,-0.0078125,0.0078125,331.906,0
     0,0,0,0,0,0,0,0,0,-196.178,-463.081,-0.0078125,0.0078125,331.926,0
     0,0,0,0,0,0,0,0,0,-225.482,-289.318,-0.0078125,0.0078125,331.946,0
     0,0,0,0,0,0,0,0,0,-219.394,-427.625,-0.0078125,0.0078125,331.966,0
     0,0,0,0,0,0,0,0,0,-208.318,-465.365,-0.0078125,0.0078125,331.986,0
     0,0,0,0,0,0,0,0,0,-242.577,-401.873,-0.0078125,0.0078125,332.006,0
     0,0,0,0,0,0,0,0,0,-242.321,-423.11,-0.0078125,0.0078125,332.026,0
     0,0,0,0,0,0,0,0,0,-216.95,-375.326,-0.0078125,0.0078125,332.045,0
     0,0,0,0,0,0,0,0,0,-263.981,-433.548,-0.0078125,0.0078125,332.065,0
     0,0,0,0,0,0,0,0,0,-234.973,-389.962,-0.0078125,0.0078125,332.086,0
     0,0,0,0,0,0,0,0,0,-259.717,-402.131,-0.0078125,0.0078125,332.106,0
     0,0,0,0,0,0,0,0,0,-263.051,-393.585,-0.0078125,0.0078125,332.125,0
     0,0,0,0,0,0,0,0,0,-298.713,-371.457,-0.0078125,0.0078125,332.146,0
     0,0,0,0,0,0,0,0,0,-203.223,-352.311,-0.0078125,0.0078125,332.166,0
     0,0,0,0,0,0,0,0,0,-264.093,-380.033,-0.0078125,0.0078125,332.186,0
     0,0,0,0,0,0,0,0,0,-226.127,-340.919,-0.0078125,0.0078125,332.206,0
     0,0,0,0,0,0,0,0,0,-263.258,-363.108,-0.0078125,0.0078125,332.228,0
     0,0,0,0,0,0,0,0,0,-215.158,-397.362,-0.0078125,0.0078125,332.246,0
     0,0,0,0,0,0,0,0,0,-233.719,-365.985,-0.0078125,0.0078125,332.266,0
     0,0,0,0,0,0,0,0,0,-241.993,-435.398,-0.0078125,0.0078125,332.286,0
     0,0,0,0,0,0,0,0,0,-246.214,-331.818,-0.0078125,0.0078125,332.306,0
     0,0,0,0,0,0,0,0,0,-201.674,-357.699,-0.0078125,0.0078125,332.326,0
     0,0,0,0,0,0,0,0,0,-243.137,-414.242,-0.0078125,0.0078125,332.347,0
     0,0,0,0,0,0,0,0,0,-272.301,-370.316,-0.0078125,0.0078125,332.366,0
     0,0,0,0,0,0,0,0,0,-250.608,-368.202,-0.0078125,0.0078125,332.386,0
     0,0,0,0,0,0,0,0,0,-265.358,-360.913,-0.0078125,0.0078125,332.406,0
     0,0,0,0,0,0,0,0,0,-278.917,-415.326,-0.0078125,0.0078125,332.426,0
     0,0,0,0,0,0,0,0,0,-267.601,-357.047,-0.0078125,0.0078125,332.446,0
     0,0,0,0,0,0,0,0,0,-252.007,-422.663,-0.0078125,0.0078125,332.466,0
     0,0,0,0,0,0,0,0,0,-296.934,-387.282,-0.0078125,0.0078125,332.486,0
     0,0,0,0,0,0,0,0,0,-305.05,-322.529,-0.0078125,0.0078125,332.506,0
     0,0,0,0,0,0,0,0,0,-283.274,-309.353,-0.0078125,0.0078125,332.527,0
     0,0,0,0,0,0,0,0,0,-280.654,-331.89,-0.0078125,0.0078125,332.546,0
     0,0,0,0,0,0,0,0,0,-319,-355.923,-0.0078125,0.0078125,332.566,0
     0,0,0,0,0,0,0,0,0,-287.745,-320.549,-0.0078125,0.0078125,332.586,0
     0,0,0,0,0,0,0,0,0,-306.974,-327.075,-0.0078125,0.0078125,332.606,0
     0,0,0,0,0,0,0,0,0,-316.476,-228.553,-0.0078125,0.0078125,332.626,0
     0,0,0,0,0,0,0,0,0,-321.6,-321.45,-0.0078125,0.0078125,332.645,0
     0,0,0,0,0,0,0,0,0,-313.519,-330.961,-0.0078125,0.0078125,332.666,0
     0,0,0,0,0,0,0,0,0,-284.657,-392.927,-0.0078125,0.0078125,332.686,0
     0,0,0,0,0,0,0,0,0,-329.175,-324.744,-0.0078125,0.0078125,332.706,0
     0,0,0,0,0,0,0,0,0,-331.752,-323.829,-0.0078125,0.0078125,332.726,0
     0,0,0,0,0,0,0,0,0,-334.711,-311.173,-0.0078125,0.0078125,332.746,0
     0,0,0,0,0,0,0,0,0,-276.102,-299.738,-0.0078125,0.0078125,332.766,0
     0,0,0,0,0,0,0,0,0,-342.313,-321.399,-0.0078125,0.0078125,332.785,0
     0,0,0,0,0,0,0,0,0,-331.483,-295.626,-0.0078125,0.0078125,332.806,0
     0,0,0,0,0,0,0,0,0,-339.841,-342.436,-0.0078125,0.0078125,332.826,0
     0,0,0,0,0,0,0,0,0,-362.897,-383.303,-0.0078125,0.0078125,332.846,0
     0,0,0,0,0,0,0,0,0,-375.263,-344.258,-0.0078125,0.0078125,332.866,0
     0,0,0,0,0,0,0,0,0,-360.321,-388.886,-0.0078125,0.0078125,332.886,0
     0,0,0,0,0,0,0,0,0,-388.515,-365.851,-0.0078125,0.0078125,332.906,0
     0,0,0,0,0,0,0,0,0,-341.402,-386.78,-0.0078125,0.0078125,332.926,0
     0,0,0,0,0,0,0,0,0,-342.103,-367.181,-0.0078125,0.0078125,332.946,0
     0,0,0,0,0,0,0,0,0,-341.991,-379.636,-0.0078125,0.0078125,332.966,0
     0,0,0,0,0,0,0,0,0,-305.895,-339.697,-0.0078125,0.0078125,332.986,0
     0,0,0,0,0,0,0,0,0,-334.197,-429.019,-0.0078125,0.0078125,333.006,0
     0,0,0,0,0,0,0,0,0,-328.127,-370.844,-0.0078125,0.0078125,333.026,0
     0,0,0,0,0,0,0,0,0,-332.718,-400.882,-0.0078125,0.0078125,333.046,0
     0,0,0,0,0,0,0,0,0,-350.662,-423.101,-0.0078125,0.0078125,333.066,0
     0,0,0,0,0,0,0,0,0,-334.941,-405.54,-0.0078125,0.0078125,333.086,0
     0,0,0,0,0,0,0,0,0,-322.669,-469.065,-0.0078125,0.0078125,333.106,0
     0,0,0,0,0,0,0,0,0,-375.495,-371.058,-0.0078125,0.0078125,333.126,0
     0,0,0,0,0,0,0,0,0,-356.945,-380.597,-0.0078125,0.0078125,333.146,0
     0,0,0,0,0,0,0,0,0,-379.694,-419.939,-0.0078125,0.0078125,333.167,0
     0,0,0,0,0,0,0,0,0,-364.897,-414.087,-0.0078125,0.0078125,333.187,0
     0,0,0,0,0,0,0,0,0,-424.872,-410.77,-0.0078125,0.0078125,333.207,0
     0,0,0,0,0,0,0,0,0,-370.055,-420.309,-0.0078125,0.0078125,333.226,0
     0,0,0,0,0,0,0,0,0,-393.352,-377.886,-0.0078125,0.0078125,333.252,0
     0,0,0,0,0,0,0,0,0,-414.044,-445.712,-0.0078125,0.0078125,333.268,0
     0,0,0,0,0,0,0,0,0,-414.826,-401.155,-0.0078125,0.0078125,333.286,0
     0,0,0,0,0,0,0,0,0,-240.22,-255.268,-0.0078125,0.0078125,333.307,0
     0,0,0,0,0,0,0,0,0,-128.752,-378.917,-0.0078125,0.0078125,333.326,0
     0,0,0,0,0,0,0,0,0,39.8998,-368.006,-0.0078125,0.0078125,333.346,0
     0,0,0,0,0,0,0,0,0,154.488,-466.418,-0.0078125,0.0078125,333.367,0
     0,0,0,0,0,0,0,0,0,141.164,-370.233,-0.0078125,0.0078125,333.386,0
     0,0,0,0,0,0,0,0,0,139.287,-326.456,-0.0078125,0.0078125,333.406,0
     0,0,0,0,0,0,0,0,0,153.675,-454.38,-0.0078125,0.0078125,333.426,0
     0,0,0,0,0,0,0,0,0,214.206,-369.563,-0.0078125,0.0078125,333.446,0
     0,0,0,0,0,0,0,0,0,269.219,-315.234,-0.0078125,0.0078125,333.467,0
     0,0,0,0,0,0,0,0,0,295.146,-333.439,-0.0078125,0.0078125,333.486,0
     0,0,0,0,0,0,0,0,0,298.882,-328.601,-0.0078125,0.0078125,333.507,0
     0,0,0,0,0,0,0,0,0,341.169,-323.201,-0.0078125,0.0078125,333.526,0
     0,0,0,0,0,0,0,0,0,338.558,-354.534,-0.0078125,0.0078125,333.546,0
     0,0,0,0,0,0,0,0,0,340.959,-342.372,-0.0078125,0.0078125,333.566,0
     0,0,0,0,0,0,0,0,0,346.35,-343.147,-0.0078125,0.0078125,333.586,0
     0,0,0,0,0,0,0,0,0,343.277,-256.723,-0.0078125,0.0078125,333.606,0
     0,0,0,0,0,0,0,0,0,363.636,-347.337,-0.0078125,0.0078125,333.626,0
     0,0,0,0,0,0,0,0,0,403.055,-385.758,-0.0078125,0.0078125,333.648,0
     0,0,0,0,0,0,0,0,0,312.071,-356.652,-0.0078125,0.0078125,333.666,0
     0,0,0,0,0,0,0,0,0,344.039,-331.978,-0.0078125,0.0078125,333.702,0
     0,0,0,0,0,0,0,0,0,370.624,-320.652,-0.0078125,0.0078125,333.707,0
     0,0,0,0,0,0,0,0,0,346.596,-431.835,-0.0078125,0.0078125,333.733,0
     0,0,0,0,0,0,0,0,0,361.148,-407.398,-0.0078125,0.0078125,333.747,0
     0,0,0,0,0,0,0,0,0,380.438,-360.991,-0.0078125,0.0078125,333.765,0
     0,0,0,0,0,0,0,0,0,356.799,-396.668,-0.0078125,0.0078125,333.786,0
     0,0,0,0,0,0,0,0,0,348.821,-335.177,-0.0078125,0.0078125,333.807,0
     0,0,0,0,0,0,0,0,0,402.958,-410.981,-0.0078125,0.0078125,333.825,0
     0,0,0,0,0,0,0,0,0,322.659,-376.655,-0.0078125,0.0078125,333.846,0
     0,0,0,0,0,0,0,0,0,416.693,-301.386,-0.0078125,0.0078125,333.866,0
     0,0,0,0,0,0,0,0,0,364.14,-378.086,-0.0078125,0.0078125,333.886,0
     0,0,0,0,0,0,0,0,0,367.026,-341.571,-0.0078125,0.0078125,333.906,0
     0,0,0,0,0,0,0,0,0,386.25,-372.773,-0.0078125,0.0078125,333.927,0
     0,0,0,0,0,0,0,0,0,392.18,-369.72,-0.0078125,0.0078125,333.946,0
     0,0,0,0,0,0,0,0,0,380.105,-394.641,-0.0078125,0.0078125,333.967,0
     0,0,0,0,0,0,0,0,0,410.821,-383.929,-0.0078125,0.0078125,333.986,0
     0,0,0,0,0,0,0,0,0,357.098,-394.859,-0.0078125,0.0078125,334.007,0
     0,0,0,0,0,0,0,0,0,437.139,-345.161,-0.0078125,0.0078125,334.026,0
     0,0,0,0,0,0,0,0,0,422.565,-389.158,-0.0078125,0.0078125,334.046,0
     0,0,0,0,0,0,0,0,0,386.302,-461.223,-0.0078125,0.0078125,334.066,0
     0,0,0,0,0,0,0,0,0,408.864,-408.43,-0.0078125,0.0078125,334.087,0
     0,0,0,0,0,0,0,0,0,405.4,-475.771,-0.0078125,0.0078125,334.11,0
     0,0,0,0,0,0,0,0,0,432.751,-382.826,-0.0078125,0.0078125,334.126,0
     0,0,0,0,0,0,0,0,0,407.092,-459.802,-0.0078125,0.0078125,334.146,0
     0,0,0,0,0,0,0,0,0,420.521,-458.117,-0.0078125,0.0078125,334.165,0
     0,0,0,0,0,0,0,0,0,387.582,-431.844,-0.0078125,0.0078125,334.186,0
     0,0,0,0,0,0,0,0,0,422.511,-387.117,-0.0078125,0.0078125,334.206,0
     0,0,0,0,0,0,0,0,0,445.653,-444.79,-0.0078125,0.0078125,334.226,0
     0,0,0,0,0,0,0,0,0,439.889,-407.938,-0.0078125,0.0078125,334.247,0
     0,0,0,0,0,0,0,0,0,446.738,-382.702,-0.0078125,0.0078125,334.266,0
     0,0,0,0,0,0,0,0,0,441.491,-442.38,-0.0078125,0.0078125,334.286,0
     0,0,0,0,0,0,0,0,0,415.36,-369.147,-0.0078125,0.0078125,334.307,0
     0,0,0,0,0,0,0,0,0,417.023,-532.893,-0.0078125,0.0078125,334.326,0
     0,0,0,0,0,0,0,0,0,457.446,-402.698,-0.0078125,0.0078125,334.346,0
     0,0,0,0,0,0,0,0,0,473.866,-509.411,-0.0078125,0.0078125,334.366,0
     0,0,0,0,0,0,0,0,0,403.193,-432.087,-0.0078125,0.0078125,334.386,0
     0,0,0,0,0,0,0,0,0,440.616,-432.189,-0.0078125,0.0078125,334.407,0
     0,0,0,0,0,0,0,0,0,395.273,-347.947,-0.0078125,0.0078125,334.426,0
     0,0,0,0,0,0,0,0,0,416.988,-503.183,-0.0078125,0.0078125,334.446,0
     0,0,0,0,0,0,0,0,0,442.468,-384.246,-0.0078125,0.0078125,334.466,0
     0,0,0,0,0,0,0,0,0,495.111,-456.704,-0.0078125,0.0078125,334.486,0
     0,0,0,0,0,0,0,0,0,431.732,-448.219,-0.0078125,0.0078125,334.507,0
     0,0,0,0,0,0,0,0,0,415.119,-466.048,-0.0078125,0.0078125,334.526,0
     0,0,0,0,0,0,0,0,0,444.929,-454.7,-0.0078125,0.0078125,334.547,0
     0,0,0,0,0,0,0,0,0,438.51,-373.853,-0.0078125,0.0078125,334.567,0
     0,0,0,0,0,0,0,0,0,399.449,-417.467,-0.0078125,0.0078125,334.586,0
     0,0,0,0,0,0,0,0,0,411.091,-344.406,-0.0078125,0.0078125,334.606,0
     0,0,0,0,0,0,0,0,0,439.802,-414.259,-0.0078125,0.0078125,334.625,0
     0,0,0,0,0,0,0,0,0,418.515,-472.646,-0.0078125,0.0078125,334.65,0
     0,0,0,0,0,0,0,0,0,427.881,-370.769,-0.0078125,0.0078125,334.666,0
     0,0,0,0,0,0,0,0,0,420.009,-436.996,-0.0078125,0.0078125,334.686,0
     0,0,0,0,0,0,0,0,0,418.086,-401.614,-0.0078125,0.0078125,334.706,0
     0,0,0,0,0,0,0,0,0,400.44,-410.872,-0.0078125,0.0078125,334.726,0
     0,0,0,0,0,0,0,0,0,411.413,-396.857,-0.0078125,0.0078125,334.746,0
     0,0,0,0,0,0,0,0,0,380.098,-418.971,-0.0078125,0.0078125,334.766,0
     0,0,0,0,0,0,0,0,0,394.921,-373.322,-0.0078125,0.0078125,334.786,0
     0,0,0,0,0,0,0,0,0,388.712,-417.032,-0.0078125,0.0078125,334.806,0
     0,0,0,0,0,0,0,0,0,438.933,-407.548,-0.0078125,0.0078125,334.83,0
     0,0,0,0,0,0,0,0,0,402.998,-402.245,-0.0078125,0.0078125,334.846,0
     0,0,0,0,0,0,0,0,0,392.927,-330.066,-0.0078125,0.0078125,334.866,0
     0,0,0,0,0,0,0,0,0,408.998,-493.206,-0.0078125,0.0078125,334.886,0
     0,0,0,0,0,0,0,0,0,364.897,-313.283,-0.0078125,0.0078125,334.906,0
     0,0,0,0,0,0,0,0,0,434.679,-387.297,-0.0078125,0.0078125,334.927,0
     0,0,0,0,0,0,0,0,0,394.765,-314.139,-0.0078125,0.0078125,334.947,0
     0,0,0,0,0,0,0,0,0,389.529,-385.089,-0.0078125,0.0078125,334.966,0
     0,0,0,0,0,0,0,0,0,398.216,-464.403,-0.0078125,0.0078125,334.986,0
     0,0,0,0,0,0,0,0,0,405.811,-419.815,-0.0078125,0.0078125,335.006,0
     0,0,0,0,0,0,0,0,0,414.336,-464.716,-0.0078125,0.0078125,335.026,0
     0,0,0,0,0,0,0,0,0,418.401,-404.711,-0.0078125,0.0078125,335.046,0
     0,0,0,0,0,0,0,0,0,461.744,-472.333,-0.0078125,0.0078125,335.066,0
     0,0,0,0,0,0,0,0,0,441.17,-386.832,-0.0078125,0.0078125,335.087,0
     0,0,0,0,0,0,0,0,0,426.257,-447.347,-0.0078125,0.0078125,335.106,0
     0,0,0,0,0,0,0,0,0,463.338,-399.984,-0.0078125,0.0078125,335.126,0
     0,0,0,0,0,0,0,0,0,441.345,-426.967,-0.0078125,0.0078125,335.146,0
     0,0,0,0,0,0,0,0,0,444.553,-481.452,-0.0078125,0.0078125,335.168,0
     0,0,0,0,0,0,0,0,0,446.907,-438.471,-0.0078125,0.0078125,335.186,0
     0,0,0,0,0,0,0,0,0,452.478,-430.858,-0.0078125,0.0078125,335.207,0
     0,0,0,0,0,0,0,0,0,421.434,-335.694,-0.0078125,0.0078125,335.226,0
     0,0,0,0,0,0,0,0,0,449.499,-446.04,-0.0078125,0.0078125,335.246,0
     0,0,0,0,0,0,0,0,0,426.357,-529.045,-0.0078125,0.0078125,335.266,0
     0,0,0,0,0,0,0,0,0,429.341,-437.12,-0.0078125,0.0078125,335.286,0
     0,0,0,0,0,0,0,0,0,429.157,-572.377,-0.0078125,0.0078125,335.306,0
     0,0,0,0,0,0,0,0,0,0,-534.945,-0.0078125,0.0078125,335.327,0
     0,0,0,0,0,0,0,0,0,-123.851,-541.126,-0.0078125,0.0078125,335.346,0
     0,0,0,0,0,0,0,0,0,-165.176,-528.737,-0.0078125,0.0078125,335.367,0
     0,0,0,0,0,0,0,0,0,-231.072,-473.093,-0.0078125,0.0078125,335.386,0
     0,0,0,0,0,0,0,0,0,-224.052,-481.44,-0.0078125,0.0078125,335.406,0
     0,0,0,0,0,0,0,0,0,-215.596,-451.386,-0.0078125,0.0078125,335.426,0
     0,0,0,0,0,0,0,0,0,-187.522,-358.41,-0.0078125,0.0078125,335.446,0
     0,0,0,0,0,0,0,0,0,-209.661,-469.561,-0.0078125,0.0078125,335.467,0
     0,0,0,0,0,0,0,0,0,-203.178,-426.548,-0.0078125,0.0078125,335.486,0
     0,0,0,0,0,0,0,0,0,-176.317,-457.247,-0.0078125,0.0078125,335.506,0
     0,0,0,0,0,0,0,0,0,-207.271,-315.1,-0.0078125,0.0078125,335.525,0
     0,0,0,0,0,0,0,0,0,-235.699,-418.191,-0.0078125,0.0078125,335.546,0
     0,0,0,0,0,0,0,0,0,-228.872,-418.76,-0.0078125,0.0078125,335.566,0
     0,0,0,0,0,0,0,0,0,-217.354,-382.015,-0.0078125,0.0078125,335.586,0
     0,0,0,0,0,0,0,0,0,-228.444,-395.57,-0.0078125,0.0078125,335.606,0
     0,0,0,0,0,0,0,0,0,-266.902,-387.837,-0.0078125,0.0078125,335.626,0
     0,0,0,0,0,0,0,0,0,-257.076,-385.617,-0.0078125,0.0078125,335.646,0
     0,0,0,0,0,0,0,0,0,-227.144,-353.307,-0.0078125,0.0078125,335.666,0
     0,0,0,0,0,0,0,0,0,-244.463,-384.704,-0.0078125,0.0078125,335.686,0
     0,0,0,0,0,0,0,0,0,-256.506,-323.625,-0.0078125,0.0078125,335.706,0
     0,0,0,0,0,0,0,0,0,-276.51,-327.214,-0.0078125,0.0078125,335.726,0
     0,0,0,0,0,0,0,0,0,-241.663,-343.678,-0.0078125,0.0078125,335.746,0
     0,0,0,0,0,0,0,0,0,-259.963,-350.865,-0.0078125,0.0078125,335.766,0
     0,0,0,0,0,0,0,0,0,-249.594,-335.031,-0.0078125,0.0078125,335.786,0
     0,0,0,0,0,0,0,0,0,-257.662,-338.461,-0.0078125,0.0078125,335.806,0
     0,0,0,0,0,0,0,0,0,-264.121,-308.404,-0.0078125,0.0078125,335.826,0
     0,0,0,0,0,0,0,0,0,-261.219,-253.778,-0.0078125,0.0078125,335.846,0
     0,0,0,0,0,0,0,0,0,-285.258,-299.643,-0.0078125,0.0078125,335.866,0
     0,0,0,0,0,0,0,0,0,-317.435,-328.634,-0.0078125,0.0078125,335.886,0
     0,0,0,0,0,0,0,0,0,-335.785,-412.184,-0.0078125,0.0078125,335.906,0
     0,0,0,0,0,0,0,0,0,-299.918,-363.346,-0.0078125,0.0078125,335.926,0
     0,0,0,0,0,0,0,0,0,-358.275,-354.352,-0.0078125,0.0078125,335.946,0
     0,0,0,0,0,0,0,0,0,-297.907,-349.065,-0.0078125,0.0078125,335.966,0
     0,0,0,0,0,0,0,0,0,-277.304,-398.541,-0.0078125,0.0078125,335.987,0
     0,0,0,0,0,0,0,0,0,-288.056,-360.412,-0.0078125,0.0078125,336.006,0
     0,0,0,0,0,0,0,0,0,-255.109,-388.297,-0.0078125,0.0078125,336.026,0
     0,0,0,0,0,0,0,0,0,-308.699,-443.912,-0.0078125,0.0078125,336.046,0
     0,0,0,0,0,0,0,0,0,-296.244,-367.877,-0.0078125,0.0078125,336.067,0
     0,0,0,0,0,0,0,0,0,-304.146,-409.962,-0.0078125,0.0078125,336.086,0
     0,0,0,0,0,0,0,0,0,-284.091,-367.979,-0.0078125,0.0078125,336.106,0
     0,0,0,0,0,0,0,0,0,-282.717,-374.77,-0.0078125,0.0078125,336.126,0
     0,0,0,0,0,0,0,0,0,-289.998,-376.641,-0.0078125,0.0078125,336.146,0
     0,0,0,0,0,0,0,0,0,-271.345,-402.325,-0.0078125,0.0078125,336.167,0
     0,0,0,0,0,0,0,0,0,-298.018,-382.161,-0.0078125,0.0078125,336.186,0
     0,0,0,0,0,0,0,0,0,-299.99,-404.572,-0.0078125,0.0078125,336.206,0
     0,0,0,0,0,0,0,0,0,-299.733,-404.138,-0.0078125,0.0078125,336.226,0
     0,0,0,0,0,0,0,0,0,-280.678,-424.565,-0.0078125,0.0078125,336.246,0
     0,0,0,0,0,0,0,0,0,-302.467,-361.246,-0.0078125,0.0078125,336.267,0
     0,0,0,0,0,0,0,0,0,-309.842,-411.032,-0.0078125,0.0078125,336.286,0
     0,0,0,0,0,0,0,0,0,-345.859,-449.509,-0.0078125,0.0078125,336.306,0
     0,0,0,0,0,0,0,0,0,-295.404,-395.961,-0.0078125,0.0078125,336.327,0
     0,0,0,0,0,0,0,0,0,-350.76,-425.822,-0.0078125,0.0078125,336.346,0
     0,0,0,0,0,0,0,0,0,-345.34,-425.985,-0.0078125,0.0078125,336.367,0
     0,0,0,0,0,0,0,0,0,-296.49,-421.914,-0.0078125,0.0078125,336.387,0
     0,0,0,0,0,0,0,0,0,-335.211,-364.325,-0.0078125,0.0078125,336.406,0
     0,0,0,0,0,0,0,0,0,-318.112,-440.577,-0.0078125,0.0078125,336.426,0
     0,0,0,0,0,0,0,0,0,-329.435,-397.33,-0.0078125,0.0078125,336.447,0
     0,0,0,0,0,0,0,0,0,-354.522,-448.27,-0.0078125,0.0078125,336.466,0
     0,0,0,0,0,0,0,0,0,-359.525,-398.995,-0.0078125,0.0078125,336.487,0
     0,0,0,0,0,0,0,0,0,-354.88,-356.589,-0.0078125,0.0078125,336.512,0
     0,0,0,0,0,0,0,0,0,-390.404,-372.675,-0.0078125,0.0078125,336.527,0
     0,0,0,0,0,0,0,0,0,-404.899,-477.076,-0.0078125,0.0078125,336.547,0
     0,0,0,0,0,0,0,0,0,-340.281,-442.595,-0.0078125,0.0078125,336.567,0
     0,0,0,0,0,0,0,0,0,-357.366,-472.054,-0.0078125,0.0078125,336.587,0
     0,0,0,0,0,0,0,0,0,-381.592,-410.754,-0.0078125,0.0078125,336.606,0
     0,0,0,0,0,0,0,0,0,-350.269,-490.737,-0.0078125,0.0078125,336.627,0
     0,0,0,0,0,0,0,0,0,-372.738,-415.455,-0.0078125,0.0078125,336.646,0
     0,0,0,0,0,0,0,0,0,-320.754,-451.091,-0.0078125,0.0078125,336.666,0
     0,0,0,0,0,0,0,0,0,-355.492,-379.723,-0.0078125,0.0078125,336.686,0
     0,0,0,0,0,0,0,0,0,-367.255,-379.788,-0.0078125,0.0078125,336.707,0
     0,0,0,0,0,0,0,0,0,-330.256,-400.858,-0.0078125,0.0078125,336.726,0
     0,0,0,0,0,0,0,0,0,-321.187,-361.396,-0.0078125,0.0078125,336.746,0
     0,0,0,0,0,0,0,0,0,-341.717,-369.843,-0.0078125,0.0078125,336.766,0
     0,0,0,0,0,0,0,0,0,-307.347,-358.134,-0.0078125,0.0078125,336.786,0
     0,0,0,0,0,0,0,0,0,-322.721,-352.187,-0.0078125,0.0078125,336.806,0
     0,0,0,0,0,0,0,0,0,-296.674,-383.311,-0.0078125,0.0078125,336.831,0
     0,0,0,0,0,0,0,0,0,-147.07,-285.665,-0.0078125,0.0078125,336.853,0
     0,0,0,0,0,0,0,0,0,-42.6095,-265.65,-0.0078125,0.0078125,336.867,0
     0,0,0,0,0,0,0,0,0,95.4572,-332.784,-0.0078125,0.0078125,336.902,0
     0,0,0,0,0,0,0,0,0,74.4668,-309.535,-0.0078125,0.0078125,336.915,0
     0,0,0,0,0,0,0,0,0,83.8181,-342.894,-0.0078125,0.0078125,336.926,0
     0,0,0,0,0,0,0,0,0,91.7865,-370.329,-0.0078125,0.0078125,336.946,0
     0,0,0,0,0,0,0,0,0,136.767,-312.139,-0.0078125,0.0078125,336.966,0
     0,0,0,0,0,0,0,0,0,227.505,-314.901,-0.0078125,0.0078125,336.986,0
     0,0,0,0,0,0,0,0,0,236.88,-331.373,-0.0078125,0.0078125,337.006,0
     0,0,0,0,0,0,0,0,0,298.891,-329.267,-0.0078125,0.0078125,337.026,0
     0,0,0,0,0,0,0,0,0,322.982,-379.644,-0.0078125,0.0078125,337.046,0
     0,0,0,0,0,0,0,0,0,353.494,-340.35,-0.0078125,0.0078125,337.067,0
     0,0,0,0,0,0,0,0,0,340.397,-290.647,-0.0078125,0.0078125,337.086,0
     0,0,0,0,0,0,0,0,0,386.018,-361.709,-0.0078125,0.0078125,337.106,0
     0,0,0,0,0,0,0,0,0,356.233,-335.57,-0.0078125,0.0078125,337.126,0
     0,0,0,0,0,0,0,0,0,369.454,-369.529,-0.0078125,0.0078125,337.147,0
     0,0,0,0,0,0,0,0,0,355.246,-355.986,-0.0078125,0.0078125,337.166,0
     0,0,0,0,0,0,0,0,0,362.726,-415.239,-0.0078125,0.0078125,337.186,0
     0,0,0,0,0,0,0,0,0,401.051,-333.957,-0.0078125,0.0078125,337.207,0
     0,0,0,0,0,0,0,0,0,403.975,-392.796,-0.0078125,0.0078125,337.226,0
     0,0,0,0,0,0,0,0,0,403.559,-463.113,-0.0078125,0.0078125,337.246,0
     0,0,0,0,0,0,0,0,0,430.719,-392.989,-0.0078125,0.0078125,337.266,0
     0,0,0,0,0,0,0,0,0,416.684,-380.735,-0.0078125,0.0078125,337.286,0
     0,0,0,0,0,0,0,0,0,422.378,-414.921,-0.0078125,0.0078125,337.306,0
     0,0,0,0,0,0,0,0,0,415.662,-463.575,-0.0078125,0.0078125,337.326,0
     0,0,0,0,0,0,0,0,0,378.96,-397.022,-0.0078125,0.0078125,337.346,0
     0,0,0,0,0,0,0,0,0,439.86,-407.789,-0.0078125,0.0078125,337.371,0
     0,0,0,0,0,0,0,0,0,400.778,-387.559,-0.0078125,0.0078125,337.387,0
     0,0,0,0,0,0,0,0,0,453.782,-416.823,-0.0078125,0.0078125,337.417,0
     0,0,0,0,0,0,0,0,0,416.823,-436.834,-0.0078125,0.0078125,337.426,0
     0,0,0,0,0,0,0,0,0,402.812,-450.907,-0.0078125,0.0078125,337.447,0
     0,0,0,0,0,0,0,0,0,425.297,-432.882,-0.0078125,0.0078125,337.466,0
     0,0,0,0,0,0,0,0,0,401.97,-420.248,-0.0078125,0.0078125,337.486,0
     0,0,0,0,0,0,0,0,0,365.604,-401.26,-0.0078125,0.0078125,337.506,0
     0,0,0,0,0,0,0,0,0,396.448,-421.177,-0.0078125,0.0078125,337.526,0
     0,0,0,0,0,0,0,0,0,404.171,-422.815,-0.0078125,0.0078125,337.546,0
     0,0,0,0,0,0,0,0,0,466.124,-470.356,-0.0078125,0.0078125,337.567,0
     0,0,0,0,0,0,0,0,0,455.104,-427.734,-0.0078125,0.0078125,337.587,0
     0,0,0,0,0,0,0,0,0,478.171,-484.931,-0.0078125,0.0078125,337.606,0
     0,0,0,0,0,0,0,0,0,394.081,-393.453,-0.0078125,0.0078125,337.625,0
     0,0,0,0,0,0,0,0,0,393.422,-418.682,-0.0078125,0.0078125,337.646,0
     0,0,0,0,0,0,0,0,0,408.764,-458.117,-0.0078125,0.0078125,337.666,0
     0,0,0,0,0,0,0,0,0,414.465,-461.361,-0.0078125,0.0078125,337.686,0
     0,0,0,0,0,0,0,0,0,494.096,-403.096,-0.0078125,0.0078125,337.706,0
     0,0,0,0,0,0,0,0,0,408.147,-384.342,-0.0078125,0.0078125,337.726,0
     0,0,0,0,0,0,0,0,0,451.406,-404.834,-0.0078125,0.0078125,337.746,0
     0,0,0,0,0,0,0,0,0,411.675,-415.024,-0.0078125,0.0078125,337.768,0
     0,0,0,0,0,0,0,0,0,465.539,-394.563,-0.0078125,0.0078125,337.786,0
     0,0,0,0,0,0,0,0,0,435.939,-286.981,-0.0078125,0.0078125,337.806,0
     0,0,0,0,0,0,0,0,0,420.345,-394.081,-0.0078125,0.0078125,337.826,0
     0,0,0,0,0,0,0,0,0,409.299,-434.207,-0.0078125,0.0078125,337.846,0
     0,0,0,0,0,0,0,0,0,413.83,-380.655,-0.0078125,0.0078125,337.866,0
     0,0,0,0,0,0,0,0,0,414.182,-450.278,-0.0078125,0.0078125,337.886,0
     0,0,0,0,0,0,0,0,0,434.405,-430.951,-0.0078125,0.0078125,337.906,0
     0,0,0,0,0,0,0,0,0,411.438,-442.517,-0.0078125,0.0078125,337.925,0
     0,0,0,0,0,0,0,0,0,483.15,-354.956,-0.0078125,0.0078125,337.947,0
     0,0,0,0,0,0,0,0,0,390.846,-415.007,-0.0078125,0.0078125,337.965,0
     0,0,0,0,0,0,0,0,0,423.325,-368.786,-0.0078125,0.0078125,337.986,0
     0,0,0,0,0,0,0,0,0,396.275,-437.417,-0.0078125,0.0078125,338.006,0
     0,0,0,0,0,0,0,0,0,407.249,-495.847,-0.0078125,0.0078125,338.052,0
     0,0,0,0,0,0,0,0,0,395.593,-492.514,-0.0078125,0.0078125,338.055,0
     0,0,0,0,0,0,0,0,0,406.976,-425.342,-0.0078125,0.0078125,338.067,0
     0,0,0,0,0,0,0,0,0,381.818,-465.452,-0.0078125,0.0078125,338.086,0
     0,0,0,0,0,0,0,0,0,412.567,-427.223,-0.0078125,0.0078125,338.106,0
     0,0,0,0,0,0,0,0,0,428.146,-480.746,-0.0078125,0.0078125,338.126,0
     0,0,0,0,0,0,0,0,0,435.265,-471.698,-0.0078125,0.0078125,338.146,0
     0,0,0,0,0,0,0,0,0,423.711,-470.422,-0.0078125,0.0078125,338.166,0
     0,0,0,0,0,0,0,0,0,432.545,-437.34,-0.0078125,0.0078125,338.186,0
     0,0,0,0,0,0,0,0,0,360.64,-445.206,-0.0078125,0.0078125,338.208,0
     0,0,0,0,0,0,0,0,0,449.57,-412.49,-0.0078125,0.0078125,338.248,0
     0,0,0,0,0,0,0,0,0,341.682,-412.942,-0.0078125,0.0078125,338.266,0
     0,0,0,0,0,0,0,0,0,458.958,-473.776,-0.0078125,0.0078125,338.286,0
     0,0,0,0,0,0,0,0,0,425.885,-411.523,-0.0078125,0.0078125,338.306,0
     0,0,0,0,0,0,0,0,0,412.133,-423.003,-0.0078125,0.0078125,338.335,0
     0,0,0,0,0,0,0,0,0,385.104,-430.719,-0.0078125,0.0078125,338.346,0
     0,0,0,0,0,0,0,0,0,402.941,-446.528,-0.0078125,0.0078125,338.366,0
     0,0,0,0,0,0,0,0,0,426.158,-384.63,-0.0078125,0.0078125,338.386,0
     0,0,0,0,0,0,0,0,0,390.579,-446.329,-0.0078125,0.0078125,338.407,0
     0,0,0,0,0,0,0,0,0,453.35,-383.01,-0.0078125,0.0078125,338.426,0
     0,0,0,0,0,0,0,0,0,415.084,-433.416,-0.0078125,0.0078125,338.446,0
     0,0,0,0,0,0,0,0,0,392.48,-554.985,-0.0078125,0.0078125,338.466,0
     0,0,0,0,0,0,0,0,0,411.616,-433.915,-0.0078125,0.0078125,338.486,0
     0,0,0,0,0,0,0,0,0,411.768,-474.687,-0.0078125,0.0078125,338.506,0
     0,0,0,0,0,0,0,0,0,440.441,-471.587,-0.0078125,0.0078125,338.53,0
     0,0,0,0,0,0,0,0,0,441.511,-427.926,-0.0078125,0.0078125,338.546,0
     0,0,0,0,0,0,0,0,0,406.281,-462.909,-0.0078125,0.0078125,338.567,0
     0,0,0,0,0,0,0,0,0,435.426,-320.236,-0.0078125,0.0078125,338.586,0
     0,0,0,0,0,0,0,0,0,435.559,-462.171,-0.0078125,0.0078125,338.606,0
     0,0,0,0,0,0,0,0,0,393.755,-361.383,-0.0078125,0.0078125,338.626,0
     0,0,0,0,0,0,0,0,0,445.931,-451.284,-0.0078125,0.0078125,338.646,0
     0,0,0,0,0,0,0,0,0,423.424,-367.262,-0.0078125,0.0078125,338.666,0
     0,0,0,0,0,0,0,0,0,426.094,-455.228,-0.0078125,0.0078125,338.686,0
     0,0,0,0,0,0,0,0,0,418.148,-393.933,-0.0078125,0.0078125,338.706,0
     0,0,0,0,0,0,0,0,0,397.007,-386.451,-0.0078125,0.0078125,338.726,0
     0,0,0,0,0,0,0,0,0,355.834,-432.18,-0.0078125,0.0078125,338.746,0
     0,0,0,0,0,0,0,0,0,411.117,-386.347,-0.0078125,0.0078125,338.768,0
     0,0,0,0,0,0,0,0,0,419.41,-429.139,-0.0078125,0.0078125,338.786,0
     0,0,0,0,0,0,0,0,0,397.243,-439.802,-0.0078125,0.0078125,338.806,0
     0,0,0,0,0,0,0,0,0,391.796,-423.236,-0.0078125,0.0078125,338.826,0
     0,0,0,0,0,0,0,0,0,418.769,-378.817,-0.0078125,0.0078125,338.846,0
     0,0,0,0,0,0,0,0,0,384.039,-432.835,-0.0078125,0.0078125,338.866,0
     0,0,0,0,0,0,0,0,0,0,-407.573,-0.0078125,0.0078125,338.886,0
     0,0,0,0,0,0,0,0,0,-185.848,-390.617,-0.0078125,0.0078125,338.906,0
     0,0,0,0,0,0,0,0,0,-188.343,-380.619,-0.0078125,0.0078125,338.926,0
     0,0,0,0,0,0,0,0,0,-211.209,-477.578,-0.0078125,0.0078125,338.946,0
     0,0,0,0,0,0,0,0,0,-219.248,-440.694,-0.0078125,0.0078125,338.966,0
     0,0,0,0,0,0,0,0,0,-183.439,-406.017,-0.0078125,0.0078125,338.986,0
     0,0,0,0,0,0,0,0,0,-176.946,-389.924,-0.0078125,0.0078125,339.006,0
     0,0,0,0,0,0,0,0,0,-229.713,-315.567,-0.0078125,0.0078125,339.026,0
     0,0,0,0,0,0,0,0,0,-227.526,-490.689,-0.0078125,0.0078125,339.047,0
     0,0,0,0,0,0,0,0,0,-217.538,-495.933,-0.0078125,0.0078125,339.066,0
     0,0,0,0,0,0,0,0,0,-203.258,-427.442,-0.0078125,0.0078125,339.086,0
     0,0,0,0,0,0,0,0,0,-249.566,-461.926,-0.0078125,0.0078125,339.106,0
     0,0,0,0,0,0,0,0,0,-230.07,-403.275,-0.0078125,0.0078125,339.126,0
     0,0,0,0,0,0,0,0,0,-225.023,-459.538,-0.0078125,0.0078125,339.146,0
     0,0,0,0,0,0,0,0,0,-224.333,-393.592,-0.0078125,0.0078125,339.166,0
     0,0,0,0,0,0,0,0,0,-248.456,-439.338,-0.0078125,0.0078125,339.186,0
     0,0,0,0,0,0,0,0,0,-259.383,-417.624,-0.0078125,0.0078125,339.206,0
     0,0,0,0,0,0,0,0,0,-265.551,-442.341,-0.0078125,0.0078125,339.226,0
     0,0,0,0,0,0,0,0,0,-274.198,-425.695,-0.0078125,0.0078125,339.246,0
     0,0,0,0,0,0,0,0,0,-285.201,-383.73,-0.0078125,0.0078125,339.266,0
     0,0,0,0,0,0,0,0,0,-293.178,-411.455,-0.0078125,0.0078125,339.286,0
     0,0,0,0,0,0,0,0,0,-301.273,-386.115,-0.0078125,0.0078125,339.306,0
     0,0,0,0,0,0,0,0,0,-304.201,-414.096,-0.0078125,0.0078125,339.326,0
     0,0,0,0,0,0,0,0,0,-273.695,-424.674,-0.0078125,0.0078125,339.347,0
     0,0,0,0,0,0,0,0,0,-320.015,-455.944,-0.0078125,0.0078125,339.367,0
     0,0,0,0,0,0,0,0,0,-282.283,-500.4,-0.0078125,0.0078125,339.387,0
     0,0,0,0,0,0,0,0,0,-324.181,-454.246,-0.0078125,0.0078125,339.406,0
     0,0,0,0,0,0,0,0,0,-296.213,-309.229,-0.0078125,0.0078125,339.427,0
     0,0,0,0,0,0,0,0,0,-309.602,-499.875,-0.0078125,0.0078125,339.448,0
     0,0,0,0,0,0,0,0,0,-266.759,-335.717,-0.0078125,0.0078125,339.466,0
     0,0,0,0,0,0,0,0,0,-319.995,-515.49,-0.0078125,0.0078125,339.486,0
     0,0,0,0,0,0,0,0,0,-308.19,-434.084,-0.0078125,0.0078125,339.506,0
     0,0,0,0,0,0,0,0,0,-317.299,-481.846,-0.0078125,0.0078125,339.526,0
     0,0,0,0,0,0,0,0,0,-325.584,-465.495,-0.0078125,0.0078125,339.546,0
     0,0,0,0,0,0,0,0,0,-335.098,-436.748,-0.0078125,0.0078125,339.567,0
     0,0,0,0,0,0,0,0,0,-302.618,-434.169,-0.0078125,0.0078125,339.586,0
     0,0,0,0,0,0,0,0,0,-341.175,-305.871,-0.0078125,0.0078125,339.606,0
     0,0,0,0,0,0,0,0,0,-357.054,-409.057,-0.0078125,0.0078125,339.626,0
     0,0,0,0,0,0,0,0,0,-352.336,-496.882,-0.0078125,0.0078125,339.646,0
     0,0,0,0,0,0,0,0,0,-306.077,-419.34,-0.0078125,0.0078125,339.666,0
     0,0,0,0,0,0,0,0,0,-297.415,-458.905,-0.0078125,0.0078125,339.686,0
     0,0,0,0,0,0,0,0,0,-320.261,-433.379,-0.0078125,0.0078125,339.706,0
     0,0,0,0,0,0,0,0,0,-298.815,-467.705,-0.0078125,0.0078125,339.726,0
     0,0,0,0,0,0,0,0,0,-365.103,-441.326,-0.0078125,0.0078125,339.746,0
     0,0,0,0,0,0,0,0,0,-323.866,-432.246,-0.0078125,0.0078125,339.766,0
     0,0,0,0,0,0,0,0,0,-277.312,-438.097,-0.0078125,0.0078125,339.786,0
     0,0,0,0,0,0,0,0,0,-361.585,-381.098,-0.0078125,0.0078125,339.806,0
     0,0,0,0,0,0,0,0,0,-361.553,-428.165,-0.0078125,0.0078125,339.826,0
     0,0,0,0,0,0,0,0,0,-359.021,-435.208,-0.0078125,0.0078125,339.847,0
     0,0,0,0,0,0,0,0,0,-362.628,-490.834,-0.0078125,0.0078125,339.867,0
     0,0,0,0,0,0,0,0,0,-359.376,-418.183,-0.0078125,0.0078125,339.886,0
     0,0,0,0,0,0,0,0,0,-338.49,-527.607,-0.0078125,0.0078125,339.907,0
     0,0,0,0,0,0,0,0,0,-328.623,-371.347,-0.0078125,0.0078125,339.926,0
     0,0,0,0,0,0,0,0,0,-329.332,-533.732,-0.0078125,0.0078125,339.946,0
     0,0,0,0,0,0,0,0,0,-315.886,-391.351,-0.0078125,0.0078125,339.966,0
     0,0,0,0,0,0,0,0,0,-358.468,-502.424,-0.0078125,0.0078125,339.991,0
     0,0,0,0,0,0,0,0,0,-369.652,-420.937,-0.0078125,0.0078125,340.008,0
     0,0,0,0,0,0,0,0,0,-363.63,-440.141,-0.0078125,0.0078125,340.026,0
     0,0,0,0,0,0,0,0,0,-326.115,-416.25,-0.0078125,0.0078125,340.046,0
     0,0,0,0,0,0,0,0,0,-369.16,-448.34,-0.0078125,0.0078125,340.066,0
     0,0,0,0,0,0,0,0,0,-341.991,-450.319,-0.0078125,0.0078125,340.086,0
     0,0,0,0,0,0,0,0,0,-306.556,-454.071,-0.0078125,0.0078125,340.106,0
     0,0,0,0,0,0,0,0,0,-270.937,-404.114,-0.0078125,0.0078125,340.126,0
     0,0,0,0,0,0,0,0,0,-346.236,-466.777,-0.0078125,0.0078125,340.146,0
     0,0,0,0,0,0,0,0,0,-318.107,-415.3,-0.0078125,0.0078125,340.168,0
     0,0,0,0,0,0,0,0,0,-325.834,-465.528,-0.0078125,0.0078125,340.201,0
     0,0,0,0,0,0,0,0,0,-319.152,-409.006,-0.0078125,0.0078125,340.206,0
     0,0,0,0,0,0,0,0,0,-377.822,-561.041,-0.0078125,0.0078125,340.229,0
     0,0,0,0,0,0,0,0,0,-353.488,-434.292,-0.0078125,0.0078125,340.246,0
     0,0,0,0,0,0,0,0,0,-406.959,-490.412,-0.0078125,0.0078125,340.267,0
     0,0,0,0,0,0,0,0,0,-409.912,-427.287,-0.0078125,0.0078125,340.286,0
     0,0,0,0,0,0,0,0,0,-371.533,-500.626,-0.0078125,0.0078125,340.306,0
     0,0,0,0,0,0,0,0,0,-376.584,-471.921,-0.0078125,0.0078125,340.326,0
     0,0,0,0,0,0,0,0,0,-414.276,-356.379,-0.0078125,0.0078125,340.346,0
     0,0,0,0,0,0,0,0,0,-363.399,-473.934,-0.0078125,0.0078125,340.367,0
     0,0,0,0,0,0,0,0,0,-364.385,-467.454,-0.0078125,0.0078125,340.386,0
     0,0,0,0,0,0,0,0,0,-212.004,-514.35,-0.0078125,0.0078125,340.407,0
     0,0,0,0,0,0,0,0,0,-135.102,-391.704,-0.0078125,0.0078125,340.426,0
     0,0,0,0,0,0,0,0,0,158.481,-412.959,-0.0078125,0.0078125,340.449,0
     0,0,0,0,0,0,0,0,0,154.816,-378.515,-0.0078125,0.0078125,340.468,0
     0,0,0,0,0,0,0,0,0,127.992,-412.32,-0.0078125,0.0078125,340.488,0
     0,0,0,0,0,0,0,0,0,125.064,-375.615,-0.0078125,0.0078125,340.507,0
     0,0,0,0,0,0,0,0,0,152.637,-421.63,-0.0078125,0.0078125,340.527,0
     0,0,0,0,0,0,0,0,0,202.542,-421.425,-0.0078125,0.0078125,340.546,0
     0,0,0,0,0,0,0,0,0,257.848,-372.058,-0.0078125,0.0078125,340.566,0
     0,0,0,0,0,0,0,0,0,284.018,-400.088,-0.0078125,0.0078125,340.586,0
     0,0,0,0,0,0,0,0,0,308.067,-365.604,-0.0078125,0.0078125,340.606,0
     0,0,0,0,0,0,0,0,0,377.166,-370.103,-0.0078125,0.0078125,340.627,0
     0,0,0,0,0,0,0,0,0,359.163,-332.226,-0.0078125,0.0078125,340.652,0
     0,0,0,0,0,0,0,0,0,354.252,-350.662,-0.0078125,0.0078125,340.677,0
     0,0,0,0,0,0,0,0,0,338.192,-383.892,-0.0078125,0.0078125,340.686,0
     0,0,0,0,0,0,0,0,0,360.64,-335.351,-0.0078125,0.0078125,340.706,0
     0,0,0,0,0,0,0,0,0,350.717,-356.5,-0.0078125,0.0078125,340.726,0
     0,0,0,0,0,0,0,0,0,368.331,-357.219,-0.0078125,0.0078125,340.747,0
     0,0,0,0,0,0,0,0,0,426.012,-404.588,-0.0078125,0.0078125,340.766,0
     0,0,0,0,0,0,0,0,0,365.15,-364.405,-0.0078125,0.0078125,340.786,0
     0,0,0,0,0,0,0,0,0,388.123,-417.973,-0.0078125,0.0078125,340.806,0
     0,0,0,0,0,0,0,0,0,379.701,-292.744,-0.0078125,0.0078125,340.826,0
     0,0,0,0,0,0,0,0,0,405.564,-389.856,-0.0078125,0.0078125,340.846,0
     0,0,0,0,0,0,0,0,0,374.104,-448.471,-0.0078125,0.0078125,340.866,0
     0,0,0,0,0,0,0,0,0,410.965,-393.732,-0.0078125,0.0078125,340.886,0
     0,0,0,0,0,0,0,0,0,395.148,-359.615,-0.0078125,0.0078125,340.906,0
     0,0,0,0,0,0,0,0,0,390.13,-431.816,-0.0078125,0.0078125,340.926,0
     0,0,0,0,0,0,0,0,0,359.686,-469.528,-0.0078125,0.0078125,340.949,0
     0,0,0,0,0,0,0,0,0,380.88,-407.183,-0.0078125,0.0078125,340.966,0
     0,0,0,0,0,0,0,0,0,416.38,-458.716,-0.0078125,0.0078125,340.986,0
     0,0,0,0,0,0,0,0,0,408.33,-405.614,-0.0078125,0.0078125,341.007,0
     0,0,0,0,0,0,0,0,0,420.707,-456.413,-0.0078125,0.0078125,341.026,0
     0,0,0,0,0,0,0,0,0,422.217,-374.742,-0.0078125,0.0078125,341.045,0
     0,0,0,0,0,0,0,0,0,452.745,-407.357,-0.0078125,0.0078125,341.066,0
     0,0,0,0,0,0,0,0,0,372.003,-379.01,-0.0078125,0.0078125,341.086,0
     0,0,0,0,0,0,0,0,0,442.762,-438.539,-0.0078125,0.0078125,341.106,0
     0,0,0,0,0,0,0,0,0,403.983,-397.409,-0.0078125,0.0078125,341.128,0
     0,0,0,0,0,0,0,0,0,436.92,-432.367,-0.0078125,0.0078125,341.148,0
     0,0,0,0,0,0,0,0,0,435.996,-421.692,-0.0078125,0.0078125,341.172,0
     0,0,0,0,0,0,0,0,0,419.71,-432.189,-0.0078125,0.0078125,341.193,0
     0,0,0,0,0,0,0,0,0,396.11,-436.691,-0.0078125,0.0078125,341.207,0
     0,0,0,0,0,0,0,0,0,437.015,-486.511,-0.0078125,0.0078125,341.228,0
     0,0,0,0,0,0,0,0,0,479.145,-429.562,-0.0078125,0.0078125,341.245,0
     0,0,0,0,0,0,0,0,0,460.405,-478.824,-0.0078125,0.0078125,341.265,0
     0,0,0,0,0,0,0,0,0,411.557,-449.661,-0.0078125,0.0078125,341.285,0
     0,0,0,0,0,0,0,0,0,422.574,-381.381,-0.0078125,0.0078125,341.307,0
     0,0,0,0,0,0,0,0,0,460.554,-442.88,-0.0078125,0.0078125,341.327,0
     0,0,0,0,0,0,0,0,0,445.375,-400.601,-0.0078125,0.0078125,341.347,0
     0,0,0,0,0,0,0,0,0,414.869,-481.487,-0.0078125,0.0078125,341.367,0
     0,0,0,0,0,0,0,0,0,403.918,-434.254,-0.0078125,0.0078125,341.386,0
     0,0,0,0,0,0,0,0,0,410.711,-487.282,-0.0078125,0.0078125,341.406,0
     0,0,0,0,0,0,0,0,0,435.796,-353.976,-0.0078125,0.0078125,341.427,0
     0,0,0,0,0,0,0,0,0,452.049,-455.695,-0.0078125,0.0078125,341.447,0
     0,0,0,0,0,0,0,0,0,414.259,-548.983,-0.0078125,0.0078125,341.467,0
     0,0,0,0,0,0,0,0,0,464.048,-443.007,-0.0078125,0.0078125,341.488,0
     0,0,0,0,0,0,0,0,0,436.738,-469.605,-0.0078125,0.0078125,341.506,0
     0,0,0,0,0,0,0,0,0,423.415,-488.448,-0.0078125,0.0078125,341.534,0
     0,0,0,0,0,0,0,0,0,388.214,-395.265,-0.0078125,0.0078125,341.552,0
     0,0,0,0,0,0,0,0,0,473.093,-459.897,-0.0078125,0.0078125,341.568,0
     0,0,0,0,0,0,0,0,0,449.812,-412.244,-0.0078125,0.0078125,341.586,0
     0,0,0,0,0,0,0,0,0,455.591,-459.211,-0.0078125,0.0078125,341.606,0
     0,0,0,0,0,0,0,0,0,416.467,-407.373,-0.0078125,0.0078125,341.626,0
     0,0,0,0,0,0,0,0,0,452.612,-485.201,-0.0078125,0.0078125,341.646,0
     0,0,0,0,0,0,0,0,0,478.194,-410.762,-0.0078125,0.0078125,341.667,0
     0,0,0,0,0,0,0,0,0,459.96,-435.256,-0.0078125,0.0078125,341.685,0
     0,0,0,0,0,0,0,0,0,417.859,-381.127,-0.0078125,0.0078125,341.706,0
     0,0,0,0,0,0,0,0,0,423.388,-478.583,-0.0078125,0.0078125,341.726,0
     0,0,0,0,0,0,0,0,0,409.677,-431.323,-0.0078125,0.0078125,341.746,0
     0,0,0,0,0,0,0,0,0,410.737,-456.381,-0.0078125,0.0078125,341.766,0
     0,0,0,0,0,0,0,0,0,389.332,-456.757,-0.0078125,0.0078125,341.786,0
     0,0,0,0,0,0,0,0,0,432.713,-429.148,-0.0078125,0.0078125,341.806,0
     0,0,0,0,0,0,0,0,0,387.552,-421.257,-0.0078125,0.0078125,341.836,0
     0,0,0,0,0,0,0,0,0,455.705,-459.105,-0.0078125,0.0078125,341.86,0
     0,0,0,0,0,0,0,0,0,407.034,-432.031,-0.0078125,0.0078125,341.866,0
     0,0,0,0,0,0,0,0,0,433.952,-472.947,-0.0078125,0.0078125,341.886,0
     0,0,0,0,0,0,0,0,0,425.432,-451.314,-0.0078125,0.0078125,341.906,0
     0,0,0,0,0,0,0,0,0,447.427,-467.53,-0.0078125,0.0078125,341.926,0
     0,0,0,0,0,0,0,0,0,444.682,-434.235,-0.0078125,0.0078125,341.946,0
     0,0,0,0,0,0,0,0,0,387.312,-469.087,-0.0078125,0.0078125,341.966,0
     0,0,0,0,0,0,0,0,0,432.115,-507.202,-0.0078125,0.0078125,342,0
     0,0,0,0,0,0,0,0,0,427.469,-440.616,-0.0078125,0.0078125,342.007,0
     0,0,0,0,0,0,0,0,0,407.183,-458.495,-0.0078125,0.0078125,342.033,0
     0,0,0,0,0,0,0,0,0,426.667,-465.008,-0.0078125,0.0078125,342.046,0
     0,0,0,0,0,0,0,0,0,418.989,-441.608,-0.0078125,0.0078125,342.066,0
     0,0,0,0,0,0,0,0,0,442.821,-467.968,-0.0078125,0.0078125,342.086,0
     0,0,0,0,0,0,0,0,0,424.809,-424.619,-0.0078125,0.0078125,342.106,0
     0,0,0,0,0,0,0,0,0,405.992,-464.22,-0.0078125,0.0078125,342.126,0
     0,0,0,0,0,0,0,0,0,400.938,-433.304,-0.0078125,0.0078125,342.146,0
     0,0,0,0,0,0,0,0,0,497.611,-458.253,-0.0078125,0.0078125,342.166,0
     0,0,0,0,0,0,0,0,0,422.672,-429.775,-0.0078125,0.0078125,342.186,0
     0,0,0,0,0,0,0,0,0,479.214,-466.919,-0.0078125,0.0078125,342.207,0
     0,0,0,0,0,0,0,0,0,430.951,-430.163,-0.0078125,0.0078125,342.226,0
     0,0,0,0,0,0,0,0,0,454.68,-403.364,-0.0078125,0.0078125,342.247,0
     0,0,0,0,0,0,0,0,0,450.461,-445.931,-0.0078125,0.0078125,342.266,0
     0,0,0,0,0,0,0,0,0,506.111,-441.005,-0.0078125,0.0078125,342.286,0
     0,0,0,0,0,0,0,0,0,405.819,-462.289,-0.0078125,0.0078125,342.308,0
     0,0,0,0,0,0,0,0,0,461.308,-455.332,-0.0078125,0.0078125,342.326,0
     0,0,0,0,0,0,0,0,0,481.916,-458.779,-0.0078125,0.0078125,342.346,0
     0,0,0,0,0,0,0,0,0,457.959,-495.589,-0.0078125,0.0078125,342.367,0
     0,0,0,0,0,0,0,0,0,432.124,-423.576,-0.0078125,0.0078125,342.388,0
     0,0,0,0,0,0,0,0,0,402.342,-539.709,-0.0078125,0.0078125,342.406,0
     0,0,0,0,0,0,0,0,0,-180.083,-573.542,-0.0078125,0.0078125,342.426,0
     0,0,0,0,0,0,0,0,0,-78.9391,-574.878,-0.0078125,0.0078125,342.446,0
     0,0,0,0,0,0,0,0,0,0,-455.073,-0.0078125,0.0078125,342.466,0
     0,0,0,0,0,0,0,0,0,0,-427.872,-0.0078125,0.0078125,342.486,0
     0,0,0,0,0,0,0,0,0,-23.6255,-414.379,-0.0078125,0.0078125,342.506,0
     0,0,0,0,0,0,0,0,0,-48.0072,-375.876,-0.0078125,0.0078125,342.526,0
     0,0,0,0,0,0,0,0,0,-42.0971,-409.5,-0.0078125,0.0078125,342.546,0
     0,0,0,0,0,0,0,0,0,-42.0971,-350.195,-0.0078125,0.0078125,342.567,0
     0,0,0,0,0,0,0,0,0,-42.0971,-326.979,-0.0078125,0.0078125,342.586,0
     0,0,0,0,0,0,0,0,0,-11.8637,-237.127,-0.0078125,0.0078125,342.606,0
     0,0,0,0,0,0,0,0,0,-89.8142,-329.843,-0.0078125,0.0078125,342.626,0
     0,0,0,0,0,0,0,0,0,-120.731,-393.996,-0.0078125,0.0078125,342.647,0
     0,0,0,0,0,0,0,0,0,-116.209,-456.934,-0.0078125,0.0078125,342.666,0
     0,0,0,0,0,0,0,0,0,-140.858,-352.952,-0.0078125,0.0078125,342.687,0
     0,0,0,0,0,0,0,0,0,-135.482,-364.047,-0.0078125,0.0078125,342.708,0
     0,0,0,0,0,0,0,0,0,-204.931,-338.914,-0.0078125,0.0078125,342.727,0
     0,0,0,0,0,0,0,0,0,-196.115,-384.12,-0.0078125,0.0078125,342.746,0
     0,0,0,0,0,0,0,0,0,-205.16,-341.425,-0.0078125,0.0078125,342.768,0
     0,0,0,0,0,0,0,0,0,-159.293,-321.554,-0.0078125,0.0078125,342.786,0
     0,0,0,0,0,0,0,0,0,-186.979,-358.224,-0.0078125,0.0078125,342.806,0
     0,0,0,0,0,0,0,0,0,-199.583,-344.97,-0.0078125,0.0078125,342.826,0
     0,0,0,0,0,0,0,0,0,-218.055,-357.098,-0.0078125,0.0078125,342.846,0
     0,0,0,0,0,0,0,0,0,-243.709,-315.637,-0.0078125,0.0078125,342.866,0
     0,0,0,0,0,0,0,0,0,-204.363,-418.025,-0.0078125,0.0078125,342.888,0
     0,0,0,0,0,0,0,0,0,-198.277,-290.293,-0.0078125,0.0078125,342.906,0
     0,0,0,0,0,0,0,0,0,-228.222,-399.72,-0.0078125,0.0078125,342.926,0
     0,0,0,0,0,0,0,0,0,-251.699,-398.581,-0.0078125,0.0078125,342.946,0
     0,0,0,0,0,0,0,0,0,-273.774,-392.334,-0.0078125,0.0078125,342.966,0
     0,0,0,0,0,0,0,0,0,-243.208,-401.389,-0.0078125,0.0078125,342.986,0
     0,0,0,0,0,0,0,0,0,-255.167,-362.155,-0.0078125,0.0078125,343.006,0
     0,0,0,0,0,0,0,0,0,-276.319,-407.972,-0.0078125,0.0078125,343.025,0
     0,0,0,0,0,0,0,0,0,-266.34,-392.28,-0.0078125,0.0078125,343.046,0
     0,0,0,0,0,0,0,0,0,-244.87,-378.494,-0.0078125,0.0078125,343.066,0
     0,0,0,0,0,0,0,0,0,-273.463,-357.034,-0.0078125,0.0078125,343.086,0
     0,0,0,0,0,0,0,0,0,-261.052,-421.888,-0.0078125,0.0078125,343.105,0
     0,0,0,0,0,0,0,0,0,-245.426,-421.941,-0.0078125,0.0078125,343.126,0
     0,0,0,0,0,0,0,0,0,-234.511,-448.32,-0.0078125,0.0078125,343.146,0
     0,0,0,0,0,0,0,0,0,-228.658,-385.825,-0.0078125,0.0078125,343.166,0
     0,0,0,0,0,0,0,0,0,-242.169,-417.632,-0.0078125,0.0078125,343.186,0
     0,0,0,0,0,0,0,0,0,-250.715,-389.241,-0.0078125,0.0078125,343.208,0
     0,0,0,0,0,0,0,0,0,-275.79,-463.242,-0.0078125,0.0078125,343.226,0
     0,0,0,0,0,0,0,0,0,-276.152,-427.643,-0.0078125,0.0078125,343.246,0
     0,0,0,0,0,0,0,0,0,-271.547,-434.471,-0.0078125,0.0078125,343.266,0
     0,0,0,0,0,0,0,0,0,-321.776,-313.75,-0.0078125,0.0078125,343.286,0
     0,0,0,0,0,0,0,0,0,-302.558,-398.668,-0.0078125,0.0078125,343.306,0
     0,0,0,0,0,0,0,0,0,-301.9,-501.731,-0.0078125,0.0078125,343.326,0
     0,0,0,0,0,0,0,0,0,-345.644,-427.369,-0.0078125,0.0078125,343.346,0
     0,0,0,0,0,0,0,0,0,-333.6,-446.528,-0.0078125,0.0078125,343.366,0
     0,0,0,0,0,0,0,0,0,-306.989,-414.525,-0.0078125,0.0078125,343.386,0
     0,0,0,0,0,0,0,0,0,-281.821,-487.045,-0.0078125,0.0078125,343.407,0
     0,0,0,0,0,0,0,0,0,-266.61,-416.945,-0.0078125,0.0078125,343.426,0
     0,0,0,0,0,0,0,0,0,-234.5,-431.9,-0.0078125,0.0078125,343.447,0
     0,0,0,0,0,0,0,0,0,-307.735,-388.455,-0.0078125,0.0078125,343.467,0
     0,0,0,0,0,0,0,0,0,-321.502,-449.61,-0.0078125,0.0078125,343.487,0
     0,0,0,0,0,0,0,0,0,-380.865,-349.302,-0.0078125,0.0078125,343.506,0
     0,0,0,0,0,0,0,0,0,-341.291,-306.504,-0.0078125,0.03125,343.526,0
     0,0,0,0,0,0,0,0,0,-365.384,-339.674,-0.0078125,0.03125,343.547,0
     0,0,0,0,0,0,0,0,0,-358.449,-376.23,-0.0078125,0.03125,343.566,0
     0,0,0,0,0,0,0,0,0,-291.04,-379.061,-0.0078125,0.03125,343.586,0
     0,0,0,0,0,0,0,0,0,-308.375,-401.526,-0.0078125,0.03125,343.606,0
     0,0,0,0,0,0,0,0,0,-264.557,-384.578,-0.0078125,0.03125,343.627,0
     0,0,0,0,0,0,0,0,0,-233.746,-380.076,-0.0078125,0.03125,343.646,0
     0,0,0,0,0,0,0,0,0,-235.446,-382.651,-0.0078125,0.03125,343.666,0
     0,0,0,0,0,0,0,0,0,-231.222,-324.623,-0.0078125,0.03125,343.687,0
     0,0,0,0,0,0,0,0,0,-222.896,-362.818,-0.0078125,0.03125,343.707,0
     0,0,0,0,0,0,0,0,0,-251.439,-317.385,-0.0078125,0.03125,343.726,0
     0,0,0,0,0,0,0,0,0,-319.903,-319.01,-0.0078125,0.03125,343.746,0
     0,0,0,0,0,0,0,0,0,-262.836,-343.773,-0.0078125,0.03125,343.767,0
     0,0,0,0,0,0,0,0,0,-275.877,-296.934,-0.0078125,0.03125,343.798,0
     0,0,0,0,0,0,0,0,0,-296.687,-352.268,-0.0078125,0.03125,343.807,0
     0,0,0,0,0,0,0,0,0,-312.935,-381.098,-0.0078125,0.03125,343.826,0
     0,0,0,0,0,0,0,0,0,-310.357,-323.112,-0.0078125,0.03125,343.846,0
     0,0,0,0,0,0,0,0,0,-344.851,-348.165,-0.0078125,0.03125,343.866,0
     0,0,0,0,0,0,0,0,0,-356.831,-350.459,-0.0078125,0.03125,343.886,0
     0,0,0,0,0,0,0,0,0,-292.594,-382.738,-0.0078125,0.03125,343.906,0
     0,0,0,0,0,0,0,0,0,-315.527,-365.932,-0.0078125,0.03125,343.926,0
     0,0,0,0,0,0,0,0,0,-315.691,-423.379,-0.0078125,0.03125,343.947,0
     0,0,0,0,0,0,0,0,0,-147.862,-236.368,-0.0078125,0.03125,343.972,0
     0,0,0,0,0,0,0,0,0,-71.1491,-238.854,-0.0078125,0.03125,343.986,0
     0,0,0,0,0,0,0,0,0,-40.7168,-193.969,-0.0078125,0.03125,344.013,0
     0,0,0,0,0,0,0,0,0,-51.6819,-126.68,-0.0078125,0.03125,344.028,0
     0,0,0,0,0,0,0,0,0,-44.4132,-156.618,-0.0078125,0.03125,344.046,0
     0,0,0,0,0,0,0,0,0,-41.8659,-179.38,-0.0078125,0.03125,344.066,0
     0,0,0,0,0,0,0,0,0,-40.762,-156.705,-0.0078125,0.03125,344.086,0
     0,0,0,0,0,0,0,0,0,-40.762,-54.0747,-0.0078125,0.03125,344.106,0
     0,0,0,0,0,0,0,0,0,8.93894,-38.134,-0.0078125,0.03125,344.126,0
     0,0,0,0,0,0,0,0,0,40.3974,-25.3529,-0.0078125,0.03125,344.146,0
     0,0,0,0,0,0,0,0,0,29.8637,-32.5721,-0.0078125,0.03125,344.166,0
     0,0,0,0,0,0,0,0,0,24.4601,-39.6231,-0.0078125,0.03125,344.186,0
     0,0,0,0,0,0,0,0,0,24.4601,-29.5852,-0.0078125,0.03125,344.206,0
     0,0,0,0,0,0,0,0,0,12.8147,-15.2037,-0.0078125,0.03125,344.287,0
     0,0,0,0,0,0,0,0,0,12.8147,-15.2037,-0.0078125,0.03125,344.306,0
     0,0,0,0,0,0,0,0,0,12.8147,-15.2037,-0.0078125,0.03125,344.328,0
     0,0,0,0,0,0,0,0,0,12.8147,-15.2037,-0.0078125,0.03125,344.347,0
     0,0,0,0,0,0,0,0,0,12.8147,-6.19137,-0.0078125,0.03125,344.372,0
     0,0,0,0,0,0,0,0,0,12.8147,-6.19137,-0.0078125,0.03125,344.387,0
     0,0,0,0,0,0,0,0,0,12.8147,-6.19137,-0.0078125,0.03125,344.415,0
     0,0,0,0,0,0,0,0,0,12.8147,-6.19137,-0.0078125,0.03125,344.428,0
     0,0,0,0,0,0,0,0,0,12.8147,-6.19137,-0.0078125,0.03125,344.446,0
     0,0,0,0,0,0,0,0,0,12.8147,-6.19137,-0.0078125,0.03125,344.47,0
     0,0,0,0,0,0,0,0,0,12.8147,-6.19137,-0.0078125,0.03125,344.487,0
     0,0,0,0,0,0,0,0,0,12.8147,-6.19137,-0.0078125,0.03125,344.506,0
     0,0,0,0,0,0,0,0,0,12.8147,-6.19137,-0.0078125,0.03125,344.526,0
     0,0,0,0,0,0,0,0,0,12.8147,-6.19137,-0.0078125,0.03125,344.546,0
     0,0,0,0,0,0,0,0,0,12.8147,-6.19137,-0.0078125,0.03125,344.566,0
     0,0,0,0,0,0,0,0,0,12.8147,-6.19137,-0.0078125,0.03125,344.586,0
     0,0,0,0,0,0,0,0,0,12.8147,-6.19137,-0.0078125,0.03125,344.606,0
     0,0,0,0,0,0,0,0,0,12.8147,-6.19137,-0.0078125,0.03125,344.626,0
     0,0,0,0,0,0,0,0,0,12.8147,-6.19137,-0.0078125,0.03125,344.646,0
     0,0,0,0,0,0,0,0,0,12.8147,-6.19137,-0.0078125,0.03125,344.666,0
     0,0,0,0,0,0,0,0,0,0,-6.19137,-0.0078125,0.03125,344.686,0
     0,0,0,0,0,0,0,0,0,0,-6.19137,-0.0078125,0.03125,344.706,0
     0,0,0,0,0,0,0,0,0,0,-6.19137,-0.0078125,0.03125,344.734,0
     0,0,0,0,0,0,0,0,0,0,-6.19137,-0.0078125,0.03125,344.747,0
     0,0,0,0,0,0,0,0,0,0,-6.19137,-0.0078125,0.03125,344.766,0
     0,0,0,0,0,0,0,0,0,0,0,-0.0078125,0.03125,344.786,0
     0,0,0,0,0,0,0,0,0,0,0,-0.0078125,0.03125,344.806,0
     0,0,0,0,0,0,0,0,0,0,0,-0.0078125,0.03125,344.826,0
     0,0,0,0,0,0,0,0,0,0,0,-0.0078125,0.03125,344.847,0
     0,0,0,0,0,0,0,0,0,0,0,-0.0078125,0.03125,344.866,0
     0,0,0,0,0,0,0,0,0,0,0,-0.0078125,0.03125,344.886,0
     0,0,0,0,0,0,0,0,0,0,0,-0.0078125,0.03125,344.923,0
     0,0,0,0,0,0,0,0,0,0,0,-0.0078125,0.03125,344.928,0
     0,0,0,0,0,0,0,0,0,0,0,-0.0078125,0.03125,344.947,0
     0,0,0,0,0,0,0,0,0,0,0,-0.0078125,0.03125,344.966,0
     0,0,0,0,0,0,0,0,0,0,0,-0.0078125,0.03125,344.986,0
     0,0,0,0,0,0,0,0,0,0,-146.207,-0.0078125,0.03125,345.006,0
     0,0,0,0,0,0,0,0,0,0,-407.639,-0.0078125,0.03125,345.026,0
     0,0,0,0,0,0,0,0,0,30.0357,-554.631,-0.0078125,0.03125,345.046,0
     0,0,0,0,0,0,0,0,0,77.1903,-443.38,-0.0078125,0.03125,345.066,0
     0,0,0,0,0,0,0,0,0,129.782,-667.534,-0.0078125,0.03125,345.086,0
     0,0,0,0,0,0,0,0,0,142.743,-760.341,-0.0078125,0.03125,345.106,0
     0,0,0,0,0,0,0,0,0,184.456,-760.688,-0.0078125,0.03125,345.127,0
     0,0,0,0,0,0,0,0,0,185.773,-659.761,-0.0078125,0.03125,345.146,0
     0,0,0,0,0,0,0,0,0,233.604,-680.388,-0.0078125,0.03125,345.166,0
     0,0,0,0,0,0,0,0,0,240.431,-727.934,-0.0078125,0.03125,345.186,0
     0,0,0,0,0,0,0,0,0,298.454,-798.053,-0.0078125,0.03125,345.206,0
     0,0,0,0,0,0,0,0,0,285.784,-842.957,-0.0078125,0.03125,345.227,0
     0,0,0,0,0,0,0,0,0,276.403,-879.005,-0.0078125,0.03125,345.246,0
     0,0,0,0,0,0,0,0,0,329.381,-848.428,-0.0078125,0.03125,345.281,0
     0,0,0,0,0,0,0,0,0,332.568,-883.822,-0.0078125,0.03125,345.286,0
     0,0,0,0,0,0,0,0,0,346.675,-880.553,-0.0078125,0.03125,345.308,0
     0,0,0,0,0,0,0,0,0,380.829,-552.456,-0.0078125,0.03125,345.326,0
     0,0,0,0,0,0,0,0,0,356.474,-900.901,-0.0078125,0.03125,345.346,0
     0,0,0,0,0,0,0,0,0,363.405,-897.585,-0.0078125,0.03125,345.366,0
     0,0,0,0,0,0,0,0,0,373.218,-958.405,-0.0078125,0.03125,345.387,0
     0,0,0,0,0,0,0,0,0,366.697,-896.379,-0.0078125,0.03125,345.406,0
     0,0,0,0,0,0,0,0,0,316.756,-862.218,-0.0078125,0.03125,345.427,0
     0,0,0,0,0,0,0,0,0,409.433,-973.141,-0.0078125,0.03125,345.448,0
     0,0,0,0,0,0,0,0,0,388.531,-919.371,-0.0078125,0.03125,345.466,0
     0,0,0,0,0,0,0,0,0,368.175,-942.507,-0.0078125,0.03125,345.486,0
     0,0,0,0,0,0,0,0,0,407.373,-998.153,-0.0078125,0.03125,345.507,0
     0,0,0,0,0,0,0,0,0,399.082,-1030.29,-0.0078125,0.03125,345.526,0
     0,0,0,0,0,0,0,0,0,405.589,-1020.88,-0.0078125,0.03125,345.546,0
     0,0,0,0,0,0,0,0,0,366.186,-968.711,-0.0078125,0.03125,345.579,0
     0,0,0,0,0,0,0,0,0,399.058,-960.753,-0.0078125,0.03125,345.586,0
     0,0,0,0,0,0,0,0,0,415.395,-1021.61,-0.0078125,0.03125,345.606,0
     0,0,0,0,0,0,0,0,0,399.313,-1045.97,-0.0078125,0.03125,345.626,0
     0,0,0,0,0,0,0,0,0,380.019,-1015.9,-0.0078125,0.03125,345.647,0
     0,0,0,0,0,0,0,0,0,353.557,-1197.75,-0.0078125,0.03125,345.666,0
     0,0,0,0,0,0,0,0,0,373.79,-1267.75,-0.0078125,0.03125,345.686,0
     0,0,0,0,0,0,0,0,0,410.433,-1214.77,-0.0078125,0.03125,345.706,0
     0,0,0,0,0,0,0,0,0,362.161,-1015.59,-0.0078125,0.03125,345.726,0
     0,0,0,0,0,0,0,0,0,372.488,-1162.05,-0.0078125,0.03125,345.746,0
     0,0,0,0,0,0,0,0,0,400.505,-1127.9,-0.0078125,0.03125,345.766,0
     0,0,0,0,0,0,0,0,0,372.225,-944.733,-0.0078125,0.03125,345.786,0
     0,0,0,0,0,0,0,0,0,400.938,-949.532,-0.0078125,0.03125,345.806,0
     0,0,0,0,0,0,0,0,0,392.019,-1168.16,-0.0078125,0.03125,345.829,0
     0,0,0,0,0,0,0,0,0,347.204,-1084.42,-0.0078125,0.03125,345.846,0
     0,0,0,0,0,0,0,0,0,436.758,-1089.5,-0.0078125,0.03125,345.866,0
     0,0,0,0,0,0,0,0,0,388.825,-1010.61,-0.0078125,0.03125,345.886,0
     0,0,0,0,0,0,0,0,0,358.243,-999.85,-0.0078125,0.03125,345.906,0
     0,0,0,0,0,0,0,0,0,379.694,-988.045,-0.0078125,0.03125,345.926,0
     0,0,0,0,0,0,0,0,0,451.111,-1115.01,-0.0078125,0.03125,345.946,0
     0,0,0,0,0,0,0,0,0,390.671,-1198.39,-0.0078125,0.03125,345.966,0
     0,0,0,0,0,0,0,0,0,404.359,-1225.79,-0.0078125,0.03125,345.986,0
     0,0,0,0,0,0,0,0,0,333.344,-1238.93,-0.0078125,0.03125,346.006,0
     0,0,0,0,0,0,0,0,0,349.504,-729.581,-0.0078125,0.03125,346.028,0
     0,0,0,0,0,0,0,0,0,332.215,-949.487,-0.0078125,0.03125,346.049,0
     0,0,0,0,0,0,0,0,0,376.676,-1069.18,-0.0078125,0.03125,346.067,0
     0,0,0,0,0,0,0,0,0,409.97,-1025.85,-0.0078125,0.03125,346.087,0
     0,0,0,0,0,0,0,0,0,346.915,-1048.16,-0.0078125,0.03125,346.106,0
     0,0,0,0,0,0,0,0,0,365.537,-824.674,-0.0078125,0.03125,346.126,0
     0,0,0,0,0,0,0,0,0,397.204,-1026.9,-0.0078125,0.03125,346.146,0
     0,0,0,0,0,0,0,0,0,371.713,-1066.84,-0.0078125,0.03125,346.167,0
     0,0,0,0,0,0,0,0,0,449.226,-1070.26,-0.0078125,0.03125,346.186,0
     0,0,0,0,0,0,0,0,0,411.057,-957.075,-0.0078125,0.03125,346.206,0
     0,0,0,0,0,0,0,0,0,426.239,-1154.27,-0.0078125,0.03125,346.226,0
     0,0,0,0,0,0,0,0,0,441.452,-826.617,-0.0078125,0.03125,346.246,0
     0,0,0,0,0,0,0,0,0,392.072,-932.184,-0.0078125,0.03125,346.267,0
     0,0,0,0,0,0,0,0,0,463.22,-964.227,-0.0078125,0.03125,346.286,0
     0,0,0,0,0,0,0,0,0,374.862,-934.579,-0.0078125,0.03125,346.306,0
     0,0,0,0,0,0,0,0,0,400.537,-824.708,-0.0078125,0.03125,346.326,0
     0,0,0,0,0,0,0,0,0,380.844,-776.518,-0.0078125,0.03125,346.346,0
     0,0,0,0,0,0,0,0,0,391.558,-1046.46,-0.0078125,0.03125,346.366,0
     0,0,0,0,0,0,0,0,0,379.672,-1096.79,-0.0078125,0.03125,346.386,0
     0,0,0,0,0,0,0,0,0,388.417,-1070.15,-0.0078125,0.03125,346.406,0
     0,0,0,0,0,0,0,0,0,351.296,-956.663,-0.0078125,0.03125,346.427,0
     0,0,0,0,0,0,0,0,0,412.95,-1006.64,-0.0078125,0.03125,346.446,0
     0,0,0,0,0,0,0,0,0,456.548,-1109.39,-0.0078125,0.03125,346.466,0
     0,0,0,0,0,0,0,0,0,388.357,-1153.6,-0.0078125,0.03125,346.486,0
     0,0,0,0,0,0,0,0,0,422.788,-1112.1,-0.0078125,0.03125,346.507,0
     0,0,0,0,0,0,0,0,0,408.672,-1014.66,-0.0078125,0.03125,346.526,0
     0,0,0,0,0,0,0,0,0,366.919,-971.204,-0.0078125,0.03125,346.546,0
     0,0,0,0,0,0,0,0,0,379.579,-1151.15,-0.0078125,0.03125,346.566,0
     0,0,0,0,0,0,0,0,0,385.037,-1099.02,-0.0078125,0.03125,346.586,0
     0,0,0,0,0,0,0,0,0,389.438,-1111.42,-0.0078125,0.03125,346.606,0
     0,0,0,0,0,0,0,0,0,382.599,-977.899,-0.0078125,0.03125,346.626,0
     0,0,0,0,0,0,0,0,0,326.041,-1043.08,-0.0078125,0.03125,346.647,0
     0,0,0,0,0,0,0,0,0,396.44,-1181.47,-0.0078125,0.03125,346.666,0
     0,0,0,0,0,0,0,0,0,328.03,-1095.29,-0.0078125,0.03125,346.686,0
     0,0,0,0,0,0,0,0,0,331.741,-1100.84,-0.0078125,0.03125,346.706,0
     0,0,0,0,0,0,0,0,0,329.484,-959.003,-0.0078125,0.03125,346.726,0
     0,0,0,0,0,0,0,0,0,364.173,-1129.11,-0.0078125,0.03125,346.752,0
     0,0,0,0,0,0,0,0,0,352.765,-1113.83,-0.0078125,0.03125,346.766,0
     0,0,0,0,0,0,0,0,0,328.111,-1079.21,-0.0078125,0.03125,346.786,0
     0,0,0,0,0,0,0,0,0,373.051,-1067.07,-0.0078125,0.03125,346.806,0
     0,0,0,0,0,0,0,0,0,379.068,-1240.31,-0.0078125,0.03125,346.826,0
     0,0,0,0,0,0,0,0,0,377.529,-1064.45,-0.0078125,0.03125,346.846,0
     0,0,0,0,0,0,0,0,0,382.695,-1179.11,-0.0078125,0.03125,346.866,0
     0,0,0,0,0,0,0,0,0,394.407,-1075.21,-0.0078125,0.03125,346.886,0
     0,0,0,0,0,0,0,0,0,417.693,-1111.85,-0.0078125,0.03125,346.906,0
     0,0,0,0,0,0,0,0,0,342.853,-1095.35,-0.0078125,0.03125,346.926,0
     0,0,0,0,0,0,0,0,0,348.985,-1139.47,-0.0078125,0.03125,346.946,0
     0,0,0,0,0,0,0,0,0,348.943,-1122.46,-0.0078125,0.03125,346.966,0
     0,0,0,0,0,0,0,0,0,364.199,-1108.77,-0.0078125,0.03125,346.986,0
     0,0,0,0,0,0,0,0,0,460.532,-1105.4,-0.0078125,0.03125,347.006,0
     0,0,0,0,0,0,0,0,0,377.551,-1140.71,-0.0078125,0.03125,347.026,0
     0,0,0,0,0,0,0,0,0,434.641,-898.634,-0.0078125,0.03125,347.046,0
     0,0,0,0,0,0,0,0,0,377.508,-1090.27,-0.0078125,0.03125,347.066,0
     0,0,0,0,0,0,0,0,0,404.147,-1123.78,-0.0078125,0.03125,347.087,0
     0,0,0,0,0,0,0,0,0,362.122,-847.637,-0.0078125,0.03125,347.107,0
     0,0,0,0,0,0,0,0,0,387.349,-890.829,-0.0078125,0.03125,347.125,0
     0,0,0,0,0,0,0,0,0,368.976,-1087.13,-0.0078125,0.03125,347.146,0
     0,0,0,0,0,0,0,0,0,397.18,-1088.91,-0.0078125,0.03125,347.166,0
     0,0,0,0,0,0,0,0,0,409.266,-1076.25,-0.0078125,0.03125,347.186,0
     0,0,0,0,0,0,0,0,0,425.297,-1002.51,-0.0078125,0.03125,347.206,0
     0,0,0,0,0,0,0,0,0,460.628,-1147.84,-0.0078125,0.03125,347.226,0
     0,0,0,0,0,0,0,0,0,427.862,-1103.94,-0.0078125,0.03125,347.246,0
     0,0,0,0,0,0,0,0,0,420.681,-1037.99,-0.0078125,0.03125,347.266,0
     0,0,0,0,0,0,0,0,0,430.071,-1048.99,-0.0078125,0.03125,347.286,0
     0,0,0,0,0,0,0,0,0,375.573,-1246.42,-0.0078125,0.03125,347.307,0
     0,0,0,0,0,0,0,0,0,423.209,-1134.37,-0.0078125,0.03125,347.326,0
     0,0,0,0,0,0,0,0,0,424.556,-1018.07,-0.0078125,0.03125,347.346,0
     0,0,0,0,0,0,0,0,0,406.454,-939.85,-0.0078125,0.03125,347.366,0
     0,0,0,0,0,0,0,0,0,399.186,-1028.81,-0.0078125,0.03125,347.386,0
     0,0,0,0,0,0,0,0,0,440.189,-1075.56,-0.0078125,0.03125,347.406,0
     0,0,0,0,0,0,0,0,0,430.886,-890.076,-0.0078125,0.03125,347.426,0
     0,0,0,0,0,0,0,0,0,471.065,-990.884,-0.0078125,0.03125,347.446,0
     0,0,0,0,0,0,0,0,0,417.371,-1104,-0.0078125,0.03125,347.467,0
     0,0,0,0,0,0,0,0,0,451.712,-1056.41,-0.0078125,0.03125,347.489,0
     0,0,0,0,0,0,0,0,0,432.957,-971.912,-0.0078125,0.03125,347.507,0
     0,0,0,0,0,0,0,0,0,470.267,-1020.93,-0.0078125,0.03125,347.526,0
     0,0,0,0,0,0,0,0,0,437.388,-1067.41,-0.0078125,0.03125,347.546,0
     0,0,0,0,0,0,0,0,0,437.082,-1064.74,-0.0078125,0.03125,347.566,0
     0,0,0,0,0,0,0,0,0,415.74,-1231.53,-0.0078125,0.03125,347.586,0
     0,0,0,0,0,0,0,0,0,429.535,-963.623,-0.0078125,0.03125,347.606,0
     0,0,0,0,0,0,0,0,0,411.489,-1080.32,-0.0078125,0.03125,347.626,0
     0,0,0,0,0,0,0,0,0,428.339,-1116.76,-0.0078125,0.03125,347.646,0
     0,0,0,0,0,0,0,0,0,410.391,-1081.78,-0.0078125,0.03125,347.678,0
     0,0,0,0,0,0,0,0,0,390.038,-1052.02,-0.0078125,0.03125,347.687,0
     0,0,0,0,0,0,0,0,0,370.59,-1076.14,-0.0078125,0.03125,347.707,0
     0,0,0,0,0,0,0,0,0,354.912,-1090.04,-0.0078125,0.03125,347.726,0
     0,0,0,0,0,0,0,0,0,396.134,-1094.81,-0.0078125,0.03125,347.746,0
     0,0,0,0,0,0,0,0,0,394.353,-1065.02,-0.0078125,0.03125,347.766,0
     0,0,0,0,0,0,0,0,0,406.587,-898.513,-0.0078125,0.03125,347.786,0
     0,0,0,0,0,0,0,0,0,353.139,-919.075,-0.0078125,0.03125,347.806,0
     0,0,0,0,0,0,0,0,0,477.909,-879.005,-0.0078125,0.03125,347.826,0
     0,0,0,0,0,0,0,0,0,405.992,-1079.74,-0.0078125,0.03125,347.846,0
     0,0,0,0,0,0,0,0,0,431.621,-937.163,-0.0078125,0.03125,347.867,0
     0,0,0,0,0,0,0,0,0,430.83,-1047.83,-0.0078125,0.03125,347.886,0
     0,0,0,0,0,0,0,0,0,387.372,-1276.65,-0.0078125,0.03125,347.906,0
     0,0,0,0,0,0,0,0,0,374.988,-1003.92,-0.0078125,0.03125,347.926,0
     0,0,0,0,0,0,0,0,0,366.367,-1112.29,-0.0078125,0.03125,347.945,0
     0,0,0,0,0,0,0,0,0,355.834,-1083.6,-0.0078125,0.03125,347.966,0
     0,0,0,0,0,0,0,0,0,352.97,-982.656,-0.0078125,0.03125,347.985,0
     0,0,0,0,0,0,0,0,0,436.176,-1108.09,-0.0078125,0.03125,348.008,0
     0,0,0,0,0,0,0,0,0,362.188,-873.362,-0.0078125,0.03125,348.028,0
     0,0,0,0,0,0,0,0,0,419.041,-1199.62,-0.0078125,0.03125,348.047,0
     0,0,0,0,0,0,0,0,0,417.99,-1050.7,-0.0078125,0.03125,348.066,0
     0,0,0,0,0,0,0,0,0,403.991,-1134.3,-0.0078125,0.03125,348.086,0
     0,0,0,0,0,0,0,0,0,358.173,-1194.74,-0.0078125,0.03125,348.106,0
     0,0,0,0,0,0,0,0,0,372.141,-1088.91,-0.0078125,0.03125,348.126,0
     0,0,0,0,0,0,0,0,0,415.024,-1060.61,-0.0078125,0.03125,348.146,0
     0,0,0,0,0,0,0,0,0,365.885,-1134.56,-0.0078125,0.03125,348.166,0
     0,0,0,0,0,0,0,0,0,336.208,-1204.46,-0.0078125,0.03125,348.186,0
     0,0,0,0,0,0,0,0,0,392.611,-1109.63,-0.0078125,0.03125,348.206,0
     0,0,0,0,0,0,0,0,0,429.443,-995.718,-0.0078125,0.03125,348.227,0
     0,0,0,0,0,0,0,0,0,396.975,-1077.53,-0.0078125,0.03125,348.247,0
     0,0,0,0,0,0,0,0,0,628.476,-760.283,-0.0078125,0.03125,348.266,0
     0,0,0,0,0,0,0,0,0,454.236,-1170.14,-0.0078125,0.03125,348.288,0
     0,0,0,0,0,0,0,0,0,442.625,-1207.22,-0.0078125,0.03125,348.306,0
     0,0,0,0,0,0,0,0,0,442.351,-1101.56,-0.0078125,0.03125,348.326,0
     0,0,0,0,0,0,0,0,0,416.008,-1150.48,-0.0078125,0.03125,348.346,0
     0,0,0,0,0,0,0,0,0,387.935,-1091.46,-0.0078125,0.03125,348.366,0
     0,0,0,0,0,0,0,0,0,441.394,-1104.48,-0.0078125,0.03125,348.387,0
     0,0,0,0,0,0,0,0,0,399.8,-1109.32,-0.0078125,0.03125,348.406,0
     0,0,0,0,0,0,0,0,0,376.648,-1194.1,-0.0078125,0.03125,348.428,0
     0,0,0,0,0,0,0,0,0,435.891,-1150.95,-0.0078125,0.03125,348.447,0
     0,0,0,0,0,0,0,0,0,426.685,-980.969,-0.0078125,0.03125,348.466,0
     0,0,0,0,0,0,0,0,0,428.238,-1088.73,-0.0078125,0.03125,348.486,0
     0,0,0,0,0,0,0,0,0,440.995,-751.484,-0.0078125,0.03125,348.506,0
     0,0,0,0,0,0,0,0,0,414.164,-1315.44,-0.0078125,0.03125,348.526,0
     0,0,0,0,0,0,0,0,0,382.68,-1007.96,-0.0078125,0.03125,348.561,0
     0,0,0,0,0,0,0,0,0,333.045,-1115.95,-0.0078125,0.03125,348.567,0
     0,0,0,0,0,0,0,0,0,340.333,-1142.2,-0.0078125,0.03125,348.598,0
     0,0,0,0,0,0,0,0,0,423.28,-1032.1,-0.0078125,0.03125,348.608,0
     0,0,0,0,0,0,0,0,0,354.906,-965.624,-0.0078125,0.03125,348.627,0
     0,0,0,0,0,0,0,0,0,362.22,-1190.41,-0.0078125,0.03125,348.646,0
     0,0,0,0,0,0,0,0,0,341.88,-1192.04,-0.0078125,0.03125,348.666,0
     0,0,0,0,0,0,0,0,0,372.995,-1049.92,-0.0078125,0.03125,348.686,0
     0,0,0,0,0,0,0,0,0,355.872,-1120.07,-0.0078125,0.03125,348.706,0
     0,0,0,0,0,0,0,0,0,413.257,-1189.63,-0.0078125,0.03125,348.726,0
     0,0,0,0,0,0,0,0,0,404.875,-948.497,-0.0078125,0.03125,348.747,0
     0,0,0,0,0,0,0,0,0,391.566,-1084.95,-0.0078125,0.03125,348.767,0
     0,0,0,0,0,0,0,0,0,439.676,-1141.94,-0.0078125,0.03125,348.786,0
     0,0,0,0,0,0,0,0,0,372.544,-1215.95,-0.0078125,0.03125,348.807,0
     0,0,0,0,0,0,0,0,0,389.734,-893.096,-0.0078125,0.03125,348.826,0
     0,0,0,0,0,0,0,0,0,503.347,-982.946,-0.0078125,0.03125,348.846,0
     0,0,0,0,0,0,0,0,0,335.25,-851.571,-0.0078125,0.03125,348.866,0
     0,0,0,0,0,0,0,0,0,375.206,-1125.68,-0.0078125,0.03125,348.886,0
     0,0,0,0,0,0,0,0,0,392.311,-1105.03,-0.0078125,0.03125,348.906,0
     0,0,0,0,0,0,0,0,0,371.113,-960.523,-0.0078125,0.03125,348.94,0
     0,0,0,0,0,0,0,0,0,395.038,-1161.1,-0.0078125,0.03125,348.947,0
     0,0,0,0,0,0,0,0,0,340.675,-1079.62,-0.0078125,0.03125,348.966,0
     0,0,0,0,0,0,0,0,0,369.522,-1166.79,-0.0078125,0.03125,348.986,0
     0,0,0,0,0,0,0,0,0,379.644,-1143.97,-0.0078125,0.03125,349.006,0
     0,0,0,0,0,0,0,0,0,384.12,-1155.2,-0.0078125,0.03125,349.026,0
     0,0,0,0,0,0,0,0,0,402.852,-848.428,-0.0078125,0.03125,349.046,0
     0,0,0,0,0,0,0,0,0,364.677,-1066.67,-0.0078125,0.03125,349.066,0
     0,0,0,0,0,0,0,0,0,449.418,-1093.31,-0.0078125,0.03125,349.086,0
     0,0,0,0,0,0,0,0,0,388.365,-872.41,-0.0078125,0.03125,349.106,0
     0,0,0,0,0,0,0,0,0,400.44,-1059.88,-0.0078125,0.03125,349.126,0
     0,0,0,0,0,0,0,0,0,409.878,-1034.71,-0.0078125,0.03125,349.146,0
     0,0,0,0,0,0,0,0,0,463.231,-1191.19,-0.0078125,0.03125,349.167,0
     0,0,0,0,0,0,0,0,0,430.589,-742.556,-0.0078125,0.03125,349.216,0
     0,0,0,0,0,0,0,0,0,409.165,-1170,-0.0078125,0.03125,349.226,0
     0,0,0,0,0,0,0,0,0,450.238,-1127.33,-0.0078125,0.03125,349.246,0
     0,0,0,0,0,0,0,0,0,406.075,-971.912,-0.0078125,0.03125,349.266,0
     0,0,0,0,0,0,0,0,0,446.618,-854.19,-0.0078125,0.03125,349.286,0
     0,0,0,0,0,0,0,0,0,384.431,-1096.97,-0.0078125,0.03125,349.306,0
     0,0,0,0,0,0,0,0,0,424.845,-1104.79,-0.0078125,0.03125,349.326,0
     0,0,0,0,0,0,0,0,0,416.884,-655.63,-0.0078125,0.03125,349.346,0
     0,0,0,0,0,0,0,0,0,463.521,-974.991,-0.0078125,0.03125,349.367,0
     0,0,0,0,0,0,0,0,0,420.159,-1154.2,-0.0078125,0.03125,349.389,0
     0,0,0,0,0,0,0,0,0,447.958,-1134.75,-0.0078125,0.03125,349.406,0
     0,0,0,0,0,0,0,0,0,435.341,-1097.63,-0.0078125,0.03125,349.426,0
     0,0,0,0,0,0,0,0,0,472.244,-1099.14,-0.0078125,0.03125,349.447,0
     0,0,0,0,0,0,0,0,0,415.705,-1062.19,-0.0078125,0.03125,349.466,0
     0,0,0,0,0,0,0,0,0,473.261,-1046.3,-0.0078125,0.03125,349.498,0
     0,0,0,0,0,0,0,0,0,409.534,-1116.82,-0.0078125,0.03125,349.517,0
     0,0,0,0,0,0,0,0,0,407.125,-1101.44,-0.0078125,0.03125,349.527,0
     0,0,0,0,0,0,0,0,0,390.122,-1252.66,-0.0078125,0.03125,349.546,0
     0,0,0,0,0,0,0,0,0,439.56,-1161.24,-0.0078125,0.03125,349.566,0
     0,0,0,0,0,0,0,0,0,381.272,-1093.91,-0.0078125,0.03125,349.586,0
     0,0,0,0,0,0,0,0,0,415.965,-1026.48,-0.0078125,0.03125,349.606,0
     0,0,0,0,0,0,0,0,0,339.628,-1001.65,-0.0078125,0.03125,349.626,0
     0,0,0,0,0,0,0,0,0,366.2,-1221.08,-0.0078125,0.03125,349.647,0
     0,0,0,0,0,0,0,0,0,354.711,-1015.69,-0.0078125,0.03125,349.666,0
     0,0,0,0,0,0,0,0,0,406.479,-990.835,-0.0078125,0.03125,349.686,0
     0,0,0,0,0,0,0,0,0,403.641,-1083.01,-0.0078125,0.03125,349.706,0
     0,0,0,0,0,0,0,0,0,336.678,-989.756,-0.0078125,0.03125,349.729,0
     0,0,0,0,0,0,0,0,0,415.662,-1215.73,-0.0078125,0.03125,349.747,0
     0,0,0,0,0,0,0,0,0,357.795,-959.969,-0.0078125,0.03125,349.766,0
     0,0,0,0,0,0,0,0,0,331.06,-1080.5,-0.0078125,0.03125,349.786,0
     0,0,0,0,0,0,0,0,0,352.553,-1157.74,-0.0078125,0.03125,349.806,0
     0,0,0,0,0,0,0,0,0,366.381,-1083.31,-0.0078125,0.03125,349.826,0
     0,0,0,0,0,0,0,0,0,390.312,-1113.96,-0.0078125,0.03125,349.846,0
     0,0,0,0,0,0,0,0,0,337.28,-1125.87,-0.0078125,0.03125,349.866,0
     0,0,0,0,0,0,0,0,0,395.985,-1152.07,-0.0078125,0.03125,349.886,0
     0,0,0,0,0,0,0,0,0,366.233,-1108.59,-0.0078125,0.03125,349.906,0
     0,0,0,0,0,0,0,0,0,379.485,-1143.05,-0.0078125,0.03125,349.926,0
     0,0,0,0,0,0,0,0,0,424.61,-1206.35,-0.0078125,0.03125,349.946,0
     0,0,0,0,0,0,0,0,0,367.552,-1159.42,-0.0078125,0.03125,349.966,0
     0,0,0,0,0,0,0,0,0,373.504,-1057.14,-0.0078125,0.03125,349.986,0
     0,0,0,0,0,0,0,0,0,382.343,-1112.9,-0.0078125,0.03125,350.006,0
     0,0,0,0,0,0,0,0,0,375.073,-1108.34,-0.0078125,0.03125,350.026,0
     0,0,0,0,0,0,0,0,0,291.392,-1013.89,-0.0078125,0.03125,350.046,0
     0,0,0,0,0,0,0,0,0,428.743,-1111.61,-0.0078125,0.03125,350.066,0
     0,0,0,0,0,0,0,0,0,372.19,-1089.56,-0.0078125,0.03125,350.086,0
     0,0,0,0,0,0,0,0,0,394.555,-1128.54,-0.0078125,0.03125,350.106,0
     0,0,0,0,0,0,0,0,0,362.332,-1107.6,-0.0078125,0.03125,350.127,0
     0,0,0,0,0,0,0,0,0,395.335,-896.218,-0.0078125,0.03125,350.146,0
     0,0,0,0,0,0,0,0,0,458.484,-719.683,-0.0078125,0.03125,350.166,0
     0,0,0,0,0,0,0,0,0,430.339,-1292.41,-0.0078125,0.03125,350.187,0
     0,0,0,0,0,0,0,0,0,469.528,-1200.12,-0.0078125,0.03125,350.205,0
     0,0,0,0,0,0,0,0,0,449.711,-1138.24,-0.0078125,0.03125,350.226,0
     0,0,0,0,0,0,0,0,0,441.716,-1124.54,-0.0078125,0.03125,350.246,0
     0,0,0,0,0,0,0,0,0,417.032,-1102.6,-0.0078125,0.03125,350.266,0
     0,0,0,0,0,0,0,0,0,401.123,-1078.75,-0.0078125,0.03125,350.286,0
     0,0,0,0,0,0,0,0,0,411.929,-1129.24,-0.0078125,0.03125,350.307,0
     0,0,0,0,0,0,0,0,0,385.082,-1160.5,-0.0078125,0.03125,350.327,0
     0,0,0,0,0,0,0,0,0,435.569,-1076.77,-0.0078125,0.03125,350.346,0
     0,0,0,0,0,0,0,0,0,542.491,-1154.87,-0.0078125,0.03125,350.366,0
     0,0,0,0,0,0,0,0,0,396.479,-1076.66,-0.0078125,0.03125,350.386,0
     0,0,0,0,0,0,0,0,0,438.011,-799.68,-0.0078125,0.03125,350.406,0
     0,0,0,0,0,0,0,0,0,435.332,-1040.37,-0.0078125,0.03125,350.425,0
     0,0,0,0,0,0,0,0,0,428.706,-1060.95,-0.0078125,0.03125,350.446,0
     0,0,0,0,0,0,0,0,0,447.137,-1083.31,-0.0078125,0.03125,350.466,0
     0,0,0,0,0,0,0,0,0,463.51,-1089.5,-0.0078125,0.03125,350.486,0
     0,0,0,0,0,0,0,0,0,483.384,-1016.11,-0.0078125,0.03125,350.506,0
     0,0,0,0,0,0,0,0,0,438.933,-1207.44,-0.0078125,0.03125,350.527,0
     0,0,0,0,0,0,0,0,0,434.716,-1126.44,-0.0078125,0.03125,350.546,0
     0,0,0,0,0,0,0,0,0,432.068,-1223.69,-0.0078125,0.03125,350.566,0
     0,0,0,0,0,0,0,0,0,463.102,-1093.79,-0.0078125,0.03125,350.586,0
     0,0,0,0,0,0,0,0,0,384.541,-1010.36,-0.0078125,0.03125,350.606,0
     0,0,0,0,0,0,0,0,0,432.012,-990.638,-0.0078125,0.03125,350.627,0
     0,0,0,0,0,0,0,0,0,390.717,-913.325,-0.0078125,0.03125,350.646,0
     0,0,0,0,0,0,0,0,0,406.075,-1201.27,-0.0078125,0.03125,350.666,0
     0,0,0,0,0,0,0,0,0,414.834,-1072.62,-0.0078125,0.03125,350.686,0
     0,0,0,0,0,0,0,0,0,401.598,-1057.03,-0.0078125,0.03125,350.706,0
     0,0,0,0,0,0,0,0,0,335.531,-1066.89,-0.0078125,0.03125,350.727,0
     0,0,0,0,0,0,0,0,0,364.339,-1134.04,-0.0078125,0.03125,350.746,0
     0,0,0,0,0,0,0,0,0,407.722,-1031.62,-0.0078125,0.03125,350.767,0
     0,0,0,0,0,0,0,0,0,346.915,-1003.11,-0.0078125,0.03125,350.786,0
     0,0,0,0,0,0,0,0,0,424.791,-1065.3,-0.0078125,0.03125,350.806,0
     0,0,0,0,0,0,0,0,0,353.513,-1124.1,-0.0078125,0.03125,350.826,0
     0,0,0,0,0,0,0,0,0,394.649,-1112.9,-0.0078125,0.03125,350.846,0
     0,0,0,0,0,0,0,0,0,345.955,-1059.77,-0.0078125,0.03125,350.866,0
     0,0,0,0,0,0,0,0,0,409.76,-1119.95,-0.0078125,0.03125,350.886,0
     0,0,0,0,0,0,0,0,0,426.185,-1133.4,-0.0078125,0.03125,350.906,0
     0,0,0,0,0,0,0,0,0,381.687,-1264.38,-0.0078125,0.03125,350.926,0
     0,0,0,0,0,0,0,0,0,449.055,-873.706,-0.0078125,0.03125,350.946,0
     0,0,0,0,0,0,0,0,0,455.602,-1379.69,-0.0078125,0.03125,350.966,0
     0,0,0,0,0,0,0,0,0,435.388,-1233.12,-0.0078125,0.03125,350.986,0
     0,0,0,0,0,0,0,0,0,395.585,-1048.49,-0.0078125,0.03125,351.006,0
     0,0,0,0,0,0,0,0,0,411.049,-1097.76,-0.0078125,0.03125,351.027,0
     0,0,0,0,0,0,0,0,0,398.788,-1217.73,-0.0078125,0.03125,351.046,0
     0,0,0,0,0,0,0,0,0,385.579,-1113.46,-0.0078125,0.03125,351.067,0
     0,0,0,0,0,0,0,0,0,409.107,-1072.16,-0.0078125,0.03125,351.085,0
     0,0,0,0,0,0,0,0,0,344.952,-1150.88,-0.0078125,0.03125,351.106,0
     0,0,0,0,0,0,0,0,0,341.641,-1096.85,-0.0078125,0.03125,351.126,0
     0,0,0,0,0,0,0,0,0,354.252,-1243.32,-0.0078125,0.03125,351.146,0
     0,0,0,0,0,0,0,0,0,393.918,-1059.83,-0.0078125,0.03125,351.166,0
     0,0,0,0,0,0,0,0,0,353.757,-1073.65,-0.0078125,0.03125,351.186,0
     0,0,0,0,0,0,0,0,0,413.326,-1151.48,-0.0078125,0.03125,351.207,0
     0,0,0,0,0,0,0,0,0,335.745,-1005.58,-0.0078125,0.03125,351.226,0
     0,0,0,0,0,0,0,0,0,433.182,-1115.45,-0.0078125,0.03125,351.246,0
     0,0,0,0,0,0,0,0,0,419.727,-1076.66,-0.0078125,0.03125,351.266,0
     0,0,0,0,0,0,0,0,0,378.974,-1227.97,-0.0078125,0.03125,351.286,0
     0,0,0,0,0,0,0,0,0,393.089,-981.451,-0.0078125,0.03125,351.306,0
     0,0,0,0,0,0,0,0,0,397.219,-1000.3,-0.0078125,0.03125,351.326,0
     0,0,0,0,0,0,0,0,0,401.663,-1024.54,-0.0078125,0.03125,351.346,0
     0,0,0,0,0,0,0,0,0,375.841,-1218.92,-0.0078125,0.03125,351.366,0
     0,0,0,0,0,0,0,0,0,356.189,-1065.42,-0.0078125,0.03125,351.39,0
     0,0,0,0,0,0,0,0,0,363.603,-1146.66,-0.0078125,0.03125,351.407,0
     0,0,0,0,0,0,0,0,0,357.162,-1174.88,-0.0078125,0.03125,351.426,0
     0,0,0,0,0,0,0,0,0,374.237,-977.326,-0.0078125,0.03125,351.447,0
     0,0,0,0,0,0,0,0,0,422.824,-1043.02,-0.0078125,0.03125,351.466,0
     0,0,0,0,0,0,0,0,0,377.202,-1122.59,-0.0078125,0.03125,351.486,0
     0,0,0,0,0,0,0,0,0,393.414,-1085.36,-0.0078125,0.03125,351.506,0
     0,0,0,0,0,0,0,0,0,297.921,-1152.07,-0.0078125,0.03125,351.526,0
     0,0,0,0,0,0,0,0,0,364.964,-1130.71,-0.0078125,0.03125,351.546,0
     0,0,0,0,0,0,0,0,0,349.375,-1028.97,-0.0078125,0.03125,351.566,0
     0,0,0,0,0,0,0,0,0,323.389,-840.301,-0.0078125,0.03125,351.587,0
     0,0,0,0,0,0,0,0,0,341.233,-1231.38,-0.0078125,0.03125,351.606,0
     0,0,0,0,0,0,0,0,0,356.882,-1180.43,-0.0078125,0.03125,351.625,0
     0,0,0,0,0,0,0,0,0,382.651,-1152.8,-0.0078125,0.03125,351.646,0
     0,0,0,0,0,0,0,0,0,344.519,-1052.13,-0.0078125,0.03125,351.666,0
     0,0,0,0,0,0,0,0,0,370.028,-1339.67,-0.0078125,0.03125,351.686,0
     0,0,0,0,0,0,0,0,0,362.937,-1117.44,-0.0078125,0.03125,351.706,0
     0,0,0,0,0,0,0,0,0,366.093,-1115.51,-0.0078125,0.03125,351.726,0
     0,0,0,0,0,0,0,0,0,359.008,-1224.81,-0.0078125,0.03125,351.75,0
     0,0,0,0,0,0,0,0,0,373.476,-1221.3,-0.0078125,0.03125,351.766,0
     0,0,0,0,0,0,0,0,0,402.755,-900.009,-0.0078125,0.03125,351.786,0
     0,0,0,0,0,0,0,0,0,385.416,-884.056,-0.0078125,0.03125,351.806,0
     0,0,0,0,0,0,0,0,0,359.286,-1115.39,-0.0078125,0.03125,351.834,0
     0,0,0,0,0,0,0,0,0,412.295,-1208.9,-0.0078125,0.03125,351.847,0
     0,0,0,0,0,0,0,0,0,376.939,-1234.42,-0.0078125,0.03125,351.866,0
     0,0,0,0,0,0,0,0,0,344.033,-1061.29,-0.0078125,0.03125,351.886,0
     0,0,0,0,0,0,0,0,0,392.411,-1147.51,-0.0078125,0.03125,351.907,0
     0,0,0,0,0,0,0,0,0,357.615,-1078.34,-0.0078125,0.03125,351.926,0
     0,0,0,0,0,0,0,0,0,339.645,-1077.7,-0.0078125,0.03125,351.947,0
     0,0,0,0,0,0,0,0,0,378.379,-1299.21,-0.0078125,0.03125,351.966,0
     0,0,0,0,0,0,0,0,0,377.102,-1194.81,-0.0078125,0.03125,351.986,0
     0,0,0,0,0,0,0,0,0,400.176,-933.053,-0.0078125,0.03125,352.006,0
     0,0,0,0,0,0,0,0,0,385.564,-1318.13,-0.0078125,0.03125,352.026,0
     0,0,0,0,0,0,0,0,0,430.969,-1303.95,-0.0078125,0.03125,352.047,0
     0,0,0,0,0,0,0,0,0,347.047,-1100.9,-0.0078125,0.03125,352.066,0
     0,0,0,0,0,0,0,0,0,437.512,-1166.18,-0.0078125,0.03125,352.086,0
     0,0,0,0,0,0,0,0,0,462.77,-1143.45,-0.0078125,0.03125,352.113,0
     0,0,0,0,0,0,0,0,0,404.4,-1129.94,-0.0078125,0.03125,352.126,0
     0,0,0,0,0,0,0,0,0,506.175,-1168.63,-0.0078125,0.03125,352.146,0
     0,0,0,0,0,0,0,0,0,376.697,-1163.94,-0.0078125,0.03125,352.166,0
     0,0,0,0,0,0,0,0,0,487.413,-1241.08,-0.0078125,0.03125,352.186,0
     0,0,0,0,0,0,0,0,0,473.037,-1099.81,-0.0078125,0.03125,352.206,0
     0,0,0,0,0,0,0,0,0,395.531,-1108.28,-0.0078125,0.03125,352.227,0
     0,0,0,0,0,0,0,0,0,470.146,-1037.99,-0.0078125,0.03125,352.247,0
     0,0,0,0,0,0,0,0,0,535.475,-1094.81,-0.0078125,0.03125,352.267,0
     0,0,0,0,0,0,0,0,0,450.045,-1016.88,-0.0078125,0.03125,352.29,0
     0,0,0,0,0,0,0,0,0,444.06,-1126.51,-0.0078125,0.03125,352.306,0
     0,0,0,0,0,0,0,0,0,560.287,-1039.88,-0.0078125,0.03125,352.326,0
     0,0,0,0,0,0,0,0,0,485.649,-1129.5,-0.0078125,0.03125,352.346,0
     0,0,0,0,0,0,0,0,0,541.272,-1150.55,-0.0078125,0.03125,352.366,0
     0,0,0,0,0,0,0,0,0,483.992,-1050.86,-0.0078125,0.03125,352.386,0
     0,0,0,0,0,0,0,0,0,533.874,-985.95,-0.0078125,0.03125,352.406,0
     0,0,0,0,0,0,0,0,0,460.479,-1222.42,-0.0078125,0.03125,352.426,0
     0,0,0,0,0,0,0,0,0,440.073,-1091.94,-0.0078125,0.03125,352.447,0
     0,0,0,0,0,0,0,0,0,448.984,-1090.87,-0.0078125,0.03125,352.466,0
     0,0,0,0,0,0,0,0,0,481.742,-944.064,-0.0078125,0.03125,352.486,0
     0,0,0,0,0,0,0,0,0,454.949,-1095.53,-0.0078125,0.03125,352.506,0
     0,0,0,0,0,0,0,0,0,421.532,-995.57,-0.0078125,0.03125,352.526,0
     0,0,0,0,0,0,0,0,0,451.202,-980.729,-0.0078125,0.03125,352.546,0
     0,0,0,0,0,0,0,0,0,466.472,-1072.27,-0.0078125,0.03125,352.566,0
     0,0,0,0,0,0,0,0,0,512.059,-1251.49,-0.0078125,0.03125,352.586,0
     0,0,0,0,0,0,0,0,0,430.737,-1138.56,-0.0078125,0.03125,352.607,0
     0,0,0,0,0,0,0,0,0,445.782,-1025.64,-0.0078125,0.03125,352.633,0
     0,0,0,0,0,0,0,0,0,425.677,-1159.62,-0.0078125,0.03125,352.649,0
     0,0,0,0,0,0,0,0,0,492.854,-1314.75,-0.0078125,0.03125,352.667,0
     0,0,0,0,0,0,0,0,0,440.17,-1153.07,-0.0078125,0.03125,352.687,0
     0,0,0,0,0,0,0,0,0,429.102,-1089.86,-0.0078125,0.03125,352.707,0
     0,0,0,0,0,0,0,0,0,461.042,-875.274,-0.0078125,0.03125,352.727,0
     0,0,0,0,0,0,0,0,0,429.756,-1043.95,-0.0078125,0.03125,352.746,0
     0,0,0,0,0,0,0,0,0,450.005,-1104.55,-0.0078125,0.03125,352.766,0
     0,0,0,0,0,0,0,0,0,413.856,-1101.75,-0.0078125,0.03125,352.786,0
     0,0,0,0,0,0,0,0,0,344.276,-1243.86,-0.0078125,0.03125,352.806,0
     0,0,0,0,0,0,0,0,0,420.592,-1146.99,-0.0078125,0.03125,352.826,0
     0,0,0,0,0,0,0,0,0,321.11,-1037.83,-0.0078125,0.03125,352.846,0
     0,0,0,0,0,0,0,0,0,406.545,-1040.2,-0.0078125,0.03125,352.866,0
     0,0,0,0,0,0,0,0,0,509.697,-841.255,-0.0078125,0.03125,352.897,0
     0,0,0,0,0,0,0,0,0,455.166,-1086.6,-0.0078125,0.03125,352.916,0
     0,0,0,0,0,0,0,0,0,429.406,-1107.79,-0.0078125,0.03125,352.926,0
     0,0,0,0,0,0,0,0,0,443.774,-1019.94,-0.0078125,0.03125,352.947,0
     0,0,0,0,0,0,0,0,0,405.828,-1131.99,-0.0078125,0.03125,352.966,0
     0,0,0,0,0,0,0,0,0,503.17,-1175.57,-0.0078125,0.03125,352.986,0
     0,0,0,0,0,0,0,0,0,400.553,-1168.77,-0.0078125,0.03125,353.006,0
     0,0,0,0,0,0,0,0,0,461.936,-899.281,-0.0078125,0.03125,353.026,0
     0,0,0,0,0,0,0,0,0,461.138,-782.718,-0.0078125,0.03125,353.046,0
     0,0,0,0,0,0,0,0,0,555.355,-659.131,-0.0078125,0.03125,353.067,0
     0,0,0,0,0,0,0,0,0,544.9,-356.608,-0.0078125,0.03125,353.086,0
     0,0,0,0,0,0,0,0,0,549.043,-296.639,-0.0078125,0.03125,353.106,0
     0,0,0,0,0,0,0,0,0,495.958,-266.301,-0.0078125,0.03125,353.128,0
     0,0,0,0,0,0,0,0,0,526.025,-278.552,-0.0078125,0.03125,353.146,0
     0,0,0,0,0,0,0,0,0,410.948,-336.598,-0.0078125,0.03125,353.176,0
     0,0,0,0,0,0,0,0,0,430.654,-433.088,-0.0078125,0.03125,353.186,0
     0,0,0,0,0,0,0,0,0,366.468,-348.286,-0.0078125,0.03125,353.206,0
     0,0,0,0,0,0,0,0,0,419.164,-288.554,-0.0078125,0.03125,353.234,0
     0,0,0,0,0,0,0,0,0,336.598,-288.085,-0.0078125,0.03125,353.246,0
     0,0,0,0,0,0,0,0,0,277.396,-280.167,-0.0078125,0.03125,353.266,0
     0,0,0,0,0,0,0,0,0,270.164,-244.574,-0.0078125,0.03125,353.285,0
     0,0,0,0,0,0,0,0,0,233.432,-213.036,-0.0078125,0.03125,353.305,0
     0,0,0,0,0,0,0,0,0,200.517,-232.729,-0.0078125,0.03125,353.326,0
     0,0,0,0,0,0,0,0,0,181.648,-129.654,-0.0078125,0.03125,353.352,0
     0,0,0,0,0,0,0,0,0,156.542,-147.652,-0.0078125,0.03125,353.378,0
     0,0,0,0,0,0,0,0,0,151.953,-129.567,-0.0078125,0.03125,353.386,0
     0,0,0,0,0,0,0,0,0,126.083,-165.093,-0.0078125,0.03125,353.406,0
     0,0,0,0,0,0,0,0,0,120.875,-113.72,-0.0078125,0.03125,353.426,0
     0,0,0,0,0,0,0,0,0,97.1043,-107.061,-0.0078125,0.03125,353.446,0
     0,0,0,0,0,0,0,0,0,84.8976,-92.9113,-0.0078125,0.03125,353.467,0
     0,0,0,0,0,0,0,0,0,60.6026,-87.0508,-0.0078125,0.03125,353.486,0
     0,0,0,0,0,0,0,0,0,61.0452,-70.93,-0.0078125,0.03125,353.506,0
     0,0,0,0,0,0,0,0,0,56.7806,-64.1059,-0.0078125,0.03125,353.526,0
     0,0,0,0,0,0,0,0,0,36.0467,-50.0343,-0.0078125,0.03125,353.546,0
     0,0,0,0,0,0,0,0,0,43.825,-35.6783,-0.0078125,0.03125,353.566,0
     0,0,0,0,0,0,0,0,0,36.0867,-31.3161,-0.0078125,0.03125,353.586,0
     0,0,0,0,0,0,0,0,0,27.5892,-20.8683,-0.0078125,0.03125,353.606,0
     0,0,0,0,0,0,0,0,0,21.3881,-20.8683,-0.0078125,0.03125,353.626,0
     0,0,0,0,0,0,0,0,0,21.3881,-20.8683,-0.0078125,0.03125,353.646,0
     0,0,0,0,0,0,0,0,0,21.3881,-20.8683,-0.0078125,0.03125,353.667,0
     0,0,0,0,0,0,0,0,0,21.3881,-9.3326,-0.0078125,0.03125,353.687,0
     0,0,0,0,0,0,0,0,0,4.48197,-9.3326,-0.0078125,0.03125,353.707,0
     0,0,0,0,0,0,0,0,0,0,-9.3326,-0.0078125,0.03125,353.727,0
     0,0,0,0,0,0,0,0,0,0,-9.3326,-0.0078125,0.03125,353.746,0
     0,0,0,0,0,0,0,0,0,-3.29228,-9.3326,-0.0078125,0.03125,353.766,0
     0,0,0,0,0,0,0,0,0,-3.29228,-9.3326,-0.0078125,0.03125,353.786,0
     0,0,0,0,0,0,0,0,0,-3.29228,-9.3326,-0.0078125,0.03125,353.806,0
     0,0,0,0,0,0,0,0,0,-3.29228,-9.3326,-0.0078125,0.03125,353.826,0
     0,0,0,0,0,0,0,0,0,-3.29228,-9.3326,-0.0078125,0.03125,353.847,0
     0,0,0,0,0,0,0,0,0,-3.29228,-9.3326,-0.0078125,0.03125,353.867,0
     0,0,0,0,0,0,0,0,0,-3.29228,-9.3326,-0.0078125,0.03125,353.886,0
     0,0,0,0,0,0,0,0,0,-3.29228,-9.3326,-0.0078125,0.03125,353.907,0
     0,0,0,0,0,0,0,0,0,-3.29228,-9.3326,-0.0078125,0.03125,353.927,0
     0,0,0,0,0,0,0,0,0,-3.29228,-9.3326,-0.0078125,0.03125,353.947,0
     0,0,0,0,0,0,0,0,0,-3.29228,-9.3326,-0.0078125,0.03125,353.966,0
     0,0,0,0,0,0,0,0,0,-3.29228,-9.3326,-0.0078125,0.03125,353.987,0
     0,0,0,0,0,0,0,0,0,-3.29228,-9.3326,-0.0078125,0.03125,354.006,0
     0,0,0,0,0,0,0,0,0,-3.29228,-9.3326,-0.0078125,0.03125,354.026,0
     0,0,0,0,0,0,0,0,0,-3.29228,-9.3326,-0.0078125,0.03125,354.046,0
     0,0,0,0,0,0,0,0,0,-3.29228,-9.3326,-0.0078125,0.03125,354.066,0
     0,0,0,0,0,0,0,0,0,-3.29228,0,-0.0078125,0.03125,354.089,0
     0,0,0,0,0,0,0,0,0,-3.29228,0,-0.0078125,0.03125,354.106,0
     0,0,0,0,0,0,0,0,0,-3.29228,0,-0.0078125,0.03125,354.126,0
     0,0,0,0,0,0,0,0,0,-3.29228,0,-0.0078125,0.03125,354.146,0
     0,0,0,0,0,0,0,0,0,0,0,-0.0078125,0.03125,354.166,0
     0,0,0,0,0,0,0,0,0,0,0,-0.0078125,0.03125,354.186,0
     0,0,0,0,0,0,0,0,0,0,0,-0.0078125,0.03125,354.206,0
     0,0,0,0,0,0,0,0,0,0,0,-0.0078125,0.03125,354.226,0
     0,0,0,0,0,0,0,0,0,0,0,-0.0078125,0.03125,354.246,0
     0,0,0,0,0,0,0,0,0,0,0,-0.0078125,0.03125,354.266,0
     0,0,0,0,0,0,0,0,0,0,0,-0.0078125,0.03125,354.286,0
     0,0,0,0,0,0,0,0,0,0,0,-0.0078125,0.03125,354.306,0
     0,0,0,0,0,0,0,0,0,0,0,-0.0078125,0.03125,354.326,0
     0,0,0,0,0,0,0,0,0,0,0,-0.0078125,0.03125,354.346,0
     0,0,0,0,0,0,0,0,0,0,0,-0.0078125,0.03125,354.366,0
     0,0,0,0,0,0,0,0,0,0,0,-0.0078125,0.03125,354.386,0
     0,0,0,0,0,0,0,0,0,0,0,-0.0078125,0.03125,354.406,0
     0,0,0,0,0,0,0,0,0,0,0,-0.0078125,0.03125,354.426,0
     0,0,0,0,0,0,0,0,0,0,0,-0.0078125,0.03125,354.447,0
     0,0,0,0,0,0,0,0,0,0,0,-0.0078125,0.03125,354.466,0
     0,0,0,0,0,0,0,0,0,0,0,-0.0078125,0.03125,354.486,0
     0,0,0,0,0,0,0,0,0,0,0,-0.0078125,0.03125,354.506,0
     0,0,0,0,0,0,0,0,0,0,0,-0.0078125,0.03125,354.526,0
     0,0,0,0,0,0,0,0,0,0,0,-0.0078125,0.03125,354.556,0
     0,0,0,0,0,0,0,0,0,0,0,-0.0078125,0.03125,354.566,0
     0,0,0,0,0,0,0,0,0,0,0,-0.0078125,0.03125,354.586,0
     0,0,0,0,0,0,0,0,0,0,0,-0.0078125,0.03125,354.605,0
     0,0,0,0,0,0,0,0,0,0,0,-0.0078125,0.03125,354.626,0
     0,0,0,0,0,0,0,0,0,0,0,-0.0078125,0.03125,354.646,0
     0,0,0,0,0,0,0,0,0,0,0,-0.0078125,0.03125,354.666,0
     0,0,0,0,0,0,0,0,0,0,0,-0.0078125,0.03125,354.686,0
     0,0,0,0,0,0,0,0,0,0,0,-0.0078125,0.03125,354.706,0
     0,0,0,0,0,0,0,0,0,0,0,-0.0078125,0.03125,354.726,0
     0,0,0,0,0,0,0,0,0,0,0,-0.0078125,0.03125,354.746,0
     0,0,0,0,0,0,0,0,0,0,0,-0.0078125,0.03125,354.766,0
     0,0,0,0,0,0,0,0,0,0,0,-0.0078125,0.03125,354.786,0
     0,0,0,0,0,0,0,0,0,0,0,-0.0078125,0.03125,354.806,0
     0,0,0,0,0,0,0,0,0,0,0,-0.0078125,0.03125,354.826,0
     0,0,0,0,0,0,0,0,0,0,0,-0.0078125,0.03125,354.846,0
     0,0,0,0,0,0,0,0,0,0,0,-0.0078125,0.03125,354.866,0
     0,0,0,0,0,0,0,0,0,0,0,-0.0078125,0.03125,354.887,0
     0,0,0,0,0,0,0,0,0,0,0,-0.0078125,0.03125,354.927,0
     0,0,0,0,0,0,0,0,0,0,0,-0.0078125,0.03125,354.93,0
     0,0,0,0,0,0,0,0,0,0,0,-0.0078125,0.03125,354.947,0
     0,0,0,0,0,0,0,0,0,0,0,-0.0078125,0.03125,354.967,0
     0,0,0,0,0,0,0,0,0,0,0,-0.0078125,0.03125,354.987,0
     0,0,0,0,0,0,0,0,0,0,0,-0.0078125,0.03125,355.006,0
     0,0,0,0,0,0,0,0,0,0,0,-0.0078125,0.03125,355.026,0
     0,0,0,0,0,0,0,0,0,0,0,-0.0078125,0.03125,355.046,0
     0,0,0,0,0,0,0,0,0,0,0,-0.0078125,0.03125,355.066,0
     0,0,0,0,0,0,0,0,0,0,0,-0.0078125,0.03125,355.086,0
     0,0,0,0,0,0,0,0,0,0,0,-0.0078125,0.03125,355.106,0
     0,0,0,0,0,0,0,0,0,0,0,-0.0078125,0.03125,355.128,0
     0,0,0,0,0,0,0,0,0,0,0,-0.0078125,0.03125,355.147,0
     0,0,0,0,0,0,0,0,0,0,0,-0.0078125,0.03125,355.166,0
     0,0,0,0,0,0,0,0,0,0,0,-0.0078125,0.03125,355.186,0
     0,0,0,0,0,0,0,0,0,0,0,-0.0078125,0.03125,355.206,0
     0,0,0,0,0,0,0,0,0,0,0,-0.0078125,0.03125,355.226,0
     0,0,0,0,0,0,0,0,0,0,0,-0.0078125,0.03125,355.246,0
     0,0,0,0,0,0,0,0,0,0,0,-0.0078125,0.03125,355.266,0
     0,0,0,0,0,0,0,0,0,0,0,-0.0078125,0.03125,355.287,0
     0,0,0,0,0,0,0,0,0,0,0,-0.0078125,0.03125,355.307,0
     0,0,0,0,0,0,0,0,0,0,0,-0.0078125,0.03125,355.326,0
     0,0,0,0,0,0,0,0,0,0,0,-0.0078125,0.03125,355.346,0
     0,0,0,0,0,0,0,0,0,0,0,-0.0078125,0.03125,355.367,0
