raw_accel_x,raw_accel_y,raw_accel_z,world_accel_x,world_accel_y,yaw,left_encoder_rate,right_encoder_rate,fpga time,navx time
0.026001,-0.00408936,1.01569,0,0,-45.61,0,0,155.274,8388467,
0.0230103,-0.00384521,1.01813,-0.001,-0.001,-45.61,0,0,155.392,8388587,
0.0267944,-0.00604248,1.01044,0.002,0,-45.61,0,0,155.412,8388603,
0.0247192,-0.00549316,1.01782,0,-0.001,-45.61,0,0,155.432,8388632,
0.0245361,-0.00695801,1.02069,0.001,-0.002,-45.61,0,0,155.452,8388647,
0.0247192,-0.00415039,1.01355,0,0,-45.61,0,0,155.474,8388663,
0.0227661,-0.00170898,1.01355,-0.003,0,-45.61,0,0,155.492,8388692,
0.024353,-0.00549316,1.01184,0,-0.001,-45.61,0,0,155.512,8388707,
0.0247803,-0.00610352,1.01318,0.001,-0.001,-45.61,0,0,155.533,8388723,
0.0213623,-0.00354004,1.01703,-0.002,-0.002,-45.61,0,0,155.553,8388737,
0.0256348,-0.00762939,1.01196,0.003,-0.002,-45.61,0,0,155.572,8388767,
0.0256958,-0.00683594,1.02295,0.002,-0.001,-45.61,0,0,155.593,8388783,
0.0268555,-0.00421143,1.02032,0.001,0,-45.61,0,0,155.614,8388813,
0.0258179,-0.00598145,1.01172,0.002,0,-45.61,0,0,155.632,8388828,
0.024292,-0.00366211,1.0163,0,0,-45.61,0,0,155.653,8388843,
0.0250854,-0.00842285,1.01593,0.003,-0.003,-45.61,0,0,155.673,8388873,
0.0244141,-0.00750732,1.01953,0.001,-0.003,-45.61,0,0,155.695,8388888,
0.0240479,-0.00305176,1.01459,-0.001,0,-45.61,0,0,155.712,8388903,
0.0249023,-0.00476074,1.00909,0,0,-45.61,0,0,155.733,8388933,
0.0247803,-0.00341797,1.01819,0,0,-45.61,0,0,155.752,8388948,
0.0232544,-0.00109863,1.01154,-0.003,0,-45.61,0,0,155.773,8388963,
0.0271606,-0.00469971,1.01178,0.002,0,-45.61,0,0,155.798,8388993,
0.0253296,-0.00604248,1.01007,0.001,-0.001,-45.61,0,0,155.814,8389008,
0.0222168,-0.00714111,1.01422,0,-0.004,-45.61,0,0,155.831,8389023,
0.0263062,-0.00592041,1.02209,0.002,0,-45.61,0,0,155.854,8389053,
0.0244141,-0.00231934,1.01086,-0.001,0,-45.61,0,0,155.873,8389068,
0.0253906,-0.0057373,1.01831,0.001,-0.001,-45.61,0,0,155.892,8389083,
0.0275269,-0.00311279,1.01422,0.001,0.002,-45.61,0,0,155.912,8389098,
0.0269165,-0.00256348,1.01434,0,0.002,-45.61,0,0,155.932,8389128,
0.0244751,-0.00531006,1.01544,0,-0.001,-45.61,0,0,155.952,8389143,
0.0240479,-0.00653076,1.01703,0.001,-0.002,-45.61,0,0,155.972,8389158,
0.0231323,-0.00610352,1.01892,0,-0.002,-45.61,0,0,155.994,8389188,
0.0255127,-0.00531006,1.01361,0.001,0,-45.61,0,0,156.019,8389218,
0.0246582,-0.0045166,1.01709,0,0,-45.61,0,0,156.033,8389233,
0.0262451,-0.00714111,1.01495,0.003,-0.001,-45.61,0,0,156.052,8389248,
0.0261841,-0.00543213,1.01636,0.001,0,-45.61,0,0,156.072,8389263,
0.024353,-0.00305176,1.01721,-0.001,0,-45.61,0,0,156.092,8389278,
0.024353,-0.00360107,1.01367,0,0,-45.61,0,0,156.113,8389308,
0.0270996,-0.00585938,1.01636,0.002,0,-45.61,0,0,156.133,8389323,
0.0250244,-0.00311279,1.01508,0,0,-45.61,0,0,156.153,8389338,
0.0240479,-0.00408936,1.0141,0,0,-45.61,0,0,156.173,8389368,
0.0231323,-0.00585938,1.01556,0,-0.002,-45.61,0,0,156.193,8389383,
0.026001,-0.0020752,1.01392,0,0.002,-45.61,0,0,156.212,8389398,
0.0261841,-0.00524902,1.01361,0.001,0,-45.61,0,0,156.232,8389428,
0.0274048,-0.00146484,1.01233,0,0.003,-45.61,0,0,156.252,8389443,
0.0266724,-0.00384521,1.01843,0,0.001,-45.61,0,0,156.272,8389458,
0.024292,-0.00616455,1.01385,0,-0.001,-45.61,0,0,156.292,8389488,
0.0241699,-0.0022583,1.01495,-0.001,0,-45.61,0,0,156.313,8389503,
0.0250244,-0.00280762,1.00952,0,0,-45.61,0,0,156.332,8389518,
0.0238037,-0.00390625,1.01038,0,0,-45.61,0,0,156.353,8389548,
0.0244751,-0.00500488,1.01801,0,-0.001,-45.61,0,0,156.372,8389563,
0.0204468,-0.0032959,1.01141,-0.003,-0.002,-45.61,0,0,156.392,8389578,
0.0249634,-0.00408936,1.01251,0,0,-45.61,0,0,156.413,8389608,
0.0274048,-0.00299072,1.01172,0,0.002,-45.61,0,0,156.433,8389623,
0.0275269,-0.00634766,1.01581,0.003,0,-45.61,0,0,156.452,8389638,
0.0258789,-0.00683594,1.01385,0.002,-0.001,-45.61,0,0,156.472,8389668,
0.0247192,-0.003479,1.01324,0,0,-45.61,0,0,156.492,8389683,
0.0231934,-0.00341797,1.00989,-0.001,0,-45.61,0,0,156.515,8389713,
0.0252075,-0.00274658,1.01721,0,0.001,-45.61,0,0,156.533,8389728,
0.0246582,-0.00506592,1.0127,0,0,-45.61,0,0,156.553,8389743,
0.0256348,-0.00445557,1.01288,0,0,-45.61,0,0,156.573,8389758,
0.0252686,-0.00305176,1.01331,0,0,-45.61,0,0,156.593,8389788,
0.0228882,-0.00231934,1.01526,-0.002,0,-45.61,0,0,156.618,8389804,
0.0240479,-0.00457764,1.01196,0,0,-45.61,0,0,156.653,8389848,
0.0281372,-0.00317383,1.01929,0.001,0.002,-45.61,0,0,156.673,8389864,
0.0241699,-0.00695801,1.0119,0.001,-0.002,-45.6,0,0,156.712,8389908,
0.0250244,-0.00286865,1.01398,0,0,-45.6,0,0,156.732,8389924,
0.0232544,-0.00646973,1.01093,0,-0.002,-45.6,0,0,156.772,8389968,
0.0257568,-0.0067749,1.01392,0.002,-0.001,-45.6,0,0,156.812,8389998,
0.0261841,-0.00549316,1.01105,0.001,0,-45.6,0,0,156.834,8390028,
0.0195312,-0.00146484,1.01874,-0.005,-0.002,-45.6,0,0,156.872,8390058,
0.0386353,0.0129395,1.01587,-0.002,0.021,-45.6,82.5086,0,156.894,8390088,
-0.178528,0.0839844,1.04749,-0.202,-0.085,-45.55,229.503,-0.596047,156.933,8390118,
-0.0748901,0.114441,0.948242,-0.145,0.011,-45.37,270.849,-45.5767,156.972,8390164,
-0.020874,0.0769653,1.00073,-0.077,0.022,-45.07,365.197,-72.205,157.013,8390208,
-0.0904541,0.140259,1.07239,-0.17,0.017,-44.95,476.735,-87.8762,157.032,8390224,
-0.0253296,0.130798,0.959595,-0.112,0.058,-44.49,530.645,-117.97,157.072,8390268,
0.0958252,0.0945435,0.953125,0.001,0.118,-44.3,691.898,-128.056,157.093,8390284,
-0.036499,0.0802612,1.09741,-0.08,0.012,-43.5,590.005,-179.308,157.158,8390344,
-0.142883,0.139282,1.00775,-0.197,-0.015,-43.28,722.752,-130.013,157.172,8390358,
-0.0617065,0.0278931,0.813171,-0.06,-0.037,-42.79,578.352,-158.448,157.194,8390388,
0.108154,0.0866089,1.11786,0.028,0.114,-42.27,740.001,-185.477,157.232,8390419,
-0.0685425,0.0791626,0.969971,-0.096,-0.007,-41.43,584.249,-212.395,157.272,8390464,
-0.203796,0.143311,1.0921,-0.237,-0.05,-41.12,597.961,-233.263,157.293,8390479,
0.0548706,0.151245,1.16376,-0.043,0.123,-40.15,518.82,-263.498,157.333,8390524,
-0.106201,0.168762,1.10791,-0.178,0.033,-39.5,668.986,-247.347,157.355,8390554,
0.0284424,0.0681763,1.02393,-0.008,0.042,-38.82,617.494,-270.468,157.393,8390584,
-0.185181,0.00390625,0.652283,-0.14,-0.129,-37.79,716.076,-273.587,157.435,8390629,
0.190735,0.132507,1.4845,0.089,0.178,-37.44,760.746,-337.941,157.453,8390644,
0.175232,0.180054,1.16779,0.048,0.212,-36.41,629.307,-299.634,157.493,8390689,
0.175415,0.136902,0.855835,0.073,0.186,-35.71,641.169,-320.95,157.532,8390719,
0.0477295,0.133301,0.979431,-0.025,0.103,-34.99,739.864,-380.156,157.553,8390749,
0.0673828,0.147278,1.0025,-0.013,0.125,-33.86,494.572,-364.206,157.595,8390794,
0.0673828,0.147278,1.0025,-0.013,0.125,-33.86,650.132,-351.735,157.632,8390794,
0.0673828,0.147278,1.0025,-0.013,0.125,-33.86,786.102,-405.104,157.654,8390794,
0.250732,0.0440674,0.949524,0.2,0.131,-31.29,771.516,-392.249,157.707,8390899,
-0.0950928,0.0100098,0.836304,-0.078,-0.072,-30.93,754.091,-412.142,157.717,8390914,
0.140076,0.0629883,0.979309,0.098,0.086,-30.2,799.041,-412.677,157.759,8390944,
-0.0118408,0.0585327,1.12585,-0.028,0,-29.12,699.913,-428.798,157.792,8390989,
0.112366,-0.0256958,0.865601,0.118,-0.003,-28.78,759.936,-445.563,157.814,8391004,
0.0717773,-0.0458374,1.24774,0.092,-0.06,-27.73,784.683,-514.073,157.852,8391049,
0.010376,0.166199,0.826782,-0.062,0.117,-27.06,574.3,-514.496,157.892,8391079,
-0.00524902,0.0888062,0.536438,-0.042,0.054,-26.39,723.72,-459.263,157.912,8391109,
0.124756,0.0994873,1.05646,0.073,0.096,-25.41,597.354,-509.736,157.961,8391154,
0.141418,-0.104492,0.9953,0.173,-0.079,-24.79,761.354,-460.119,157.992,8391184,
0.163757,0.081543,1.14728,0.115,0.09,-24.49,783.361,-485.296,158.012,8391199,
0.277832,0.0748901,0.933411,0.222,0.137,-23.63,884.095,-428.064,158.052,8391244,
0.220642,0.0402832,1.0943,0.184,0.074,-23.35,834.585,-545.241,158.073,8391259,
-0.114014,0.0253296,1.23254,-0.121,-0.079,-22.58,654.001,-552.425,158.113,8391304,
0.262878,0.162476,0.994202,0.178,0.2,-21.83,746.018,-539.622,158.153,8391349,
0.0227661,0.135071,1.30304,-0.035,0.07,-21.59,742.39,-570.662,158.176,8391365,
0.342285,0.109741,0.997925,0.272,0.175,-20.93,789.328,-625.763,158.212,8391409,
0.0688477,0.192993,1.35107,-0.014,0.136,-20.33,849.149,-610.668,158.256,8391454,
-0.419983,-0.0439453,0.705383,-0.387,-0.221,-20.16,825.491,-709.32,158.273,8391469,
-0.0362549,0.0878296,0.692139,-0.072,0.034,-19.81,707.239,-643.894,158.313,8391499,
0.236877,-0.0108032,0.936584,0.214,0.019,-19.49,699.252,-635.789,158.335,8391529,
0.0830688,-0.0792236,0.868469,0.092,-0.093,-19.22,714.031,-623.947,158.373,8391559,
-0.430969,-0.1698,1.10138,-0.375,-0.358,-18.84,630.338,-675.973,158.423,8391619,
0.103699,-0.18634,0.88855,0.139,-0.189,-18.81,564.988,-730.647,158.436,8391634,
-0.164368,-0.0734863,0.99176,-0.158,-0.169,-18.91,606.116,-501.278,158.473,8391665,
-0.0712891,-0.0821533,1.06927,-0.066,-0.146,-19,568.23,-638.855,158.512,8391709,
0.130859,-0.0350952,1.22516,0.106,-0.041,-18.99,614.119,-533.035,158.532,8391725,
0.0504761,-0.133118,0.998901,0.065,-0.147,-19,550.01,-490.858,158.572,8391769,
-0.0144653,-0.163818,0.841431,0.018,-0.189,-18.98,414.25,-591.593,158.612,8391799,
-0.312744,-0.120239,0.835205,-0.278,-0.242,-18.98,477.852,-396.416,158.633,8391829,
-0.234253,-0.224915,0.838379,-0.17,-0.313,-18.94,431.462,-100.682,158.673,8391859,
0.14978,-0.194641,0.916992,0.18,-0.157,-18.78,397.986,446.987,158.713,8391905,
-0.0253906,-0.11853,1.02197,-0.012,-0.141,-18.71,314.728,641.684,158.734,8391919,
0.0380249,-0.141541,0.909851,0.057,-0.134,-18.39,236.2,954.016,158.773,8391965,
-0.291443,-0.257263,1.46692,-0.232,-0.341,-17.82,200.648,884.291,158.812,8392010,
0.0473633,-0.30603,0.872864,0.118,-0.279,-17.57,209.945,978.521,158.832,8392025,
-0.0636597,-0.27832,1.25671,-0.006,-0.275,-16.64,152.113,1085.89,158.872,8392070,
0.149048,-0.221313,1.02325,0.185,-0.16,-16.29,139.15,1090.45,158.892,8392085,
0.0459595,-0.19342,1.45911,0.068,-0.153,-15.08,69.2008,1263.1,158.932,8392130,
-0.127808,-0.140686,0.624878,-0.1,-0.156,-14.19,46.4999,1215.14,158.974,8392160,
-0.269287,-0.0964355,0.885498,-0.258,-0.134,-12.77,0,1386.67,159.012,8392205,
-0.270386,-0.0733643,0.923889,-0.269,-0.085,-8.35,-102.567,1271.54,159.133,8392325,
0.0835571,-0.156921,0.762634,0.093,-0.122,-6.31,-129.693,1153.74,159.176,8392370,
-0.159729,-0.158203,1.04224,-0.153,-0.135,-4.74,-165.261,1207.44,159.212,8392400,
-0.201477,-0.0231323,1.13611,-0.205,0.006,-3.07,-176.114,1132.76,159.234,8392430,
-0.14032,0.00946045,0.869263,-0.143,0.036,-1.37,-185.83,1205.76,159.275,8392460,
0.139404,-0.0648193,0.720093,0.137,-0.043,1.21,-175.194,1475.8,159.315,8392505,
-0.292786,-0.00286865,0.770813,-0.293,0.041,3.82,-212.355,1371.74,159.354,8392550,
0.0922241,-0.0146484,0.878967,0.09,0.002,5.55,-212.19,1321,159.393,8392580,
-0.0854492,0.0378418,1.11987,-0.078,0.079,7.33,-182.438,1185.61,159.413,8392610,
-0.0435791,0.111084,0.928711,-0.024,0.14,9.11,-280.391,773.844,159.452,8392640,
0.117126,0.20459,1.21387,0.155,0.204,11.67,-269.005,672.608,159.492,8392685,
-0.122131,0.0990601,0.901917,-0.1,0.143,13.99,-345.56,607.497,159.532,8392730,
0.17218,0.0722656,0.709839,0.179,0.035,15.44,-193.998,600.294,159.565,8392760,
0.0155029,0.0543213,0.899597,0.013,0.051,21.17,-140.209,384.054,159.716,8392910,
0.0583496,0.146973,0.930969,0.086,0.119,22.05,-146.873,384.084,159.741,8392940,
0.0124512,0.0914307,1.02087,0.019,0.083,22.86,-141.117,325.929,159.773,8392970,
0.188599,0.150269,1.03931,0.203,0.066,23.23,-132.395,333.389,159.795,8392986,
0.17981,0.0675049,1.00922,0.159,-0.011,24.23,-104.566,285.673,159.835,8393030,
0.23114,0.0769653,1.01202,0.207,-0.026,24.78,-103.853,233.921,159.872,8393060,
0.183167,0.079895,1.09534,0.157,-0.006,25.43,-104.864,179.192,159.916,8393106,
0.133972,0.0949707,0.978943,0.12,0.026,25.86,-96.0361,155.975,159.954,8393150,
0.122375,0.0614624,1.07928,0.089,0,25.95,-101.279,117.107,159.975,8393166,
-0.0274048,0.0670776,1.01935,-0.044,0.07,26.04,-69.0546,67.3677,160.033,8393226,
0.031311,0.0755005,1.00647,0.012,0.05,26.04,-57.6389,52.804,160.073,8393270,
0.0043335,0.0640869,0.994263,-0.015,0.051,26.04,-47.5881,47.927,160.099,8393286,
0.0112305,0.0975952,1.00104,0.004,0.077,26.03,-37.522,33.0195,160.133,8393330,
0.0273438,0.11145,1.01093,0.024,0.08,26.03,-27.7385,33.0195,160.172,8393360,
0.0276489,0.0372925,1.02197,-0.008,0.012,26.03,-27.7385,33.0195,160.212,8393406,
0.0112305,-0.00732422,1.04321,-0.043,-0.02,26.03,-4.53808,33.0195,160.252,8393450,
0.0189209,-0.00378418,0.997375,-0.032,-0.02,26.04,-4.53808,33.0195,160.274,8393466,
0.0439453,0.0105591,1.02264,-0.003,-0.017,26.04,-4.53808,33.0195,160.313,8393510,
0.0251465,0.0288696,1.01636,-0.011,0.006,26.04,-4.53808,33.0195,160.353,8393541,
0.0305176,0.010498,1.01599,-0.014,-0.012,26.04,-4.53808,33.0195,160.392,8393586,
0.0239258,0.0230713,1.01379,-0.014,0.002,26.04,-4.53808,33.0195,160.452,8393646,
0.0583496,0.0593872,1.03522,0.034,0.021,26.02,-32.5137,0,160.572,8393766,
0.0593262,-0.175598,1.0528,-0.069,-0.188,26.01,-49.5845,206.183,160.633,8393826,
0.0476074,-0.177795,1.09961,-0.078,-0.179,26.06,-105.764,206.492,160.672,8393871,
0.012146,-0.185059,1.16388,-0.114,-0.168,26.09,-117.024,318.39,160.694,8393886,
-0.00256348,-0.108032,0.932434,-0.082,-0.088,26.15,-180.574,567.054,160.732,8393931,
-0.0565186,-0.0394897,1.17365,-0.106,0.001,26.23,-242.515,1015.69,160.772,8393961,
-0.0887451,-0.115784,1.05029,-0.162,-0.052,26.38,-238.214,1048.22,160.793,8393991,
0.0922852,-0.159302,0.748291,-0.009,-0.173,26.57,-381.388,1100.72,160.832,8394021,
0.0119629,-0.0609741,1.08905,-0.04,-0.04,27.12,-390.183,1268.31,160.893,8394081,
-0.327332,-0.188232,1.18036,-0.396,0.006,27.55,-398.129,1192.25,160.913,8394111,
-0.23645,-0.246155,1.01984,-0.335,-0.083,28.09,-456.319,1019.06,160.954,8394141,
0.0180054,-0.194092,0.904541,-0.082,-0.155,29.09,-418.927,1022.29,160.992,8394186,
0.0700684,-0.0914917,1.0965,0.012,-0.085,30.25,-653.573,798.945,161.033,8394231,
0.0663452,0.0917969,0.885254,0.102,0.069,30.98,-512.939,664.209,161.072,8394261,
0.16394,0.0206909,1.03333,0.146,-0.038,31.29,-404.539,532.666,161.092,8394276,
-0.0252686,0.138245,0.952942,0.04,0.159,31.93,-530.771,402.812,161.132,8394321,
0.381531,0.103271,1.08875,0.355,-0.082,32.12,-610.24,387.619,161.172,8394366,
-0.0761108,0.108093,0.905457,-0.028,0.158,32.12,-465.582,399.154,161.192,8394381,
-0.0993652,0.245544,1.02972,0.019,0.285,32.07,-413.685,484.707,161.232,8394426,
0.189087,0.148865,1.04742,0.21,0.047,32.09,-407.407,390.594,161.272,8394456,
0.122375,0.136719,1.13965,0.141,0.069,32.07,-370.083,315.891,161.392,8394591,
0.0218506,0.117004,0.99469,0.049,0.1,32.08,-257.112,282.087,161.452,8394651,
-0.0852051,-0.00201416,1.10248,-0.108,0.057,32.08,-325.33,292.278,161.473,8394667,
-0.0166626,0.0831299,1.02228,-0.004,0.09,32.09,-261.103,273.441,161.514,8394711,
0.00738525,0.114075,0.991882,0.033,0.102,32.09,-246.169,239.203,161.553,8394741,
0.0199585,0.114075,1.03778,0.04,0.092,32.08,-206.562,196.119,161.623,8394816,
0.012207,0.103882,0.972656,0.03,0.086,32.08,-188.669,178.878,161.652,8394847,
0.217773,-0.0615234,1.09662,0.112,-0.162,32.07,-277.758,160.51,161.692,8394891,
0.0551758,-0.0135498,1.15961,-0.001,-0.031,31.98,-184.373,195.959,161.736,8394921,
0.0292969,-0.0196533,1.05023,-0.019,-0.021,31.93,-250.636,262.068,161.852,8395041,
0.0761719,-0.0612793,1.05786,0,-0.079,31.89,-262.343,254.062,161.912,8395102,
-0.0514526,-0.0575562,1.03918,-0.105,-0.009,31.87,-285.132,310.511,161.933,8395132,
0.0551758,-0.0629272,1.09509,-0.018,-0.069,31.86,-272.717,279.119,161.972,8395162,
0.123779,-0.00195312,1.05078,0.074,-0.053,31.84,-270.42,308.552,162.013,8395207,
-0.0568848,0.0196533,0.98999,-0.064,0.059,31.82,-315.169,296.34,162.052,8395252,
0.00994873,-0.00244141,1.10425,-0.022,0.007,31.81,-267.444,273.976,162.073,8395267,
0.0245361,-0.0430298,1.03149,-0.028,-0.035,31.8,-349.107,303.108,162.112,8395312,
0.0465088,0.00372314,1.14929,0.012,-0.005,31.78,-338.576,300.652,162.152,8395342,
-0.000183105,-0.050293,1.18738,-0.055,-0.025,31.78,-269.694,354.371,162.173,8395372,
0.00500488,-0.00946045,1.06555,-0.026,0.005,31.75,-360.373,343.312,162.213,8395402,
-0.0264282,-0.0266113,1.05957,-0.062,0.007,31.74,-320,344.952,162.235,8395432,
0.043396,0.0244141,1.06317,0.024,0.014,31.73,-274.559,349.803,162.273,8395462,
-0.0383911,-0.0022583,1.03485,-0.057,0.034,31.71,-351.735,329.066,162.313,8395507,
-0.0400391,-0.0134888,1.03937,-0.064,0.026,31.69,-386.668,300.811,162.352,8395552,
-0.0588379,-0.0115967,0.947144,-0.077,0.035,31.68,-317.733,393.453,162.375,8395567,
-0.0731201,-0.0222168,1.10455,-0.098,0.037,31.66,-421.603,351.661,162.412,8395612,
0.121643,0.0269775,1.12421,0.092,-0.023,31.65,-438.299,344.388,162.455,8395642,
-0.130371,-0.00280762,1.12433,-0.137,0.085,31.63,-345.722,346.159,162.477,8395672,
0.0119019,-0.0305176,1.0235,-0.028,-0.014,31.61,-371.851,384.682,162.532,8395717,
0.0526123,-0.00531006,1.14618,0.017,-0.013,31.56,-412.099,378.996,162.636,8395822,
-0.0211182,0.0865479,1.18152,0,0.105,31.51,-370.089,386.862,162.752,8395942,
-0.05896,-0.0088501,0.937622,-0.076,0.038,31.49,-449.681,343.548,162.772,8395972,
0.0598145,-0.00994873,1.00092,0.023,-0.022,31.49,-382.409,335.779,162.792,8395987,
0.0718384,-0.0632324,0.95105,0.006,-0.075,31.48,-390.633,387.349,162.832,8396032,
0.0314331,0.0405884,1.09637,0.022,0.035,31.47,-351.964,379.463,162.872,8396062,
0.175842,-0.0251465,0.977478,0.112,-0.099,31.44,-385.423,340.57,162.993,8396182,
0.0359497,0.101562,1.03595,0.055,0.077,31.46,-288.218,279.31,163.092,8396288,
0.0289917,0.145752,0.88916,0.075,0.113,31.49,-277.162,261.907,163.132,8396332,
0.0859375,0.0565796,1.08936,0.071,0.007,31.48,-218.443,259.68,163.172,8396362,
0.0509644,0.0325317,1.0329,0.028,0.004,31.48,-232.767,228.024,163.193,8396392,
0.135376,0.0065918,0.967896,0.088,-0.063,31.5,-216.165,187.475,163.233,8396422,
0.191711,0.19342,0.992676,0.232,0.064,31.48,-179.297,122.88,163.274,8396468,
0.0365601,0.17688,1.13678,0.083,0.125,31.45,-127.091,56.739,163.314,8396512,
-0.00109863,0.217224,0.996643,0.075,0.176,31.42,-65.1784,56.739,163.353,8396542,
0.0598145,0.212769,0.978333,0.123,0.138,31.41,-39.826,56.739,163.376,8396572,
0.0269775,0.12793,0.968933,0.049,0.08,31.4,-24.7596,5.18116,163.412,8396602,
0.143921,0.098999,1.04724,0.129,-0.007,31.39,0,-72.9145,163.453,8396648,
0.0631714,0.0540161,1.02466,0.036,-0.003,31.32,49.4917,-141.831,163.492,8396678,
0.0881348,-0.00817871,0.98291,0.025,-0.066,31.01,26.1734,-153.824,163.543,8396738,
0.0509644,0.0101318,0.974609,0.002,-0.029,30.73,26.1734,-203.656,163.572,8396768,
0.0813599,0.0198975,0.980774,0.033,-0.035,30.23,26.1734,-253.765,163.613,8396813,
0.144714,0.0166016,1.0567,0.082,-0.07,29.84,26.1734,-378.15,163.652,8396843,
0.101379,-0.00866699,1.03833,0.032,-0.069,29.4,26.1734,-335.813,163.673,8396873,
0.0940552,0.0309448,1.01239,0.045,-0.029,28.66,26.1734,-437.225,163.732,8396918,
0.0350342,0.0370483,0.936646,0,0.006,28.09,1.93709,-403.039,163.753,8396948,
0.150818,0.0256348,0.934814,0.095,-0.055,27.14,-1.88206,-480.042,163.792,8396993,
0.0802612,-0.0422974,0.979126,0,-0.083,26.42,-21.4971,-516.596,163.832,8397023,
0.071106,0.0525513,0.921875,0.035,0.008,25.23,-37.0125,-588.928,163.873,8397068,
0.120422,0.0366821,1.09058,0.061,-0.025,23.93,-47.2564,-542.918,163.914,8397113,
0.0298462,-0.026062,0.974121,-0.04,-0.044,22.97,-68.6695,-596.552,163.952,8397143,
-0.00701904,-0.0476074,0.796326,-0.071,-0.048,21.39,-72.7434,-697.958,163.992,8397188,
0.10968,0.0124512,1.12622,0.039,-0.036,20.86,-65.7847,-660.939,164.013,8397203,
0.334717,0.102905,1.20447,0.276,-0.022,19.2,-76.5298,-752.842,164.052,8397248,
-0.127319,0.0825806,1.06561,-0.16,0.109,18.05,-49.3114,-861.623,164.092,8397278,
0.000549316,0.0368042,0.94635,-0.047,0.028,16.85,-61.9226,-639.775,164.113,8397308,
0.110779,0.0648193,0.961121,0.061,0.027,14.26,-97.3283,-685.096,164.173,8397368,
0.155273,0.020752,0.796936,0.104,-0.023,13.57,-131.535,-770.743,164.198,8397383,
-0.0492554,-0.0012207,0.893372,-0.107,0,11.4,-136.348,-714.082,164.234,8397428,
-0.254761,0.0135498,0.621399,-0.291,0.043,8.32,-111.876,-593.718,164.298,8397488,
0.098938,0.0241089,0.873352,0.04,0.001,6.72,-120.373,-657.808,164.334,8397518,
0.0686035,0.0811768,1.14673,-0.006,0.059,4.22,-135.126,-813.603,164.372,8397563,
0.0187378,0.0518188,1.12311,-0.057,0.033,1.6,-167.76,-602.192,164.412,8397609,
0.156982,0.0723267,1.05731,0.082,0.054,-0.18,-134.622,-688.705,164.452,8397638,
0.0975952,0.0148315,0.766663,0.043,0.004,-2.91,-152.637,-618.697,164.492,8397683,
0.0908203,0.0363159,1.10706,0.01,0.019,-4.76,-164.218,-657.938,164.517,8397713,
0.0342407,0.112122,1.1347,-0.061,0.086,-9.53,-148.49,-720.202,164.592,8397789,
0.0480957,-0.0522461,1.12909,-0.018,-0.072,-11.45,-169.893,-711.263,164.619,8397818,
0.108032,0.109802,1.18866,0,0.097,-13.41,-156.732,-783.699,164.661,8397849,
-0.0303345,0.0762329,0.892212,-0.111,0.034,-17.42,-164.045,-846.024,164.719,8397909,
0.0801392,0.118713,0.948425,-0.037,0.103,-25.7,-171.299,-692.905,164.838,8398029,
0.079834,0.189148,1.20593,-0.107,0.142,-34.29,-186.378,-573.46,164.952,8398149,
0.0778198,0.079895,1.01172,-0.037,0.06,-35.38,-203.436,-457.634,164.974,8398163,
0.117676,0.0848999,0.98175,-0.008,0.089,-36.48,-232.296,-388.342,164.993,8398179,
0.00866699,-0.0805054,1.03351,0.006,-0.107,-39.69,-223.135,-302.847,165.036,8398224,
-0.136902,-0.0616455,1.01233,-0.105,-0.185,-42.72,-255.686,-316.967,165.072,8398269,
-0.00775146,-0.0067749,1.00232,-0.043,-0.054,-45.53,-255.196,-221.857,165.116,8398314,
-0.0759277,0.0282593,0.9776,-0.111,-0.076,-47.28,-235.076,-175.342,165.152,8398344,
-0.0103149,-0.0088501,1.10156,-0.041,-0.056,-48.89,-258.742,-158.193,165.182,8398374,
-0.102051,0.00799561,1.04846,-0.103,-0.109,-51.75,-254.495,-82.8449,165.235,8398434,
-0.0759888,0.00732422,1.12952,-0.087,-0.091,-52.4,-319.836,-65.1946,165.257,8398449,
-0.251526,-0.0280762,1.01062,-0.152,-0.247,-54.09,-283.306,-42.5208,165.298,8398494,
-0.114624,0.0217285,1.25159,-0.115,-0.112,-55.1,-253.997,-32.4302,165.334,8398524,
0.00170898,0.0356445,0.987793,-0.049,0.001,-57.91,-160.971,37.3061,165.439,8398629,
-0.0505371,-0.0123291,1.20264,-0.038,-0.071,-58.58,-192.092,56.6579,165.459,8398659,
-0.0505371,-0.0123291,1.20264,-0.038,-0.071,-58.58,-209.181,65.2778,165.472,8398659,
-0.0575562,0.034729,1.06244,-0.077,-0.05,-59.15,-211.242,74.0086,165.492,8398689,
-0.0821533,0.00939941,1.05341,-0.065,-0.082,-59.65,-233.716,77.6413,165.532,8398719,
-0.0144653,0.0455322,0.949707,-0.059,-0.002,-60.07,-201.937,95.2327,165.553,8398749,
-0.13324,0.0384521,0.964539,-0.109,-0.107,-60.5,-187.748,109.376,165.595,8398794,
0.0657349,0.0914917,0.982117,-0.052,0.092,-61.03,-104.237,101.026,165.992,8399184,
0.0427856,0.0786133,1.04828,-0.052,0.064,-61.03,-87.7205,89.4095,166.012,8399199,
0.0632935,0.0454102,1.02832,-0.012,0.065,-61.02,-292.082,81.1823,166.032,8399230,
-0.00750732,-0.00439453,0.94281,-0.002,-0.019,-61.02,-252.076,79.0798,166.052,8399244,
0.0670776,-0.172729,0.973206,0.178,-0.035,-61.06,-220.561,103.654,166.072,8399259,
0.053772,-0.169434,1.01013,0.164,-0.045,-61.17,-229.484,147.964,166.094,8399290,
0.0204468,-0.124878,1.09821,0.104,-0.052,-61.24,-205.158,179.427,166.132,8399319,
0.0275269,-0.0682983,1.03516,0.051,-0.011,-61.42,-306.89,294.824,166.252,8399439,
0.0759888,-0.0819702,0.965027,0.086,0.025,-61.46,-397.188,364.199,166.292,8399484,
-0.0689087,-0.0958862,0.968201,0.026,-0.107,-61.5,-397.48,392.203,166.333,8399530,
0.0952759,-0.088501,1.07739,0.093,0.041,-61.51,-427.46,391.527,166.372,8399559,
0.0655518,-0.0222778,1.04907,0.021,0.048,-61.52,-412.882,467.782,166.393,8399590,
0.0533447,-0.13562,1.09271,0.112,-0.016,-61.55,-413.522,466.277,166.433,8399619,
-0.0512695,0.00341797,0.965454,-0.056,-0.042,-61.58,-439.957,483.98,166.474,8399664,
-0.112488,-0.11438,0.936768,0.018,-0.152,-61.59,-273.093,421.834,166.494,8399694,
-0.120972,-0.0158691,0.957092,-0.073,-0.112,-61.62,-521.254,494.548,166.532,8399724,
-0.0979004,-0.0297852,0.962463,-0.05,-0.098,-61.64,-497.884,508.182,166.573,8399770,
-0.0848999,-0.0941772,1.05035,0.008,-0.117,-61.64,-495.025,457.729,166.592,8399785,
0.143616,-0.020874,0.905762,0.057,0.118,-61.68,-545.837,482.369,166.632,8399830,
-0.0755615,-0.000793457,1.17767,-0.072,-0.064,-61.7,-563.38,454.659,166.674,8399860,
0.0629272,0.020874,0.724854,-0.011,0.065,-61.72,-452.724,553.143,166.712,8399905,
-0.0614624,-0.0923462,1.1192,0.015,-0.097,-61.73,-493.986,493.267,166.732,8399920,
0.112122,0.0820923,1.04211,-0.052,0.137,-61.76,-552.822,501.97,166.772,8399965,
0.158936,0.0638428,0.951904,-0.011,0.168,-61.77,-559.347,490.497,166.812,8400010,
-0.187866,-0.020752,1.03198,-0.102,-0.177,-61.79,-496.29,527.148,166.832,8400025,
0.0899658,-0.00848389,0.908875,0.021,0.072,-61.81,-529.914,433.642,166.873,8400070,
0.225159,-0.0128784,0.999573,0.087,0.189,-61.83,-462.556,432.311,166.914,8400100,
-0.0843506,0.0158081,0.911987,-0.081,-0.07,-61.83,-520.305,503.347,166.933,8400130,
0.0419312,-0.0282593,1.05078,0.012,0.018,-61.85,-490.028,452.284,166.972,8400160,
0.0164185,-0.101624,1.04114,0.065,-0.037,-61.86,-303.688,480.862,167.012,8400205,
-0.0372925,0.150635,1.09326,-0.182,0.034,-61.88,-437.56,474.665,167.033,8400220,
0.134338,-0.0495605,1.09113,0.077,0.091,-61.91,-504.732,475.737,167.073,8400265,
-0.53772,-0.145569,1.23969,-0.159,-0.55,-61.94,-495.233,441.638,167.112,8400310,
0.0721436,0.106201,0.979309,-0.087,0.107,-61.96,-403.356,456.277,167.135,8400325,
0.17511,-0.0349731,0.968933,0.086,0.133,-62.02,-512.663,394.992,167.174,8400370,
0.118469,-0.055481,0.953735,0.079,0.073,-62.04,-448.591,472.735,167.2,8400400,
-0.0469971,-0.0214844,1.06256,-0.03,-0.056,-62.06,-437.072,508.815,167.233,8400430,
0.0111694,0.113525,0.983521,-0.12,0.057,-62.1,-471.91,471.498,167.272,8400460,
-0.115601,0.0571289,1.29407,-0.137,-0.081,-62.13,-492.562,475.003,167.312,8400505,
0.112976,0.0507202,0.921814,-0.015,0.118,-62.15,-568.78,517.665,167.332,8400520,
0.214294,0.00866699,1.16669,0.063,0.188,-62.18,-438.779,401.542,167.374,8400565,
-0.103088,0.0658569,1.08258,-0.132,-0.065,-62.23,-509.593,469.528,167.413,8400610,
0.0797119,-0.078064,0.903748,0.086,0.032,-62.37,-275.988,413.839,167.538,8400731,
0.00866699,0.0384521,1.03607,-0.053,0.022,-62.4,-433.088,463.736,167.553,8400745,
0.243591,-0.0130615,1.04431,0.101,0.207,-62.46,-455.052,594.955,167.592,8400791,
-0.12561,0.0499878,0.786499,-0.117,-0.091,-62.63,-479.099,469.208,167.712,8400911,
0.128662,-0.102356,0.608337,0.138,0.065,-62.66,-463.714,422.137,167.753,8400940,
0.208374,-0.00408936,1.00513,0.083,0.181,-62.7,-414.122,435.161,167.774,8400971,
0.221558,0.16864,1.28552,-0.069,0.27,-62.73,-408.222,388.818,167.813,8401000,
0.182068,-0.071106,0.708069,0.135,0.127,-62.76,-427.551,384.689,167.835,8401031,
-0.0667114,0.0403442,1.05005,-0.082,-0.044,-62.81,-489.057,376.527,167.873,8401060,
-0.124268,-0.0273438,0.927979,-0.046,-0.126,-62.89,-456.392,451.702,167.912,8401105,
-0.305542,0.0209351,0.921204,-0.171,-0.265,-62.99,-474.947,457.645,167.952,8401151,
0.0466919,0.0232544,1.19257,-0.016,0.049,-63.01,-449.539,378.788,167.973,8401165,
-0.0889893,-0.0408325,0.941223,-0.018,-0.1,-63.08,-442.988,360.373,168.023,8401211,
0.0994263,-0.00213623,1.05145,0.029,0.084,-63.11,-449.974,385.683,168.037,8401225,
0.206848,-0.0119629,1.12939,0.085,0.176,-63.21,-444.385,348.572,168.072,8401271,
0.0566406,0.0512695,1.07776,-0.038,0.07,-63.3,-252.934,363.009,168.112,8401300,
0.00628662,0.0443115,1.03046,-0.053,0.022,-63.38,-488.998,392.295,168.152,8401346,
0.15625,-0.0966187,1.00574,0.138,0.093,-63.57,-389.454,378.766,168.253,8401451,
0.0862427,-0.05896,1.05945,0.072,0.046,-63.61,-503.626,383.539,168.273,8401466,
0.29364,-0.0612183,0.840576,0.172,0.232,-63.62,-429.498,382.314,168.313,8401511,
0.0459595,-0.036499,1.04523,0.038,0.021,-63.64,-338.989,320.492,168.352,8401541,
0.146423,0.122192,1.18494,-0.059,0.179,-63.63,-303.942,355.847,168.373,8401571,
0.046875,0.0139771,0.88678,-0.001,0.042,-63.63,-355.404,303.914,168.416,8401601,
0.111267,0.0856934,0.997803,-0.035,0.13,-63.64,-295.88,312.832,168.453,8401646,
0.0307007,0.0302734,0.958557,-0.021,0.033,-63.63,-303.97,282.909,168.474,8401661,
-0.0424805,0.100464,1.15845,-0.115,-0.003,-63.63,-259.646,284.277,168.513,8401706,
0.0521851,0.122803,0.971313,-0.09,0.091,-63.63,-284.087,218.214,168.552,8401751,
0.0055542,0.0543213,0.970581,-0.049,0.018,-63.63,-223.426,223,168.575,8401766,
0.0113525,0.0557251,0.963989,-0.046,0.023,-63.61,-207.149,199.984,168.613,8401811,
-0.0043335,0.0819092,1.02209,-0.073,0.017,-63.6,-143.587,127.615,168.712,8401901,
0.00653076,0.0975342,0.984863,-0.081,0.033,-63.61,-101.672,120.675,168.755,8401946,
0.0197144,0.109924,1.03748,-0.084,0.048,-63.59,-65.7631,91.8835,168.792,8401991,
0.0592651,0.124329,1.02179,-0.078,0.09,-63.58,0,69.9753,168.813,8402006,
-0.0614014,0.16571,1.01337,-0.162,-0.001,-63.54,395.179,56.8511,168.852,8402051,
-0.0266113,0.18927,1.04675,-0.163,0.04,-63.47,573.855,-94.3058,168.892,8402081,
0.00323486,0.0407715,0.967285,-0.015,0,-63.38,728.12,-95.4085,168.913,8402111,
0.119385,0.198242,1.19586,-0.095,0.168,-63.31,589.154,-172.347,168.952,8402141,
0.022522,0.211304,1.08203,-0.15,0.088,-63.24,664.695,-202.721,168.975,8402171,
0.182983,0.336426,1.05884,-0.186,0.288,-63.16,760.63,-275.482,169.012,8402201,
0.255676,0.181763,1.05322,-0.01,0.279,-63.04,740.192,-356.5,169.053,8402246,
0.108826,0.102478,0.829956,-0.01,0.118,-62.91,423.917,-514.575,169.093,8402291,
0.180542,0.0872803,1.01959,0.043,0.168,-62.89,373.246,-501.316,169.112,8402306,
0.23175,0.0714722,1.01709,0.08,0.206,-62.94,388.916,-467.104,169.152,8402352,
-0.0548706,-0.00506592,1.03687,0.017,-0.085,-62.96,335.452,-494.572,169.192,8402381,
0.150208,0.012146,1.02832,0.092,0.105,-63.05,424.908,-466.114,169.213,8402412,
0.038208,0.15332,0.933228,-0.087,0.072,-63.18,459,-457.153,169.27,8402456,
-0.115601,0.0314331,1.02167,-0.042,-0.123,-63.46,584.232,-565.563,169.349,8402546,
-0.115601,0.0314331,1.02167,-0.042,-0.123,-63.46,561.419,-641.601,169.356,8402546,
0.195984,0.0471802,1.20105,0.089,0.156,-63.52,435.91,-532.637,169.374,8402561,
0.271545,-0.0107422,0.996521,0.165,0.205,-63.66,302.147,-650.385,169.395,8402592,
-0.320007,-0.107361,0.842346,-0.014,-0.369,-64.94,31.654,-657.895,169.494,8402681,
0.194885,-0.00335693,1.01257,0.107,0.132,-65.99,31.654,-769.083,169.532,8402726,
0.152039,-0.0368652,1.15765,0.119,0.073,-67.28,31.654,-763.359,169.572,8402772,
0.122009,-0.0557251,0.944031,0.119,0.048,-67.77,0,-677.392,169.596,8402786,
0.0438843,0.0496216,0.921082,-0.012,0.012,-69.43,-105.72,-639.816,169.633,8402832,
-0.00982666,-0.0687866,0.693359,0.074,-0.067,-70.72,-162.414,-886.328,169.672,8402861,
-0.0240479,-0.113647,0.977173,0.117,-0.111,-72.16,-209.369,-878.773,169.695,8402892,
-0.239502,-0.0883789,0.744995,0.028,-0.298,-73.76,-162.636,-884.017,169.732,8402922,
-0.00811768,-0.0991821,0.891418,0.106,-0.085,-76.43,-166.553,-940.38,169.772,8402967,
0.380859,0.0516357,1.39459,0.035,0.294,-79.47,-160.038,-1001.85,169.813,8403012,
0.257629,0.115723,0.936401,-0.099,0.188,-89.24,-227.353,-988.289,169.932,8403132,
0.0888062,0.135986,0.947754,-0.123,0.015,-90.62,-286.508,-1128.6,169.953,8403147,
-0.0153198,-0.0175171,1.08704,0.034,-0.096,-92.03,-252.733,-932.488,169.972,8403162,
0.133911,0.0057373,0.710693,-0.005,0.077,-94.93,-296.353,-948.632,169.993,8403192,
0.421936,0.120178,1.30389,-0.152,0.301,-97.94,-240.142,-993.345,170.032,8403222,
0.58197,0.0344849,1.23315,-0.132,0.461,-102.62,-437.025,-996.314,170.073,8403267,
0.188965,0.176025,0.767456,-0.2,0.073,-105.85,-278.509,-1118.32,170.112,8403297,
0.0859375,0.181519,1.3927,-0.158,-0.085,-109.12,-221.877,-1212.27,170.135,8403327,
-0.21167,0.145569,0.822327,-0.025,-0.311,-112.44,-368.915,-1146.92,170.172,8403357,
0.0386353,0.287048,1.3468,-0.219,-0.198,-117.46,-340.507,-1143.97,170.212,8403402,
0.152161,0.220154,1.07458,-0.204,-0.098,-131.28,-346.278,-1026.59,170.332,8403522,
0.387695,0.358643,0.817688,-0.477,-0.024,-134.79,-421.363,-1224.66,170.354,8403552,
0.262146,0.369263,1.11688,-0.355,-0.19,-143.58,-495.798,-1005.88,170.434,8403627,
-0.184265,0.0824585,1.20111,0.194,-0.216,-147.08,-394.719,-1234.49,170.472,8403657,
-0.048645,0.247498,0.776001,-0.015,-0.264,-152.32,-515.783,-947.194,170.513,8403702,
-0.0718994,0.158142,1.11407,0.076,-0.202,-154.04,-552.044,-1086.25,170.533,8403717,
-0.0818481,0.197632,0.980896,0.079,-0.23,-159.18,-522.452,-961.723,170.573,8403762,
-0.220215,0.0881348,1.30701,0.284,-0.154,-164.26,-467.639,-515.344,170.612,8403807,
0.0454712,0.179016,1.01959,-0.013,-0.167,-165.93,-554.723,-388.214,170.634,8403822,
-0.161316,0.116516,1.12665,0.218,-0.137,-170.76,-478.332,-321.094,170.673,8403867,
-0.24939,0.177551,0.980103,0.296,-0.187,-175.27,-444.8,-262.299,170.713,8403913,
-0.309875,0.10083,0.897827,0.358,-0.107,-176.69,-572.574,-316.721,170.734,8403927,
-0.150757,0.125366,0.806763,0.194,-0.108,179.33,-470.489,-150.111,170.772,8403973,
-0.36554,0.0695801,0.891846,0.407,-0.031,177.01,-430.608,-93.194,170.813,8404002,
-0.46521,0.0374756,0.987427,0.501,0.023,175,-406.793,-88.4244,170.834,8404033,
-0.319275,0.0753174,0.970886,0.352,-0.017,173.25,-389.31,-55.798,170.873,8404062,
-0.115967,-0.0262451,0.977417,0.113,0.07,168.41,-309.296,72.9645,170.992,8404182,
-0.0858154,-0.0438843,0.949402,0.064,0.081,166.19,-253.711,171.87,171.112,8404302,
0.00402832,-0.0891113,0.960571,-0.039,0.1,165.9,-281.152,243.923,171.173,8404362,
-0.0235596,-0.0643311,1.09052,-0.007,0.079,165.84,-337.154,294.829,171.222,8404422,
-0.0235596,-0.0643311,1.09052,-0.007,0.079,165.84,-307.498,305.194,171.234,8404422,
-0.0238037,-0.177307,1.02362,-0.032,0.183,165.8,-358.957,428.881,171.279,8404468,
0.0657959,-0.254944,1.06769,-0.136,0.232,165.84,-369.816,642.096,171.301,8404498,
0.0570068,-0.172668,0.944763,-0.105,0.151,165.88,-446.598,884.799,171.342,8404528,
-0.0644531,-0.250549,1.5318,-0.002,0.23,166.23,-628.338,987.216,171.454,8404648,
-0.0422974,-0.234375,0.630859,-0.013,0.218,167.19,-669.165,1032.36,171.554,8404753,
-0.115479,-0.233215,1.13531,0.057,0.213,167.68,-693.001,1115.76,171.593,8404783,
0.256287,0.0812378,1.98523,-0.243,-0.204,168.4,-803.084,799.712,171.632,8404828,
-0.242676,0.0879517,0.803467,0.254,-0.067,168.58,-639.304,644.039,171.655,8404843,
0.0158081,0.00512695,1.35815,-0.014,-0.054,168.89,-644.434,761.615,171.693,8404888,
-0.10791,0.0377197,1.01923,0.115,-0.048,168.93,-750.019,804.635,171.732,8404918,
-0.105774,0.0830078,1.60046,0.122,-0.105,168.93,-492.017,782.075,171.772,8404963,
0.128479,0.302734,0.826599,-0.067,-0.344,168.92,-791.171,743.135,171.794,8404978,
0.0189209,0.0275879,1.01666,-0.012,-0.055,168.92,-720.929,646.099,171.833,8405023,
-0.470581,-0.0639038,1.16455,0.451,0.128,168.9,-620.174,699.301,171.875,8405068,
-0.314392,0.171631,0.793274,0.344,-0.124,168.89,-537.678,655.523,171.893,8405083,
0.097229,0.281494,0.679199,-0.039,-0.305,168.83,-635.627,570.874,171.933,8405128,
0.0376587,0.0963135,1.16107,-0.015,-0.113,168.81,-596.036,544.944,171.976,8405173,
-0.0947266,0.140503,0.739868,0.122,-0.125,168.79,-602.991,574.069,171.993,8405188,
0.0838623,0.162292,1.09229,-0.047,-0.181,168.74,-520.983,540.205,172.033,8405233,
0.0801392,0.16626,0.896667,-0.043,-0.181,168.73,-498.703,468.966,172.072,8405263,
0.0637207,0.1651,1.11603,-0.027,-0.174,168.7,-501.14,444.119,172.112,8405308,
0.0605469,0.0393677,1.12982,-0.049,-0.049,168.69,-502.866,451.743,172.136,8405323,
-0.137573,0.022644,0.89679,0.141,0.009,168.66,-489.848,478.034,172.253,8405443,
0.00195312,0.0544434,1.0957,0.01,-0.044,168.62,-430.432,374.378,172.374,8405563,
0.0507812,0.0531006,1.00116,-0.037,-0.052,168.62,-341.507,379.629,172.392,8405578,
0.0396729,-0.0311279,0.918274,-0.043,0.031,168.61,-394.781,419.024,172.413,8405608,
0.0316772,0.0866699,1.14673,-0.011,-0.079,168.58,-348.268,306.344,172.532,8405728,
0.0817261,-0.0294189,1.04822,-0.083,0.023,168.57,-407.889,336.502,172.592,8405788,
-0.107239,-0.0599365,0.903137,0.095,0.089,168.56,-376.357,353.238,172.633,8405818,
-0.0643311,0.00982666,1.08929,0.069,0.014,168.51,-344.234,365.537,172.752,8405938,
-0.000610352,-0.0803223,1.11121,-0.01,0.088,168.48,-416.138,392.203,172.813,8406014,
0.0166016,-0.125,0.924622,-0.036,0.125,168.47,-425.432,386.056,172.855,8406044,
-0.0212402,-0.00891113,0.874695,0.025,0.017,168.46,-432.685,418.445,172.892,8406089,
-0.0749512,-0.0793457,1.13141,0.065,0.098,168.46,-558.176,451.427,172.913,8406104,
0.0354004,-0.071106,0.948914,-0.04,0.064,168.44,-496.019,448.189,172.954,8406149,
0.0986938,-0.105713,0.883179,-0.108,0.082,168.39,-574.102,469.77,173.072,8406254,
-0.0239258,-0.0440063,1.28058,0.028,0.044,168.35,-668.07,560.381,173.172,8406359,
-0.0333252,-0.0157471,0.848633,0.039,0.02,168.34,-596.374,528.863,173.213,8406404,
-0.0814209,-0.0136108,0.933289,0.088,0.027,168.32,-500.726,523.738,173.233,8406434,
0.104614,-0.0148926,1.02325,-0.093,-0.008,168.28,-440.344,565.531,173.352,8406539,
-0.000610352,-0.0402222,1.11487,0.004,0.037,168.24,-600.15,554.032,173.413,8406599,
-0.121704,0.0759888,1.05499,0.147,-0.05,168.2,-583.976,565.595,173.456,8406644,
0.354858,0.0088501,1.29773,-0.33,-0.08,168.13,-473.541,513.426,173.474,8406674,
0.127319,-0.0674438,1.10229,-0.124,0.041,168,-534.588,411.133,173.512,8406704,
0.147522,0.188843,1.12817,-0.09,-0.21,167.84,-519.454,471.032,173.553,8406749,
-0.0332642,0.120361,1.13354,0.07,-0.105,167.84,-568.941,521.118,173.592,8406779,
0.102234,0.174805,1.00482,-0.051,-0.186,167.84,-491.727,473.507,173.617,8406809,
-0.0478516,-0.0758057,1.33905,0.045,0.094,167.84,-477.703,494.756,173.654,8406854,
-0.0476685,0.0610352,0.937683,0.07,-0.041,167.84,-550.782,437.044,173.692,8406884,
0.0996704,0.0214233,1.2309,-0.077,-0.03,167.83,-499.014,506.086,173.733,8406929,
0.142212,-0.000854492,0.877258,-0.128,-0.021,167.84,-506.727,455.976,173.754,8406944,
0.0270996,0.0316162,0.980286,-0.007,-0.026,167.84,-460.989,525.017,173.793,8406989,
0.0328979,-0.0110474,1.04785,-0.021,0.015,167.83,-500.739,405.869,173.832,8407019,
0.181213,0.0793457,0.902344,-0.148,-0.105,167.83,-346.53,464.091,173.854,8407049,
0.0185547,-0.0209351,0.966064,-0.009,0.028,167.83,-559.722,421.168,173.892,8407079,
-0.0770874,0.0233765,1.1413,0.096,0.007,167.83,-443.823,454.731,173.932,8407124,
-0.26178,-0.0336304,1.14862,0.266,0.102,167.81,-423.37,442.85,173.954,8407139,
-0.154602,-0.0234985,1.10449,0.162,0.07,167.82,-415.826,404.776,173.993,8407184,
0.0175781,0.110107,0.95813,0.021,-0.098,167.81,-399.744,384.571,174.037,8407229,
-0.154907,-0.0411987,0.956848,0.156,0.086,167.83,-388.5,385.483,174.072,8407259,
-0.251526,0.0932617,1.24023,0.284,-0.019,167.82,-418.384,372.481,174.092,8407289,
0.0148315,-0.0406494,1.10583,-0.006,0.054,167.82,-407.241,389.067,174.133,8407319,
0.0303955,-0.0681763,0.9375,-0.029,0.075,167.82,-401.816,350.165,174.173,8407364,
-0.170776,-0.0334473,0.92157,0.175,0.083,167.79,-434.537,367.789,174.293,8407484,
-0.00762939,0.0316772,0.977539,0.029,-0.011,167.81,-323.997,327.011,174.393,8407589,
-0.032959,0.0622559,0.990051,0.06,-0.035,167.81,-288.301,344.75,174.425,8407620,
0.0836792,0.00469971,1.05658,-0.065,0,167.83,-311.56,284.681,174.455,8407650,
0.151367,0.155029,1.0531,-0.1,-0.16,167.81,-263.685,253.489,174.492,8407680,
0.0721436,0.115662,1.16937,-0.03,-0.096,167.82,-199.852,188.759,174.614,8407815,
-0.0460815,0.0752563,0.974487,0.074,-0.035,167.82,-143.531,171.963,174.675,8407860,
-0.00994873,0.0579834,1.07025,0.036,-0.021,167.82,-133.8,135.1,174.713,8407905,
0.0318604,0.0966797,1.04657,0.003,-0.067,167.83,-130.118,111.846,174.754,8407950,
0.0519409,0.072937,0.980042,-0.022,-0.049,167.83,-91.2838,103.167,174.789,8407980,
0.041748,0.0823364,1.03699,-0.01,-0.054,167.84,-72.9698,84.4006,174.815,8408010,
-0.0380859,0.12616,0.991638,0.076,-0.08,167.84,-51.897,46.8821,174.853,8408040,
-0.0332642,0.271118,1.01013,0.1,-0.215,167.85,7.40928,-9.22463,174.895,8408085,
0.0314331,0.144775,0.979675,0.007,-0.095,167.89,195.534,-177.722,175.012,8408205,
0.0612793,0.221252,0.941772,-0.008,-0.169,168,473.171,-361.853,175.112,8408310,
-0.0112305,0.117126,1.03204,0.04,-0.044,168.03,499.127,-404.621,175.152,8408340,
0.0646973,0.182251,0.912415,-0.021,-0.128,168.09,614.779,-466.19,175.192,8408385,
0.154724,0.0147705,1.03064,-0.143,0.027,168.12,458.411,-521.023,175.233,8408430,
0.253174,0.0865479,0.945618,-0.225,-0.068,168.1,430.219,-532.042,175.256,8408445,
-0.103943,0.0463257,1.23102,0.117,0.063,167.99,423.89,-542.005,175.292,8408490,
0.271545,0.0255737,0.957275,-0.252,-0.017,167.82,419.71,-599.269,175.332,8408520,
0.0596313,0.0337524,0.797363,-0.041,0.006,167.56,473.126,-530.377,175.356,8408550,
0.0775757,0.0928955,1.19818,-0.042,-0.028,167.34,550.343,-580.568,175.392,8408580,
-0.0067749,-0.0667725,1.11169,0.004,0.137,166.93,486.358,-661.704,175.432,8408625,
0.322327,-0.026062,1.1123,-0.306,0.023,166.76,518.914,-672.111,175.452,8408640,
0.251953,0.00256348,1.13904,-0.23,0.004,165.3,473.642,-700.501,175.573,8408760,
0.0337524,0.123718,1.18884,0.015,-0.055,163.25,511.352,-893.336,175.703,8408896,
-0.417664,-0.0420532,0.744507,0.395,0.207,163.02,527.412,-788.022,175.713,8408910,
0.247437,0.0288696,1.13971,-0.218,-0.032,162.79,408.513,-828.844,175.732,8408925,
-0.0425415,-0.268738,1.23883,-0.025,0.341,162.23,230.851,-861.03,175.758,8408956,
0.282776,-0.124268,1.13629,-0.289,0.091,161.43,66.9319,-870.663,175.794,8408985,
0.232117,-0.20874,1.26813,-0.261,0.182,159.87,66.9319,-823.079,175.834,8409030,
0.445801,-0.124878,1.13739,-0.431,0.01,158.58,66.9319,-952.653,175.873,8409060,
0.328857,-0.112915,1.2149,-0.307,0.029,156.33,66.9319,-901.876,175.913,8409105,
0.188171,-0.0964355,1.26367,-0.164,0.061,153.81,66.9319,-789.889,175.952,8409150,
0.0651855,-0.0284424,0.825745,-0.038,0.032,152.03,66.9319,-868.697,175.993,8409180,
0.0125122,-0.088562,0.793762,-0.022,0.106,149.19,-2.06982,-775.194,176.033,8409226,
0.498535,0.062439,1.13379,-0.342,-0.263,148.2,-24.8842,-856.238,176.053,8409241,
0.0477905,0.024353,0.892517,0.013,-0.005,145.16,-86.9739,-873.21,176.094,8409286,
0.184204,0.116577,1.06366,-0.027,-0.153,141.87,-125.316,-767.666,176.133,8409331,
0.199646,0.0846558,1.12524,-0.049,-0.138,138.36,-155.875,-958.405,176.176,8409376,
0.24292,0.131104,0.966003,-0.047,-0.212,135.93,-157.989,-759.417,176.212,8409406,
0.151367,0.0969238,0.866333,-0.006,-0.129,134.7,-175.803,-856.054,176.233,8409421,
-0.0100708,0.0823975,0.966064,0.099,0.008,130.88,-267.287,-886.643,176.279,8409466,
0.154846,0.244263,1.24622,0.136,-0.195,126.89,-226.495,-864.267,176.313,8409511,
-0.0213013,0.0600586,0.668213,0.077,0.025,124.12,-261.52,-801.186,176.353,8409541,
0.111755,0.23291,1.33728,0.171,-0.123,119.85,-232.288,-931.489,176.393,8409586,
-0.175842,-0.0465698,0.57135,0.052,0.215,118.38,-155.237,-860.993,176.414,8409601,
0.0266724,0.307739,1.11108,0.282,-0.067,113.9,-225.332,-819.135,176.453,8409646,
0.15448,0.182922,0.833557,0.123,-0.142,109.25,-294.764,-819.236,176.492,8409691,
0.25,0.356873,0.944031,0.271,-0.262,106.05,-294.074,-754.518,176.533,8409721,
-0.0718994,0.279419,1.01123,0.277,0.1,101.12,-263.13,-738.825,176.572,8409766,
0.232605,0.312073,1.16772,0.253,-0.183,99.47,-291.286,-892.299,176.593,8409781,
0.595581,0.283936,0.969055,0.214,-0.534,94.44,-276.117,-890.869,176.632,8409826,
-0.271118,0.205017,0.955017,0.17,0.351,89.34,-343.773,-946.163,176.674,8409871,
-0.234619,0.251404,1.05542,0.203,0.329,87.63,-250.025,-901.144,176.695,8409886,
0.152344,0.309631,1.11139,0.277,-0.026,82.55,-313.229,-964.46,176.733,8409931,
0.0326538,0.252625,1.00391,0.203,0.088,79.17,-309.363,-919.244,176.772,8409961,
0.105713,0.330078,0.712402,0.305,0.029,75.79,-258.702,-808.996,176.793,8409991,
0.0440063,0.228027,0.911743,0.174,0.088,72.43,-304.892,-753.182,176.832,8410021,
0.145569,0.409424,1.05518,0.359,0.09,67.35,-328.893,-851.752,176.874,8410066,
0.0526123,0.253479,0.885071,0.188,0.109,65.66,-299.15,-916.8,176.894,8410081,
0.248047,0.430969,1.10339,0.408,0.055,60.59,-326.829,-860.141,176.933,8410126,
0.0330811,0.343445,1.14343,0.203,0.219,55.52,-341.81,-922.339,176.973,8410171,
-0.153931,0.156738,0.997192,-0.051,0.26,53.83,-315.343,-986.242,176.996,8410186,
0.0863037,0.334778,1.29309,0.187,0.204,48.77,-333.751,-861.104,177.032,8410231,
-0.062561,0.341797,1.0379,0.1,0.317,45.41,-315.642,-785.731,177.073,8410261,
0.0485229,0.262451,1.2995,0.08,0.196,40.49,-311.808,-920.09,177.112,8410306,
-0.177795,0.592407,1.39398,0.064,0.6,35.71,-268.489,-563.555,177.153,8410351,
-0.0168457,0.0965576,0.963074,-0.053,0.091,32.75,-318.695,-538.88,177.192,8410381,
-0.310608,0.141357,0.811157,-0.272,0.275,29.92,-260.108,-385.661,177.212,8410411,
-0.233582,0.133118,1.21661,-0.252,0.216,27.26,-258.937,-417.667,177.253,8410441,
0.205322,0.104431,1.18781,0.143,0.005,18.43,-203.662,-342.231,177.373,8410561,
-0.429382,0.0772095,0.831299,-0.445,0.169,15.79,-202.554,-252.15,177.412,8410606,
0.0704956,0.0872192,0.981323,0.029,0.037,15,-175.308,-235.649,177.434,8410621,
-0.11615,0.133362,1.13184,-0.144,0.119,12.88,-113.891,-197.623,177.474,8410666,
-0.0927734,0.0442505,0.845703,-0.123,0.032,11.12,-104.926,-204.188,177.512,8410711,
-0.156311,0.146545,1.20197,-0.182,0.131,10.62,-103.197,-165.631,177.533,8410726,
0.298706,0.168884,1.54944,0.264,0.06,9.43,-71.9971,-146.408,177.574,8410772,
-0.225159,0.0839844,1.36957,-0.251,0.064,8.64,-38.4659,-104.853,177.624,8410817,
-0.377563,-0.0065918,1.08063,-0.405,0.008,8.46,-38.4659,-77.6524,177.638,8410832,
-0.0401001,-0.0744629,0.87146,-0.071,-0.102,8.24,-21.9967,-46.5282,177.673,8410862,
-0.109314,-0.0585938,0.734802,-0.13,-0.07,8.18,26.8378,-30.5757,177.712,8410907,
0.00396729,-0.00372314,1.0451,-0.017,-0.043,8.18,21.0211,-30.5757,177.734,8410922,
-0.0127563,-0.0439453,0.986755,-0.039,-0.076,8.19,13.5908,-30.5757,177.773,8410967,
0.0304565,0.00726318,1.02667,0.009,-0.031,8.19,13.5908,-30.5757,177.815,8411012,
0.026001,0.0145874,1.02985,0.005,-0.023,8.19,3.92612,-30.5757,177.833,8411027,
0.0278931,0.0142822,1.00189,0.008,-0.022,8.19,-3.49899,-30.5757,177.875,8411072,
0.0227051,0.024231,1.01569,0.003,-0.011,8.19,-7.85379,-30.5757,177.917,8411117,
0.0273438,0.0244141,1.01526,0.008,-0.012,8.19,-10.4276,-1.98119,177.934,8411132,
0.0262451,0.0257568,1.01849,0.007,-0.01,8.18,-9.83978,0,177.973,8411162,
0.0154419,0.0202637,1.01227,-0.004,-0.013,8.18,-7.15441,3.14458,178.013,8411207,
0.0692749,0.0129395,1.01013,0.047,-0.028,8.18,-7.15441,25.9423,178.033,8411222,
-0.0247192,-0.0621948,1.05005,-0.056,-0.089,8.2,-5.83137,45.1207,178.074,8411267,
-0.0625,-0.0529175,1.0835,-0.091,-0.072,8.3,-24.3828,78.1708,178.112,8411312,
0.0996094,-0.0792847,0.959229,0.067,-0.117,8.32,-45.455,118.54,178.134,8411327,
-0.0687866,-0.0636597,1.02277,-0.096,-0.076,8.49,-63.3204,176.999,178.174,8411372,
0.019043,-0.0824585,1.01666,-0.011,-0.106,8.67,-87.647,248.253,178.212,8411402,
-0.0286865,-0.0593262,1.04114,-0.055,-0.074,8.86,-99.0756,320.991,178.233,8411432,
-0.0688477,-0.0474854,1.07159,-0.091,-0.053,9.25,-138.558,376.442,178.28,8411477,
0.00805664,-0.0402832,1.06787,-0.013,-0.057,9.57,-135.162,393.182,178.312,8411507,
0.00177002,-0.0437012,0.979065,-0.017,-0.053,10.94,-171.471,456.527,178.414,8411612,
-0.214233,-0.0342407,1.02649,-0.228,0.008,12.59,-240.018,449.357,178.533,8411732,
0.0534058,-0.0256958,1.21301,0.036,-0.038,14.43,-365.437,738.989,178.654,8411852,
-0.239502,-0.0438232,1.01324,-0.25,0.019,14.7,-302.558,788.115,178.674,8411867,
0.0369263,-0.0394287,1.06091,0.018,-0.046,14.98,-389.385,966.557,178.692,8411882,
-0.093811,-0.0889893,0.604797,-0.113,-0.052,17.99,-403.136,1150.02,178.812,8412002,
-0.163452,0.0366821,0.710999,-0.129,0.102,22.66,-361.762,1300.64,178.944,8412138,
0.258911,-0.0319824,0.503723,0.229,-0.132,24.4,-414.259,1204.67,178.993,8412182,
-0.435303,-0.00512695,1.21167,-0.376,0.199,26.22,-452.847,1104.79,179.033,8412227,
0.0835571,-0.00762939,0.921936,0.073,-0.038,30.5,-525.32,684.392,179.152,8412347,
0.395752,-0.0507812,0.747253,0.306,-0.24,31.72,-626.606,605.052,179.213,8412408,
0.406921,0.244812,1.14276,0.462,0.009,32.14,-496.919,626.802,179.252,8412453,
0.0335083,0.11731,1.16248,0.072,0.101,32.18,-581.818,527.134,179.293,8412483,
0.271667,0.074585,1.08594,0.252,-0.065,32.18,-418.471,523.876,179.314,8412513,
0.0778809,0.133972,1.01715,0.121,0.087,32.17,-485.143,481.684,179.352,8412543,
0.207397,0.184814,0.959351,0.257,0.057,32.16,-502.576,529.829,179.393,8412588,
-0.0248413,0.124207,1.23352,0.02,0.132,32.16,-419.234,560.664,179.433,8412633,
0.158081,0.00512695,1.04596,0.116,-0.068,32.16,-438.953,481.244,179.452,8412648,
0.0629272,0.0384521,1.0415,0.05,0.006,32.15,-345.662,363.881,179.555,8412753,
0.0568848,0.0654297,1.02362,0.057,0.028,32.14,-328.272,299.603,179.672,8412873,
0.0205078,0.0403442,0.969604,0.014,0.025,32.14,-281.401,293.07,179.694,8412888,
0.0360718,0.15802,0.906128,0.09,0.114,32.12,-288.292,284.714,179.732,8412933,
0.024292,0.133179,1.03003,0.063,0.097,32.12,-210.13,264.634,179.753,8412948,
-0.000610352,0.129578,1.01099,0.038,0.106,32.13,-218.582,223.699,179.793,8412993,
-0.17804,0.131592,1.15784,-0.115,0.199,32.11,-161.619,186.649,179.832,8413023,
0.0587158,0.0856323,0.964233,0.065,0.035,32.12,-150.681,166.255,179.853,8413038,
0.126099,0.119507,1.00244,0.138,0.025,32.13,-144.68,140.907,179.892,8413083,
-0.00109863,0.0949097,1.02759,0.015,0.07,32.12,-116.513,115.298,179.933,8413128,
0.0270996,0.0814819,1.00122,0.032,0.043,32.13,-91.33,102.123,179.952,8413143,
0.0280151,0.0552979,1.0083,0.018,0.019,32.12,-66.3174,71.1013,179.992,8413188,
0.0388184,0.071167,1.01709,0.035,0.026,32.12,-51.0689,51.455,180.032,8413218,
-0.00842285,0.0895386,1.01501,0.004,0.066,32.12,-42.7454,42.1298,180.053,8413248,
0.0262451,0.0650635,1.02527,0.019,0.025,32.12,-29.5264,29.3361,180.093,8413293,
0.00823975,0.0454102,1.02386,-0.006,0.018,32.14,-19.7902,42.9233,180.132,8413323,
0.0247803,0.0181274,1.00574,-0.006,-0.012,32.14,-19.7902,33.3931,180.154,8413353,
0.0247192,0.0107422,1.02924,-0.011,-0.019,32.13,-19.7902,26.2045,180.192,8413383,
0.0229492,0.00170898,1.01672,-0.016,-0.024,32.13,-19.7902,26.2045,180.232,8413428,
0.0289307,0.00378418,1.01373,-0.01,-0.025,32.13,-19.7902,26.2045,180.254,8413443,
0.00952148,-6.10352e-05,1.00739,-0.028,-0.017,32.13,-19.7902,26.2045,180.293,8413488,
0.0274658,0.0106201,1.01843,-0.007,-0.018,32.13,-19.7902,26.2045,180.333,8413519,
0.0223389,0.00701904,1.01801,-0.013,-0.017,32.13,-19.7902,26.2045,180.353,8413548,
0.0324707,0.0098877,1.01385,-0.003,-0.02,32.13,-19.7902,26.2045,180.392,8413579,
0.0213013,0.00469971,1.0097,-0.014,-0.018,32.13,-19.7902,26.2045,180.433,8413623,
0.0257568,0.00933838,1.01318,-0.008,-0.016,32.13,-19.7902,26.2045,180.454,8413653,
0.0165405,0.00238037,1.01825,-0.019,-0.016,32.14,-19.7902,84.2481,180.492,8413683,
-0.0828857,-0.148743,0.940918,-0.178,-0.089,32.24,0,128.642,180.532,8413728,
-0.0593872,-0.122437,0.993652,-0.143,-0.079,32.35,0,158.736,180.552,8413743,
-0.09552,-0.10144,0.996826,-0.157,-0.039,32.79,-18.5418,221.445,180.592,8413788,
-0.0470581,-0.0567017,0.996399,-0.088,-0.026,33.4,-55.9012,246.588,180.635,8413833,
-0.00958252,-0.0388184,0.991882,-0.046,-0.031,33.62,-65.3166,262.715,180.654,8413848,
-0.00598145,-0.0663452,1.04596,-0.053,-0.051,35.87,-134.178,362.897,180.774,8413969,
0.0377808,-0.0595703,0.964233,-0.012,-0.07,36.87,-155.922,388.274,180.823,8414014,
0.183594,-0.0967407,1.09906,0.079,-0.188,37.56,-169.532,393.492,180.853,8414044,
-0.0810547,-0.00738525,1.10565,-0.073,0.046,38.61,-194.154,451.314,180.892,8414089,
-0.0200195,0.0238037,0.854919,-0.004,0.032,39.33,-215.808,392.395,180.932,8414119,
-0.0022583,-0.0358276,1.09253,-0.029,-0.023,40.05,-180.385,426.721,180.953,8414149,
0.0245972,-0.0249023,1.02704,-0.001,-0.032,40.77,-196.011,416.962,180.992,8414179,
0.21814,-0.0580444,0.9245,0.12,-0.185,41.84,-211.642,436.262,181.032,8414224,
0.0608521,-0.02771,0.871399,0.023,-0.057,42.18,-217.972,471.109,181.053,8414239,
0.0266113,0.00616455,1.02618,0.019,-0.007,43.16,-237.945,511.339,181.093,8414284,
0.163635,-0.0599365,1.06183,0.071,-0.148,44.08,-274.699,489.572,181.132,8414329,
-0.112305,-0.0106812,0.824524,-0.091,0.078,44.37,-304.864,475.455,181.152,8414344,
0.0149536,-0.031189,0.816895,-0.016,-0.023,45.18,-308.071,491.92,181.193,8414389,
-0.139526,-0.0227661,0.952759,-0.12,0.095,45.66,25.1229,528.905,181.232,8414419,
-0.108398,0.0950317,0.832153,-0.012,0.152,46.19,372.301,445.186,181.252,8414449,
-0.159851,0.152893,1.06665,-0.006,0.225,47.2,723.458,425.876,181.296,8414494,
-0.123657,0.104187,0.827454,-0.014,0.159,48.05,903.057,458.789,181.333,8414524,
-0.296509,0.204346,1.09705,-0.054,0.35,49.09,870.89,429.729,181.354,8414554,
-0.17157,0.134399,0.830505,-0.018,0.207,50.27,887.272,431.304,181.398,8414584,
-0.214783,0.113708,1.09943,-0.06,0.22,52.31,744.186,433.445,181.431,8414629,
-0.0540161,0.0737915,1.06128,0.009,0.064,53.81,1055.58,501.807,181.463,8414659,
-0.0010376,0.0012207,1.0387,-0.018,-0.024,55.41,1124.29,440.18,181.493,8414689,
-0.253906,0.128296,1.01239,-0.05,0.255,57.12,1226.54,432.161,181.533,8414719,
-0.147339,0.255981,1.1723,0.118,0.223,58.94,1132.63,419.815,181.556,8414749,
-0.106567,0.0211182,1.19452,-0.06,0.064,60.86,974.801,524.728,181.592,8414779,
0.0380249,0.0324707,1.31287,0.016,-0.064,63.9,1008.01,473.799,181.633,8414824,
-0.187927,0.00866699,1.06598,-0.096,0.138,64.93,914.202,389.226,181.654,8414839,
0.0968018,0.162231,1.16333,0.16,-0.07,68.11,861.623,439.57,181.693,8414884,
0.0491333,0.300476,0.866089,0.279,0.015,71.38,745.129,444.188,181.732,8414929,
-0.184814,0.11908,1.17896,0.03,0.161,73.72,507.524,408.689,181.773,8414960,
-0.369385,0.0368042,0.797546,-0.069,0.332,77.38,557.46,446.558,181.808,8415004,
-0.274841,0.121887,0.778076,0.04,0.256,78.63,376.612,412.32,181.832,8415020,
-0.263062,0.223877,1.13654,0.148,0.234,82.53,551.739,376.939,181.872,8415064,
-0.276611,0.165039,0.743347,0.114,0.253,85.2,707.99,403.543,181.9,8415094,
0.134949,0.188049,1.08698,0.15,-0.182,87.96,720.877,515.411,181.932,8415124,
-0.0419922,0.153259,0.790833,0.122,-0.004,92.22,845.416,387.484,181.973,8415169,
-0.0333862,0.100037,1.11151,0.056,-0.029,93.67,810.57,369.413,181.993,8415184,
0.0443115,0.108765,0.970093,0.06,-0.106,98.03,826.344,476.951,182.034,8415229,
-0.282043,0.100891,0.83551,0.115,0.216,100.97,761.528,500.225,182.072,8415260,
0.0323486,0.0893555,0.798035,0.042,-0.09,103.91,841.751,473.687,182.092,8415289,
0.0667114,0.0928955,0.822205,0.031,-0.128,106.85,992.457,508.259,182.132,8415320,
-0.129883,0.0654907,0.543274,0.08,0.076,109.79,742.39,476.622,182.155,8415349,
0.132874,0.221436,1.25977,0.088,-0.263,114.15,950.841,520.833,182.197,8415394,
-0.356567,0.11792,0.644531,0.229,0.244,115.6,942.152,512.374,182.218,8415409,
0.140137,0.236694,1.17255,0.077,-0.284,119.88,973.094,570.581,182.253,8415454,
-0.105469,0.183411,0.909729,0.163,-0.043,122.76,713.929,590.145,182.292,8415484,
0.0603027,0.152405,1.16315,0.021,-0.177,127.1,739.7,523.615,182.334,8415529,
-0.0593262,0.113892,1.02441,0.069,-0.056,128.54,746.77,486.015,182.353,8415545,
0.124512,0.178223,1.25507,-0.023,-0.247,132.84,796.242,562.398,182.393,8415590,
0.0940552,0.212341,1.04321,0.017,-0.244,137.07,842.283,494.12,182.434,8415635,
0.18396,0.178894,0.949585,-0.072,-0.278,138.46,918.442,530.518,182.453,8415650,
0.199524,0.0570068,1.06378,-0.178,-0.191,141.23,872.867,540.161,182.492,8415680,
-0.208435,0.102173,0.8302,0.185,0.02,145.31,653.019,682.967,182.532,8415725,
-0.0979614,0.0743408,1.30023,0.053,-0.029,146.65,890.472,617.532,182.553,8415740,
-0.034668,0.112732,0.897339,0.039,-0.093,150.6,812.48,569.671,182.593,8415785,
0.537842,0.360474,1.00049,-0.377,-0.566,154.37,743.965,527.315,182.633,8415830,
0.416443,0.111389,0.783569,-0.369,-0.279,155.58,751.287,528.29,182.654,8415845,
0.305847,0.190063,1.51892,-0.283,-0.293,159.03,739.262,560.79,182.692,8415890,
0.210266,0.0153809,0.559753,-0.218,-0.083,161.23,828.26,466.548,182.733,8415920,
0.0936279,0.0217285,0.598877,-0.108,-0.048,163.37,839.807,473.754,182.755,8415950,
-0.401062,0.109985,1.14069,0.369,-0.006,165.46,674.65,484.637,182.792,8415980,
-0.0767212,0.0668335,0.709839,0.059,-0.048,168.57,721.475,459.749,182.832,8416025,
0.230164,0.175598,1.0484,-0.237,-0.211,169.6,768.462,438.02,182.853,8416040,
0.0496216,0.195557,1.05682,-0.067,-0.195,172.64,763.097,411.091,182.893,8416085,
-0.258484,0.219849,1.75391,0.206,-0.188,175.63,785.145,455.56,182.933,8416130,
-0.22229,0.0440674,0.776978,0.195,-0.025,176.62,835.038,462.759,182.954,8416145,
0.332275,0.17218,1.35962,-0.381,-0.162,179.55,710.026,439.126,182.992,8416190,
0.0628052,0.1297,0.792786,-0.093,-0.119,-178.51,654.193,365.885,183.034,8416220,
-0.247009,0.0567627,0.920959,0.212,-0.06,-176.59,693.987,343.743,183.054,8416250,
0.0782471,0.0930176,0.757141,-0.111,-0.075,-174.71,803.665,421.799,183.093,8416280,
0.0388184,0.139771,1.08301,-0.091,-0.116,-171.9,592.452,383.458,183.133,8416325,
0.187012,-0.0022583,0.896423,-0.21,0.045,-170.97,663.02,354.503,183.153,8416340,
-0.16626,0.0346069,0.909729,0.13,-0.052,-168.19,739.7,450.481,183.195,8416385,
-0.00805664,0.0959473,0.94989,-0.04,-0.077,-165.42,739.317,382.124,183.232,8416430,
0.0367432,0.0968018,1.04865,-0.086,-0.064,-164.51,765.082,398.248,183.253,8416445,
0.0957031,0.157898,1.17035,-0.166,-0.096,-161.77,701.853,381.57,183.292,8416490,
-0.00262451,0.198303,1.01294,-0.086,-0.165,-159.91,591.226,323.217,183.332,8416521,
-0.097168,0.267151,0.907776,-0.027,-0.26,-157.95,431.165,366.381,183.354,8416550,
-0.0822144,0.232971,1.31488,-0.044,-0.205,-155.84,469.274,359.783,183.393,8416581,
-0.232178,0.233154,1.09912,0.079,-0.272,-152.54,490.04,321.662,183.433,8416625,
0.193726,0.230042,1.28406,-0.304,-0.05,-150.23,400.786,318.284,183.455,8416655,
-0.0137329,0.139954,0.830688,-0.077,-0.089,-147.86,510.295,281.203,183.493,8416685,
-0.0140381,0.226013,1.00537,-0.137,-0.144,-144.13,637.206,314.733,183.534,8416730,
0.328003,0.182556,0.862366,-0.386,0.094,-142.84,566.781,355.499,183.552,8416745,
-0.179993,0.12793,0.996338,0.038,-0.163,-138.86,669.523,307.39,183.593,8416790,