accel_x,accel_y,accel_z,gyro_x,gyro_y,gyro_z,mag_x,mag_y,mag_z,left_encoder_rate,right_encoder_rate,t0,t1
0.0721436,-0.280396,0.825256,-5.62881,8.36716,-18.8641,1346.65
0.0721436,-0.280396,0.825256,-5.62881,8.36716,-18.8641,1346.66
0.122925,-0.211853,0.619263,23.5802,-7.75864,-20.2333,1346.68
-0.321045,-0.174561,0.903748,-8.67142,1.5213,-21.1461,1346.7
-0.14386,-0.110779,1.06903,19.4727,7.15012,-23.428,1346.72
0.0548096,-0.153992,0.980591,-2.28195,4.25964,-21.6025,1346.74
0.0506592,-0.144104,0.711426,15.9737,-3.49899,-23.1238,1346.76
-0.304626,-0.178955,0.93457,-4.10751,1.36917,-21.2982,1346.78
0.602783,-0.118408,1.28326,-4.5639,-5.93307,-19.7769,1346.8
-0.391113,0.0161743,0.827942,10.8012,2.12982,-22.6674,1346.82
0.0878906,-0.0908203,0.881531,3.95538,-4.10751,-24.9493,1346.84
0.181641,-0.121155,0.877625,-0.760651,-5.17242,-20.5376,1346.86
0.0581665,-0.0314331,1.3158,3.95538,-4.86816,-21.7546,1346.88
0.267212,-0.0481567,0.848389,13.3875,-1.36917,-17.7992,1346.9
-0.239502,-0.14917,0.786743,5.32455,8.21503,-18.712,1346.92
-0.0170288,0.0529175,0.877808,2.73834,-9.5842,-17.1907,1346.94
0.292725,0.0973511,1.19598,-12.4747,-0.45639,-16.2779,1346.96
0.0919189,0.0613403,1.18365,-11.8661,-7.15012,-15.0609,1346.98
-0.0240479,-0.0820923,0.786316,16.8864,6.5416,-15.6694,1347
-0.245117,-0.057373,0.931885,0.912781,-3.65112,-14.7566,1347.02
-0.0942383,0.0144043,0.827515,-4.71603,0.912781,-14.6045,1347.04
-0.233093,0.248474,1.07379,-1.06491,0.608521,-9.43207,1347.06
-0.0455933,0.00830078,1.09839,-2.43408,-4.41177,-4.86816,1347.08
-0.0415039,-0.024231,0.858826,2.89047,-1.82556,-4.25964,1347.1
-0.198547,0.19812,1.086,-6.99799,-6.08521,-5.47668,1347.12
0.343201,-0.0664673,1.08051,1.97769,1.06491,-3.65112,1347.14
-0.095459,0.0372925,0.686646,7.15012,2.43408,-6.99799,1347.16
-0.207275,0.0436401,1.02087,3.80325,1.97769,-4.71603,1347.18
0.208313,0.0344238,0.989563,-2.43408,-4.10751,-6.5416,1347.2
-0.0488892,0.161255,1.04913,-9.27994,-5.47668,-5.78094,1347.22
-0.264526,-0.00299072,0.948181,8.21503,4.41177,-5.17242,1347.24
-0.0247803,0.0480957,0.660217,-0.45639,-7.60651,-3.95538,1347.26
-0.104431,0.0142822,0.938232,1.97769,3.34686,-4.41177,1347.28
0.024292,0.109192,0.895996,-1.36917,-0.760651,-6.69373,1347.3
0.120789,-0.0620117,1.03662,0.45639,0.608521,-4.41177,1347.32
0.0602417,-0.113708,0.830383,8.0629,1.82556,-4.71603,1347.34
0.174744,0.16687,0.940308,1.06491,-0.760651,-4.25964,1347.36
0.30835,-0.0687866,0.791077,4.5639,2.89047,-5.78094,1347.38
0.0748901,-0.0394897,0.783203,1.97769,-2.58621,-5.93307,1347.4
0.0975952,0.233215,1.14209,-2.28195,-0.45639,-3.80325,1347.42
-0.00250244,-0.017334,0.750854,4.5639,4.41177,-4.71603,1347.44
0.181152,-0.00634766,0.9328,1.36917,-5.02029,-5.17242,1347.46
0.0545654,0.184387,1.20172,-3.0426,-3.0426,-5.32455,1347.48
-0.0899048,-0.0565796,0.623901,-1.06491,-10.8012,-7.30225,1347.5
0.00158691,0.0176392,0.90033,-5.47668,-1.82556,-7.45438,1347.52
0.151062,0.0647583,0.915833,7.91077,0.45639,-6.84586,1347.54
-0.326416,0.0507202,0.864197,-2.89047,5.47668,-8.21503,1347.56
-0.0237427,0.0752563,0.793274,-0.760651,2.12982,-7.45438,1347.59
0.0620728,0.0703125,1.39539,-3.0426,-6.08521,-6.84586,1347.6
-0.0559692,0.0268555,0.473755,3.34686,1.97769,-7.91077,1347.62
0.0390625,0.0459595,0.779175,4.25964,8.51929,-7.15012,1347.64
-0.179749,0.236633,1.65118,-3.65112,-3.49899,-6.84586,1347.66
-0.0337524,0.0523071,0.803162,2.73834,13.5396,-8.21503,1347.68
-0.0460205,0.0908813,0.892456,2.89047,8.0629,-10.497,1347.7
-0.10791,0.0045166,1.17896,-0.912781,-8.67142,-6.69373,1347.72
-0.151855,0.125977,0.962769,4.71603,4.41177,-9.12781,1347.74
-0.0496826,0.0365601,0.679321,5.32455,6.5416,-9.5842,1347.76
-0.132874,-0.0664673,1.06958,-0.760651,-3.65112,-6.84586,1347.78
0.00714111,-0.0467529,0.868103,-3.19473,-1.21704,-7.45438,1347.8
-0.0792236,0.0380249,1.07422,1.36917,3.0426,-8.0629,1347.82
0.0162354,0.0646973,0.890808,1.21704,-1.36917,-7.15012,1347.84
0.0670166,-0.00390625,1.14142,-10.3448,-4.71603,-5.02029,1347.86
0.193237,-0.0799561,1.14337,-6.23734,-4.10751,-6.84586,1347.88
0.202759,0.0619507,0.85968,2.43408,1.36917,-7.75864,1347.9
0.0151978,0.135681,1.00238,-3.34686,-6.99799,-10.0406,1347.92
0.108521,-0.0866089,0.641541,2.89047,-7.60651,-11.714,1347.94
0.198792,0.0931396,1.34326,-6.5416,-8.82355,-15.213,1347.96
0.25824,0.00842285,0.742615,7.30225,-1.06491,-10.497,1347.98
0.178162,0.0117188,0.941284,3.80325,4.86816,-6.5416,1348
-0.483887,-0.0724487,0.745605,3.34686,15.6694,-9.73633,1348.02
-0.09729,0.202515,1.15479,-7.15012,2.28195,-7.15012,1348.04
-0.0155029,0.0809937,0.737244,2.28195,-1.5213,-2.43408,1348.06
0.0792847,-0.0621338,0.931213,-3.80325,-4.71603,-0.45639,1348.08
0.0877075,0.122192,0.934082,-1.67343,-1.97769,-0.45639,1348.1
0.171326,0.0438232,0.89093,-1.97769,3.34686,-1.67343,1348.12
-0.141663,0.0446167,1.07623,-4.86816,4.25964,-0.760651,1348.14
0.128601,0.0805664,1.12054,1.06491,2.43408,-1.5213,1348.16
0.0294189,0.102112,1.22961,-17.3428,-3.34686,0.30426,1348.18
-0.102417,0.115173,0.930115,8.36716,0.912781,-0.15213,1348.2
0.0466309,-0.036438,0.735962,0.45639,-4.86816,-0.45639,1348.22
-0.0297241,0.0319824,0.711792,12.3225,-0.760651,8.82355,1348.24
0.288574,0.162537,1.18195,-12.4747,1.5213,3.0426,1348.26
0.0513916,0.115234,0.891602,5.47668,4.41177,-3.65112,1348.28
-0.0125122,0.121277,0.925903,3.0426,0.45639,1.06491,1348.3
0.0175171,0.0836182,0.880798,-1.5213,-1.82556,0.760651,1348.32
0.0139771,0.118103,1.06097,3.0426,2.58621,-0.45639,1348.34
-0.059021,0.171814,1.10797,-2.73834,1.97769,-0.30426,1348.36
0.0653076,0.112549,0.828552,0.15213,7.91077,1.67343,1348.38
0.181885,0.101196,0.943665,-4.10751,2.73834,3.34686,1348.4
-0.0847168,0.267273,0.836609,1.21704,1.36917,0.760651,1348.42
0.198975,0.0892334,1.12195,-3.65112,-3.0426,1.82556,1348.44
0.0345459,0.0791016,0.81134,4.10751,5.32455,-1.97769,1348.46
0.0421753,0.151428,0.979248,1.36917,0.45639,1.06491,1348.48
0.0684814,0.163086,0.823059,-0.45639,-1.67343,-1.67343,1348.5
-0.17981,0.324585,1.05817,-0,-4.10751,-3.65112,1348.52
-0.026001,0.288391,1.0993,-1.82556,1.36917,11.714,1348.54
-0.0332642,0.223938,0.850403,4.41177,0.608521,10.0406,1348.56
0.0123291,0.262451,1.05414,-2.58621,-1.5213,10.0406,1348.58
-0.124817,0.141052,1.04309,1.82556,-1.67343,19.929,1348.6
-0.210083,0.133057,0.913391,1.97769,0.15213,29.6654,1348.62
-0.0339355,0.0882568,0.935059,0.15213,-0.608521,36.3591,1348.64
-0.215027,0.0978394,0.959167,0.912781,-0.45639,42.9007,1348.66
-0.143555,0.101318,0.974182,0.760651,-0.30426,48.3774,1348.68
-0.0897217,0.0956421,0.894348,1.97769,-0.15213,51.7242,1348.7
-0.132874,0.0881348,0.9104,1.36917,-1.36917,64.1989,1348.72
-0.177856,0.1297,0.934692,1.06491,0.15213,70.132,1348.74
-0.116333,0.0936279,0.940796,0.15213,-0.45639,75.3044,1348.76
-0.124756,0.0286865,0.91156,3.0426,-1.5213,92.343,1348.78
-0.159058,0.0756226,0.878296,2.28195,-2.89047,99.7974,1348.8
-0.234863,0.0619507,1.01892,1.82556,-2.43408,107.1,1348.82
-0.0376587,0.0557251,0.976318,1.5213,-1.67343,118.966,1348.84
-0.16864,0.0562134,0.999451,5.17242,0.30426,123.378,1348.86
-0.159668,0.0823975,1.02362,3.80325,-0.30426,128.702,1348.88
-0.114563,0.0751953,0.905273,1.97769,-1.82556,139.047,1348.9
-0.16864,0.139221,1.04901,7.60651,1.82556,142.698,1348.92
-0.178345,0.0668335,1.04596,3.19473,-1.5213,150.457,1348.95
-0.1073,0.0634155,0.879089,4.71603,-2.89047,153.195,1348.96
-0.0531616,0.0803833,0.926941,3.49899,-2.43408,158.52,1348.98
-0.179504,0.15332,0.986511,4.5639,1.06491,162.627,1349
-0.071106,0.108704,1.02252,3.34686,-1.06491,169.929,1349.02
-0.157776,0.234436,1.01202,6.23734,-0,170.234,1349.04
-0.153381,0.199585,1.00171,4.5639,2.28195,173.276,1349.06
-0.0100098,0.205261,1.00232,9.27994,-0.912781,176.167,1349.08
-0.0762329,0.168945,0.874573,4.86816,-5.47668,177.84,1349.1
0.00341797,0.160156,1.03564,2.28195,-0.15213,179.514,1349.12
-0.0265503,0.137146,0.895691,5.17242,-0.760651,185.751,1349.14
-0.119995,0.186584,1.10663,4.25964,-1.5213,186.512,1349.16
-0.0216064,0.158203,1.04663,2.58621,-1.36917,190.619,1349.18
-0.151917,0.200745,0.992798,6.69373,3.34686,191.532,1349.2
0.221069,0.131958,0.761475,8.51929,2.58621,193.51,1349.22
-0.115112,0.256653,1.22467,-0.15213,-1.06491,197.617,1349.24
0.113037,0.0753174,0.762512,4.86816,2.28195,200.66,1349.26
0.450195,0.171936,0.999451,8.82355,5.47668,202.637,1349.28
-0.408997,0.233887,0.83844,9.88846,-3.0426,205.071,1349.3
0.18335,0.144775,0.854492,4.41177,-0.15213,208.418,1349.32
-0.222534,0.173523,0.843933,14.3002,1.5213,213.286,1349.35
-0.222534,0.173523,0.843933,14.3002,1.5213,213.286,1349.36
0.131775,0.190857,1.08582,6.23734,-3.0426,211.917,1349.38
0.0516357,0.151978,0.791687,10.1927,-5.47668,212.374,1349.4
-0.293274,0.161804,0.929382,-3.34686,-3.34686,215.721,1349.42
0.280945,0.0441284,0.507568,17.1907,-3.49899,214.656,1349.44
0.032959,0.12561,1.1037,-0.912781,-0.912781,214.503,1349.46
0.229004,0.0731812,0.891296,19.929,0.30426,209.027,1349.48
0.179993,0.09198,1.19049,3.0426,-8.51929,203.398,1349.5
0.156616,0.0350952,0.759827,16.2779,-1.36917,198.226,1349.52
0.356445,0.0446167,1.05243,-3.80325,-7.75864,190.315,1349.54
0.169739,0.0725098,1.00452,-0.15213,-4.41177,179.97,1349.56
0.170349,-0.00152588,0.814819,7.45438,2.73834,174.645,1349.58
0.0206909,0.0621948,1.00287,5.17242,-0.912781,168.864,1349.6
0.201721,0.0661011,0.947632,6.84586,3.19473,158.52,1349.62
0.0905151,0.0515137,0.919434,4.10751,1.82556,153.651,1349.64
0.203735,0.0884399,1.00214,3.49899,0.608521,148.327,1349.66
0.135803,0.0592651,0.901978,5.93307,1.82556,141.937,1349.68
0.116638,0.0693359,1.02191,1.06491,-1.82556,137.982,1349.7
0.232056,0.0794067,0.95459,3.34686,-0.15213,132.505,1349.72
0.165222,-0.00396729,0.951965,2.58621,-0.608521,125.051,1349.74
-0.00872803,0.0753174,0.935303,3.19473,0.45639,121.704,1349.76
0.170715,-0.0114746,0.969299,2.28195,-1.21704,118.357,1349.78
0.0413208,0.0685425,1.04822,0.912781,-0,114.25,1349.8
0.0413818,0.0640259,0.951843,5.02029,-0,113.793,1349.82
0.156799,0.0420532,0.832336,5.47668,-2.12982,111.968,1349.84
0.0810547,0.0541992,0.978149,8.67142,0.760651,105.426,1349.86
0.0770264,0.0154419,0.797729,2.73834,-1.06491,104.97,1349.88
0.0792236,0.0222778,1.00812,-0.15213,-3.95538,103.601,1349.9
0.145508,0.0217285,0.916504,-0.760651,1.97769,98.2761,1349.92
-0.129395,0.0648804,0.983276,6.23734,1.82556,97.6675,1349.94
0.1474,-0.0090332,0.64917,5.02029,-3.65112,97.3633,1349.96
-0.237183,0.116943,1.14484,5.62881,0.760651,93.1036,1349.98
0.480103,-0.00842285,0.873047,-0.15213,-0.912781,92.9515,1350
-0.362488,0.0911865,1.15576,2.12982,-0.45639,92.343,1350.02
-0.0130615,0.0562744,1.01508,1.97769,-0.760651,92.4951,1350.04
-0.0484619,0.026001,0.888062,4.5639,1.36917,92.343,1350.06
0.169678,0.0582886,0.996582,4.10751,-0.45639,91.2781,1350.08
0.0927734,0.0158081,0.974854,5.02029,0.15213,91.5823,1350.1
0.0606079,0.0206299,1.05402,2.58621,0.45639,89.9089,1350.13
0.0606079,0.0206299,1.05402,2.58621,0.45639,89.9089,1350.14
0.342041,-0.0336304,0.749939,0.912781,3.0426,83.9758,1350.16
0.57135,-0.0415649,0.690979,8.51929,-7.91077,82.6067,1350.18
-0.315918,0.0552368,0.990906,0.608521,-1.36917,86.562,1350.2
0.447327,-0.045166,0.860107,6.23734,-1.06491,80.7811,1350.22
0.133362,0.0484619,1.04962,-0,-5.02029,80.7811,1350.24
-0.50946,0.139099,1.19269,2.73834,0.760651,80.7811,1350.26
0.386536,-0.0299072,0.908142,1.36917,-0,80.629,1350.28
0.26355,-0.0357666,0.624329,9.43207,-1.97769,78.0428,1350.3
0.0750732,-0.017334,0.767029,0.608521,-7.30225,78.1949,1350.32
-0.271484,0.0313721,1.01495,2.73834,2.58621,77.13,1350.34
0.0307617,-0.00231934,1.02588,2.58621,2.58621,76.8257,1350.36
0.535034,-0.0563965,0.738159,2.89047,-2.58621,75.1523,1350.38
-0.115662,0.00970459,0.914978,2.12982,1.36917,72.7182,1350.4
0.473816,-0.0178833,0.868408,2.89047,-3.95538,71.349,1350.42
-0.161865,0.041626,0.905457,3.49899,-5.47668,71.1969,1350.44
0.0518799,-0.0314941,0.644531,9.12781,-4.10751,68.6107,1350.46
0.335144,-0.00579834,0.857971,-0.45639,-8.36716,70.132,1350.48
-0.44104,0.0737915,1.02808,-1.82556,0.15213,71.5012,1350.5
0.393982,-0.0175171,0.727295,6.99799,-0.912781,68.0022,1350.52
0.0802612,0.0578003,0.750977,2.58621,-6.23734,71.349,1350.54
-0.306763,0.0874634,0.84552,-2.28195,-0.30426,74.5438,1350.56
0.0145874,0.0643311,0.847351,0.15213,0.760651,73.3267,1350.58
-0.336792,0.10553,1.15753,-0.30426,-0.30426,72.8703,1350.6
-0.125854,0.0281982,1.0307,5.17242,1.06491,71.6533,1350.62
-0.000976562,0.0640869,1.21002,0.912781,0.45639,71.8054,1350.64
-0.288086,0.0020752,0.750671,3.65112,2.73834,66.7851,1350.66
0.542053,-0.0827637,0.904602,0.912781,2.12982,63.7425,1350.68
-0.0615234,0.0668335,0.998657,1.82556,1.97769,54.0062,1350.7
0.600586,0.0167847,0.971497,0.45639,-1.97769,49.138,1350.72
-0.0385132,0.0280151,0.897583,-1.21704,2.89047,38.1847,1350.74
0.927979,-0.0471191,0.700134,4.86816,-5.02029,33.925,1350.76
-0.278931,0.0559082,1.13293,-0,0.15213,32.708,1350.78
0.144958,0.00701904,0.922974,0.15213,0.912781,30.426,1350.8
-0.0442505,0.0737915,0.847961,-1.67343,0.608521,24.1887,1350.82
0.135681,0.162048,1.02283,0.45639,-0.15213,24.7972,1350.84
0.0744629,0.0797729,0.930542,-0,-0.45639,25.5579,1350.86
-0.0447998,-0.00482178,0.994324,1.5213,1.36917,24.1887,1350.88
0.233643,0.0316162,0.898804,0.45639,-0.760651,23.2759,1350.9
-0.0842285,0.0761108,0.920593,-0.30426,0.608521,24.0366,1350.92
-0.158325,0.0927734,1.0116,0.30426,-0.45639,22.211,1350.94
0.2995,0.0698242,0.999939,0.760651,-0.760651,20.3854,1350.96
-0.276917,0.0721436,0.950745,-0.15213,0.608521,20.8418,1350.98
-0.0689087,0.104248,0.994141,-0.608521,-1.67343,23.7323,1351
0.170105,-0.00604248,0.943665,0.760651,0.45639,23.7323,1351.02
0.0111084,0.0625,1.06836,1.06491,-0.608521,24.7972,1351.04
0.180603,-0.0244141,0.902344,1.06491,-2.43408,30.5782,1351.06
-0.279602,0.000183105,0.965454,-0.760651,-0.30426,32.2516,1351.08
0.108582,-0.0285034,0.931641,-0.45639,-0,33.7729,1351.1
-0.149292,0.046875,0.907288,0.760651,1.97769,36.207,1351.12
0.318909,0.00750732,0.835754,2.73834,-1.06491,38.7932,1351.14
0.0567017,0.0446167,1.12549,0.760651,-0.760651,38.0325,1351.16
0.183167,-0.0454712,0.860901,3.19473,-2.58621,37.424,1351.18
-0.25592,0.0151978,0.970459,0.15213,0.45639,39.8581,1351.2
-0.0787964,0.0450439,1.07672,-0,-0.15213,38.6411,1351.22
-0.0947266,-0.106262,0.836548,3.0426,1.21704,40.1624,1351.24
0.352905,-0.157532,0.862183,2.43408,-0.608521,39.4017,1351.26
0.0602417,-0.0227661,1.02936,-0,0.912781,35.7506,1351.28
0.208008,-0.0588989,0.937927,1.21704,-1.97769,32.4037,1351.3
-0.17572,0.00463867,1.08606,0.15213,0.608521,31.1867,1351.32
0.167786,-0.0130005,0.871277,1.06491,0.30426,27.5356,1351.34
0.0163574,0.107727,1.00824,-0,-0.30426,17.9514,1351.36
0.214783,0.0137329,0.876953,0.45639,1.21704,16.7343,1351.38
0.269775,0.0209351,0.920044,1.36917,-0.15213,14.3002,1351.4
0.0874634,0.0057373,0.971069,0.30426,0.912781,3.0426,1351.42
0.185852,0.0252686,0.909607,0.608521,-0.608521,-0.45639,1351.44
-0.0394897,0.0415039,0.949097,-0.912781,-0.760651,-1.82556,1351.46
0.065979,0.0720215,0.906982,0.30426,0.15213,-0.15213,1351.48
0.0543213,0.039856,0.990845,-1.06491,0.760651,-0.30426,1351.5
0.020874,0.0700684,0.904602,2.58621,-1.21704,-0.15213,1351.52
0.0184937,0.0940552,0.977356,1.06491,0.45639,-0.912781,1351.54
0.0327759,0.0709839,0.888428,0.912781,-0.45639,-0,1351.56
0.0836792,0.124634,1.01666,-2.43408,0.912781,0.760651,1351.58
0.0303955,0.0685425,0.939636,-1.21704,0.608521,-0.15213,1351.6
0.0545654,0.0549316,0.971313,0.608521,-0.30426,-0.912781,1351.62
0.0335693,0.0396118,0.92334,0.45639,0.45639,-0.608521,1351.64
0.0370483,0.0214233,0.954468,0.30426,0.30426,-0,1351.66
0.0274658,0.0250244,0.944702,-0.30426,-0,-0.15213,1351.68
0.0759277,-0.00787354,0.944946,0.15213,0.45639,-0.30426,1351.7
0.0453491,-0.00189209,0.968567,-0.45639,-0.30426,0.608521,1351.72
0.041626,-0.0098877,0.934875,0.45639,0.15213,-0,1351.74
0.0231934,0.00878906,0.945007,-0.30426,-0.608521,-0.15213,1351.76
0.0292969,0.0319214,0.934204,-0,-0.15213,-0,1351.78
0.0422974,0.0306396,0.950806,-0.30426,-0.15213,0.45639,1351.8
0.0423584,0.03125,0.944275,0.608521,0.30426,-0,1351.82
0.0454102,0.022522,0.950073,0.30426,0.45639,-0.15213,1351.84
0.0328369,0.0185547,0.938049,0.45639,-0.15213,0.15213,1351.86
0.0440063,0.0170288,0.955261,-0.45639,0.30426,-0.15213,1351.88
0.0420532,0.024231,0.946411,-0.15213,-0.15213,0.15213,1351.9
0.0371094,0.0261841,0.94751,-0,-0.15213,-0.30426,1351.92
0.0431519,0.0238647,0.953735,0.30426,0.45639,-0.15213,1351.94
0.0365601,0.0189819,0.940186,-0.15213,-0.15213,-0.15213,1351.96
0.0394287,0.0209961,0.947815,0.15213,0.15213,-0.15213,1351.98
0.0403442,0.0224609,0.95636,0.30426,0.30426,-0,1352
0.0396118,0.0195312,0.948242,0.30426,0.30426,0.30426,1352.02
0.0429688,0.020874,0.942871,-0,-0.15213,-0.30426,1352.04
0.0428467,0.022583,0.947571,-0.30426,-0.15213,-0,1352.06
0.0397339,0.0185547,0.947937,0.15213,0.15213,-0,1352.08
0.0429077,0.0231934,0.943054,-0,-0,-0,1352.1
0.0374146,0.0222168,0.950256,0.30426,-0,0.15213,1352.12
0.0388184,0.0227661,0.944092,-0,-0,-0.30426,1352.14
0.0436401,0.0216064,0.944031,0.15213,0.15213,-0,1352.16
0.039917,0.0232544,0.947021,0.30426,0.15213,-0,1352.18
0.0408936,0.0231323,0.947021,-0,0.15213,-0,1352.21
0.039856,0.019165,0.945984,-0.30426,-0,-0.15213,1352.22
0.0401611,0.020813,0.941772,-0,-0.15213,0.15213,1352.24
0.0415649,0.0216064,0.945435,-0,-0.15213,-0.30426,1352.26
0.0407104,0.0209351,0.946472,-0,-0,0.15213,1352.28
0.0394287,0.0237427,0.951904,0.30426,0.15213,-0.15213,1352.3
0.0389404,0.0205078,0.949097,-0,-0.15213,-0,1352.32
0.0403442,0.0214233,0.948792,-0,-0,0.15213,1352.34
0.0414429,0.0220337,0.94751,0.15213,0.15213,-0.30426,1352.36
0.0396118,0.0230103,0.950378,-0,-0.15213,-0,1352.38
0.0375977,0.0218506,0.944702,-0,0.15213,-0,1352.4
0.0430298,0.0216064,0.943542,-0,-0.15213,-0.15213,1352.42
0.0412598,0.0239868,0.946167,0.15213,0.15213,-0,1352.45
0.039917,0.0210571,0.944092,-0,0.15213,-0,1352.46
0.0407715,0.0198364,0.95282,-0.15213,-0.15213,-0.15213,1352.48
0.0441895,0.0256958,0.945251,-0,-0.15213,-0.15213,1352.5
0.0396729,0.0205078,0.949768,-0,-0,-0.15213,1352.52
0.0404663,0.0227051,0.947144,0.15213,0.15213,-0,1352.54
0.0390625,0.0219727,0.952209,-0.15213,-0,-0.15213,1352.56
0.0368042,0.0217896,0.944946,-0,-0,0.30426,1352.58
0.0397339,0.0202026,0.950317,-0,-0,-0,1352.6
0.0379028,0.0202637,0.950684,-0.15213,-0.30426,-0.15213,1352.62
0.0407104,0.019043,0.945801,0.15213,0.15213,-0,1352.64
0.0411377,0.0221558,0.94696,-0.15213,-0,-0,1352.66
0.039978,0.019165,0.94342,-0.15213,-0,-0,1352.68
0.0394287,0.0216675,0.94635,-0,-0.15213,-0,1352.7
0.0391846,0.0206299,0.944397,-0,-0,-0,1352.72
0.0368042,0.0219727,0.944031,-0,-0,-0.30426,1352.74
0.0393677,0.0182495,0.945984,0.15213,0.15213,-0,1352.76
0.0375366,0.022583,0.94281,0.30426,0.15213,0.30426,1352.78
0.0422363,0.022583,0.945496,-0,-0,-0,1352.8
0.0407715,0.0220337,0.946655,-0,-0,-0.30426,1352.82
0.041687,0.0200195,0.950195,0.15213,-0,-0,1352.84
0.0387573,0.0184937,0.945923,-0,-0.15213,-0,1352.86
0.0410767,0.0224609,0.948914,-0,-0,-0,1352.88
0.0420532,0.0184937,0.954651,-0.15213,-0,-0.15213,1352.9
0.0390015,0.0195923,0.946533,-0,-0.15213,-0.30426,1352.92
0.0388184,0.0223999,0.946289,-0.15213,-0,-0,1352.94
0.0390625,0.0210571,0.944641,0.45639,0.30426,-0.30426,1352.96
0.0383911,0.0189819,0.945435,0.45639,0.30426,0.15213,1352.98
0.0407104,0.0189819,0.947021,0.15213,0.15213,-0.15213,1353
0.0389404,0.0202026,0.944824,-0.15213,-0,-0,1353.02
0.041687,0.0217896,0.94104,0.30426,0.45639,-0.15213,1353.04
0.0393677,0.0220337,0.94519,0.30426,0.30426,-0.15213,1353.06
0.039856,0.0209961,0.946411,0.45639,0.30426,-0,1353.08
0.0391235,0.0222168,0.950928,0.15213,0.15213,-0,1353.1
0.0405273,0.0209961,0.954102,-0,-0.15213,-0.30426,1353.12
0.0387573,0.0184937,0.944275,-0,-0,0.15213,1353.14
0.0410767,0.0236206,0.943298,-0.15213,-0.15213,-0.15213,1353.16
0.0374756,0.022522,0.944397,0.15213,-0,-0.30426,1353.18
0.0375366,0.0205078,0.943115,-0,-0.45639,0.15213,1353.2
0.0419312,0.0217285,0.947205,-0,-0.15213,-0,1353.22
0.0380249,0.0206909,0.947449,0.15213,0.15213,-0,1353.24
0.043335,0.0234375,0.946106,0.15213,0.15213,-0.15213,1353.26
0.0420532,0.0222778,0.946594,-0,-0.15213,-0.15213,1353.28
0.039917,0.0211792,0.94696,0.30426,0.15213,-0.30426,1353.3
0.038147,0.0192871,0.947083,-0,-0,0.15213,1353.32
0.0405273,0.0238037,0.943542,0.15213,0.45639,-0.15213,1353.34
0.0426636,0.0220947,0.944458,-0,-0,-0.15213,1353.36
0.0410156,0.0213013,0.945679,0.30426,0.15213,-0.15213,1353.38
0.0408325,0.0212402,0.943298,-0,-0.15213,-0.15213,1353.4
0.041748,0.0222168,0.944885,-0,-0.30426,-0,1353.42
0.0406494,0.0209351,0.945862,0.45639,0.15213,0.15213,1353.44
0.038269,0.0193481,0.947205,-0,-0,0.30426,1353.46
0.0380859,0.0216064,0.942139,-0,-0,-0,1353.48
0.0391846,0.0217896,0.946533,0.15213,-0,-0.15213,1353.5
0.038208,0.0202637,0.946472,-0,-0,-0,1353.52
0.0409546,0.0231934,0.949402,0.15213,0.15213,-0.15213,1353.54
0.041626,0.0216064,0.939087,-0.30426,-0.45639,-0,1353.56
0.0388794,0.0235596,0.945801,0.30426,0.30426,-0.15213,1353.58
0.039856,0.0220337,0.945312,0.30426,0.15213,-0,1353.6
0.0389404,0.0227051,0.947937,0.30426,0.15213,-0.15213,1353.62
0.0383911,0.020874,0.948914,-0,-0,0.15213,1353.64
0.0410767,0.0230713,0.943176,-0,-0,-0.15213,1353.66
0.0368652,0.0203247,0.948242,-0.15213,-0,-0.15213,1353.68
0.0394897,0.020752,0.950317,-0,0.15213,-0,1353.7
0.0403442,0.0223389,0.946716,0.15213,0.15213,-0,1353.72
0.0429077,0.0205078,0.947632,-0.15213,-0,-0.15213,1353.74
0.0400391,0.0187988,0.945435,0.15213,0.15213,-0.15213,1353.76
0.0396118,0.0209351,0.950989,0.15213,0.15213,-0,1353.78
0.0392456,0.024292,0.948486,-0,-0,-0.45639,1353.8
0.0422363,0.0228271,0.943481,-0,-0.15213,-0.15213,1353.82
0.0368042,0.0193481,0.947632,-0,-0.15213,0.45639,1353.84
0.0430298,0.022522,0.953064,-0.15213,0.15213,-0.15213,1353.86
0.0379028,0.0214233,0.944824,0.30426,0.15213,-0.30426,1353.88
0.0419312,0.0177002,0.943298,-0,-0.15213,-0.30426,1353.9
0.0388184,0.0232544,0.945129,0.15213,-0,-0,1353.92
0.0397949,0.0180664,0.950623,-0,-0.15213,0.15213,1353.94
0.0396118,0.0231323,0.94043,0.15213,0.15213,-0,1353.96
0.0394287,0.022644,0.94519,0.15213,-0,-0,1353.98
0.0424805,0.022583,0.943359,-0.15213,-0,-0.15213,1354
0.0393677,0.0223389,0.948547,0.15213,0.15213,0.15213,1354.02
0.0397339,0.0230103,0.946533,-0,-0,-0.15213,1354.04
0.0404663,0.0219116,0.945312,0.45639,0.30426,0.15213,1354.06
0.0380249,0.0220337,0.946838,-0.15213,-0.45639,0.30426,1354.08
0.039917,0.0195923,0.952393,-0,-0.15213,-0.15213,1354.1
0.039978,0.0223999,0.948425,0.15213,0.15213,0.15213,1354.12
0.0418701,0.0192871,0.948181,-0,-0.15213,0.15213,1354.14
0.0415649,0.0198975,0.94696,0.30426,0.15213,0.15213,1354.16
0.0435181,0.0228882,0.950073,0.15213,0.30426,-0,1354.18
0.0422363,0.0235596,0.942871,-0,-0,-0,1354.2
0.0390625,0.0195923,0.941711,-0,-0,0.15213,1354.22
0.0365601,0.0227661,0.945679,-0,-0,-0.15213,1354.24
0.0395508,0.0213013,0.945007,-0,-0,0.15213,1354.26
0.0395508,0.0216064,0.942993,0.15213,0.15213,-0,1354.28
0.0419922,0.0238037,0.940063,0.15213,0.30426,-0.15213,1354.3
0.0383301,0.0196533,0.950256,-0,-0.15213,-0,1354.32
0.039917,0.0216675,0.945923,-0,-0.15213,-0.15213,1354.34
0.0406494,0.0234375,0.945068,-0,-0.15213,-0,1354.36
0.0391846,0.0223389,0.948608,0.15213,0.15213,-0.30426,1354.38
0.0387573,0.0219727,0.945435,-0,-0,-0.15213,1354.4
0.0366211,0.0224609,0.944763,-0.15213,-0,-0,1354.42
0.0357666,0.0217285,0.946899,0.15213,0.15213,-0.15213,1354.44
0.0415649,0.0213623,0.947876,0.15213,0.15213,-0,1354.46
0.0405273,0.0216675,0.945435,-0,-0.15213,-0,1354.48
0.0391235,0.0204468,0.947876,-0.45639,-0.30426,-0.15213,1354.5
0.0408936,0.0231323,0.945923,0.30426,0.15213,0.15213,1354.52
0.0379639,0.020874,0.942871,0.15213,0.15213,-0.15213,1354.54
0.0380859,0.022583,0.950073,-0,-0,0.15213,1354.56
0.0415649,0.0210571,0.949158,-0.30426,-0.15213,-0,1354.58
0.0391235,0.0200806,0.946228,-0.15213,-0,0.15213,1354.6
0.0386353,0.0205688,0.94873,-0,-0,0.15213,1354.62
0.0377808,0.0217285,0.94574,-0,-0,-0,1354.64
0.0402222,0.0216675,0.944885,0.15213,-0,0.15213,1354.66
0.0377197,0.0222168,0.948669,-0,-0.15213,-0.30426,1354.68
0.0396118,0.0227661,0.946533,-0,-0.15213,0.30426,1354.7
0.0376587,0.0219116,0.950256,0.15213,0.15213,-0.15213,1354.72
0.0401001,0.0200806,0.947876,0.15213,0.15213,-0,1354.74
0.0375977,0.0249634,0.943054,-0.15213,-0.15213,-0,1354.76
0.0368042,0.020874,0.947998,-0,-0,-0.15213,1354.78
0.0376587,0.0240479,0.946594,0.30426,0.30426,-0,1354.8
0.0404053,0.0220337,0.947937,0.30426,-0,-0,1354.82
0.0397339,0.0215454,0.948975,0.15213,0.30426,0.30426,1354.84
0.0376587,0.0212402,0.941772,0.15213,0.45639,-0,1354.86
0.0412598,0.020874,0.952026,0.15213,-0,0.30426,1354.88
0.0413818,0.0237427,0.942322,-0,-0.30426,-0,1354.9
0.0384521,0.0227051,0.946106,-0,-0,-0,1354.92
0.0407715,0.0219116,0.949036,-0.30426,-0.30426,-0,1354.94
0.038208,0.0238037,0.942993,0.15213,0.15213,-0.30426,1354.96
0.0375977,0.0205078,0.944763,0.15213,0.30426,-0.15213,1354.98
0.0419312,0.017334,0.946533,0.15213,0.15213,-0.15213,1355
0.0402832,0.0189209,0.945801,0.15213,0.15213,-0.15213,1355.02
0.0385742,0.0194092,0.949341,-0.15213,-0.15213,-0.30426,1355.04
0.0371704,0.0203857,0.945496,-0,-0,0.15213,1355.06
0.0384521,0.0233154,0.949829,-0,-0,-0.30426,1355.08
0.0389404,0.0218506,0.951111,0.15213,0.15213,-0,1355.1
0.0415039,0.0211182,0.950867,-0,-0,-0.15213,1355.12
0.0387573,0.0236206,0.943359,-0,-0.15213,0.15213,1355.14
0.0368042,0.0245361,0.950256,0.15213,0.30426,-0,1355.16
0.0408325,0.0206909,0.94812,-0,0.30426,-0,1355.18
0.0407104,0.0215454,0.944336,-0.15213,-0.15213,0.15213,1355.2
0.0404053,0.0204468,0.946533,-0,-0.15213,-0.30426,1355.22
0.0413208,0.0219727,0.94519,0.15213,-0.15213,-0.15213,1355.24
0.0390625,0.024231,0.94635,0.15213,-0.15213,-0,1355.26
0.0374146,0.0227661,0.943115,-0.30426,-0.608521,-0.30426,1355.28
0.0411987,0.0216064,0.949341,-0,-0,-0,1355.3
0.0411377,0.0241089,0.949158,-0.15213,-0.30426,-0.15213,1355.32
0.0408936,0.0197754,0.949524,-0,-0.30426,-0,1355.34
0.0391235,0.0211182,0.950806,0.15213,-0,-0.30426,1355.36
0.0406494,0.0232544,0.944214,-0,-0.15213,0.15213,1355.38
0.0404663,0.0177612,0.947327,-0,-0,-0.15213,1355.4
0.0401001,0.0244751,0.948975,-0,-0,0.15213,1355.42
0.0393066,0.0205078,0.943909,-0,-0,-0.15213,1355.44
0.0375977,0.020752,0.949646,-0,-0,-0.15213,1355.46
0.0410767,0.020874,0.949707,0.15213,0.15213,-0.15213,1355.48
0.0419312,0.0211792,0.944702,0.30426,0.45639,-0.15213,1355.5
0.0427856,0.0214844,0.94397,0.15213,-0,-0.15213,1355.52
0.0412598,0.0217896,0.949585,-0,-0,0.15213,1355.54
0.0391846,0.0210571,0.949829,-0,-0,-0.15213,1355.56
0.0377197,0.0199585,0.944397,0.15213,0.30426,0.15213,1355.58
0.0412598,0.0221558,0.944397,-0,-0.15213,0.30426,1355.6
0.041748,0.0199585,0.946899,-0,-0.15213,-0.15213,1355.62
0.0405884,0.0213623,0.946716,0.45639,0.15213,-0.15213,1355.64
0.0405884,0.0209961,0.948364,-0,-0,-0,1355.66
0.0397949,0.0239258,0.947937,-0,-0.15213,-0,1355.68
0.0388184,0.0202637,0.945923,0.15213,-0,0.15213,1355.7
0.0386963,0.0212402,0.948669,-0,-0,0.15213,1355.72
0.0410767,0.0228882,0.939575,-0,-0.15213,-0,1355.74
0.0396118,0.0214844,0.945129,0.15213,0.30426,-0.15213,1355.76
0.0396118,0.0214844,0.945129,0.15213,0.30426,-0.15213,1355.78
0.0403442,0.0220947,0.944275,-0,-0,-0,1866.32
0.0383911,0.0223999,0.94751,-0,-0,-0.15213,1866.34
0.0404053,0.0203857,0.946472,0.30426,0.15213,0.15213,1866.36
0.0404053,0.0233154,0.949097,-0,-0.30426,-0,1866.38
0.0404663,0.019043,0.945618,0.15213,0.30426,-0.30426,1866.4
0.0411377,0.0240479,0.946716,0.15213,0.30426,-0,1866.42
0.0386963,0.0212402,0.950684,-0.15213,-0.15213,0.15213,1866.44
0.0390015,0.0222168,0.950867,-0.15213,-0.15213,-0.15213,1866.46
0.0393066,0.022583,0.944763,0.15213,0.30426,-0,1866.48
0.0402222,0.022522,0.948242,-0,-0,0.15213,1866.5
0.0380859,0.0264893,0.937927,-0,-0,-0,1866.52
0.041687,0.0224609,0.953369,0.15213,0.15213,-0,1866.54
0.0377808,0.0223999,0.945862,0.30426,0.15213,-0,1866.56
0.0403442,0.0209351,0.947144,-0,0.15213,-0,1866.58
0.0391846,0.020813,0.94281,-0,-0,-0,1866.6
0.0405273,0.0237427,0.95105,0.30426,0.30426,-0.15213,1866.62
0.0383911,0.0213623,0.94751,-0.30426,-0,0.30426,1866.64
0.0404053,0.0219116,0.943787,0.15213,0.15213,-0,1866.66
0.0385742,0.0228271,0.950317,0.15213,0.15213,-0,1866.68
0.0407715,0.0206909,0.946899,-0.15213,-0.15213,-0.30426,1866.7
0.0405884,0.0220947,0.940979,0.15213,0.15213,0.15213,1866.72
0.0390625,0.0198364,0.940369,-0,-0,-0.15213,1866.74
0.0394287,0.0202026,0.942871,-0,-0,0.15213,1866.76
0.0415649,0.0189819,0.94873,-0.15213,-0.15213,-0,1866.78
0.0393677,0.022583,0.942566,-0,-0,-0,1866.8
0.038208,0.022644,0.945435,0.15213,0.30426,0.30426,1866.82
0.0380859,0.020813,0.950928,-0.15213,-0,-0.15213,1866.84
0.0408936,0.0198364,0.944702,0.15213,0.30426,0.15213,1866.86
0.0414429,0.0210571,0.949097,-0,-0.15213,-0.15213,1866.88
0.0411377,0.0219116,0.94043,-0,-0.30426,-0,1866.9
0.0384521,0.0233765,0.952698,-0.15213,-0.15213,0.15213,1866.92
0.0397339,0.0197144,0.952271,-0.15213,-0.30426,0.15213,1866.94
0.038269,0.0228271,0.946411,-0,-0,0.15213,1866.96
0.039917,0.0197144,0.947937,-0,0.15213,-0,1866.98
0.0395508,0.0211182,0.943665,0.30426,0.15213,-0.15213,1867
0.0396729,0.0189819,0.950806,-0.15213,-0,-0,1867.02
0.0376587,0.0195923,0.943665,0.45639,0.15213,-0.15213,1867.04
0.039917,0.0234375,0.938232,-0,0.15213,-0.15213,1867.06
0.0391846,0.0228271,0.947693,-0,-0.30426,-0,1867.08
0.0387573,0.0202026,0.945557,-0,-0,0.15213,1867.1
0.0394287,0.0224609,0.948975,0.30426,0.15213,-0,1867.12
0.0415039,0.0197144,0.944824,-0,-0,-0,1867.14
0.0370483,0.0211792,0.950134,-0.15213,-0.15213,0.30426,1867.19
0.0387573,0.0218506,0.944885,0.30426,0.15213,-0,1867.2
0.0393677,0.0197754,0.950317,-0,-0,-0,1867.22
0.0390625,0.0240479,0.947571,-0.15213,-0.15213,-0,1867.24
0.0406494,0.0222168,0.948792,-0.15213,-0,0.30426,1867.26
0.039856,0.0221558,0.947388,0.15213,0.15213,-0.30426,1867.28
0.0371094,0.0216675,0.942993,0.30426,0.15213,-0.15213,1867.3
0.0405884,0.0209961,0.948364,-0,-0.15213,0.30426,1867.32
0.0380859,0.0217285,0.943542,-0,-0,-0.15213,1867.34
0.0391846,0.0215454,0.943726,0.30426,0.30426,0.15213,1867.36
0.0379639,0.0256958,0.953308,-0,-0.15213,-0.15213,1867.38
0.0392456,0.0211792,0.946289,-0,0.15213,0.30426,1867.4
0.039856,0.020874,0.947449,0.15213,0.15213,-0,1867.42
0.0371704,0.0160522,0.946045,-0,-0.30426,0.15213,1867.44
0.0245361,-0.0114136,0.951111,-0,-0.15213,0.608521,1867.46
-0.0169678,-0.11853,0.938354,1.5213,-1.36917,1.06491,1867.48
0.0249023,-0.114136,0.982361,-0.760651,1.06491,1.67343,1867.5
0.020752,-0.121277,0.910461,1.21704,0.45639,0.760651,1867.52
0.102051,-0.0333862,0.97406,2.43408,1.82556,8.97568,1867.54
0.0906372,-0.0155029,0.906128,1.67343,0.608521,5.47668,1867.56
0.114502,-0.0167236,0.935059,0.15213,-0.760651,0.912781,1867.58
0.0377808,-0.0535889,0.82074,3.80325,-1.5213,3.80325,1867.6
0.036377,-0.0271606,1.04053,-5.32455,-0.30426,4.86816,1867.62
-0.043457,-0.0696411,0.956665,5.02029,2.43408,2.89047,1867.64
0.0964355,0.0241699,1.01483,-1.36917,-1.06491,1.97769,1867.66
0.0645752,-0.0353394,0.937317,2.89047,-0.45639,3.0426,1867.68
0.111145,-0.0370483,0.873047,-0,-0.760651,4.5639,1867.7
0.0667725,-0.0387573,0.924988,1.67343,-0.15213,3.80325,1867.72
0.010437,0.0403442,0.939758,-0.30426,0.45639,-0,1867.74
0.038208,-0.0116577,1.00922,-0.608521,-0.30426,0.912781,1867.76
0.0567017,-0.0389404,0.932434,-1.67343,-0.45639,5.78094,1867.78
0.0580444,-0.0319214,0.968567,1.5213,0.30426,1.82556,1867.8
-0.0229492,-0.0286865,1.06726,-2.89047,1.82556,3.49899,1867.82
0.0460205,0.00610352,0.854309,3.95538,-1.5213,6.5416,1867.84
0.0870972,-0.0230713,0.940491,-1.82556,-0.608521,4.10751,1867.86
0.0354614,0.0369263,0.982544,0.45639,1.21704,3.34686,1867.88
0.00616455,0.022644,0.987122,-1.21704,0.30426,6.84586,1867.9
0.0119629,-0.0457153,0.907898,1.82556,-0.45639,7.30225,1867.92
-0.0318604,-0.0285034,0.977478,-1.21704,-0.15213,10.8012,1867.94
-0.0567017,-0.0459595,0.897522,1.97769,1.5213,10.6491,1867.96
-0.0460815,-0.0293579,0.894653,-1.21704,-0.45639,17.9514,1867.98
-0.045166,-0.112183,1.09735,0.30426,0.912781,21.1461,1868
-0.0395508,-0.0599976,0.950745,-1.36917,-0.760651,26.927,1868.02
-0.0303345,-0.00366211,1.01074,3.0426,1.06491,32.708,1868.04
-0.173767,-0.0780029,0.828003,5.17242,-1.67343,38.0325,1868.06
-0.0825806,0.010498,0.924683,5.47668,0.608521,43.8135,1868.08
-0.156433,-0.0645142,0.968506,1.82556,-0.608521,49.138,1868.1
-0.0230713,-0.0348511,1.10339,3.0426,1.36917,52.9413,1868.12
-0.0250854,-0.00634766,0.9599,0.15213,0.760651,59.1786,1868.14
0.0219116,-0.0252686,0.912659,3.19473,-1.67343,63.2861,1868.16
-0.0465088,-0.000427246,0.976685,0.15213,3.80325,64.6553,1868.18
-0.320496,0.0133057,1.02972,5.02029,-2.28195,69.6756,1868.2
-0.0817871,0.0188599,1.01471,-6.84586,-3.34686,72.7182,1868.22
0.145081,0.0209351,0.920654,1.5213,2.58621,75.1523,1868.24
-0.209106,0.0133057,0.958618,7.91077,4.86816,77.8906,1868.26
-0.081543,0.0224609,1.04248,5.32455,1.36917,80.4768,1868.28
0.0889282,0.0178833,0.836365,4.5639,-6.08521,82.9109,1868.3
-0.0618286,0.116699,1.07056,2.73834,1.5213,83.2152,1868.32
0.140991,0.125061,0.943542,5.17242,-1.36917,81.2375,1868.34
0.064209,0.146667,0.911804,2.73834,-2.28195,80.3247,1868.36
0.141479,0.10376,0.901489,2.89047,-1.5213,77.7385,1868.38
0.225159,0.117615,0.984558,7.30225,2.58621,72.4139,1868.4
0.327759,0.0795288,0.898865,-1.21704,2.12982,63.134,1868.42
0.198303,0.118958,0.805664,6.5416,-6.5416,58.5701,1868.44
-0.38385,0.181213,0.935242,3.34686,8.67142,54.0062,1868.46
0.568115,0.105774,1.10559,3.19473,-6.38947,49.4423,1868.48
0.541626,0.0455322,0.841248,-2.89047,-4.10751,39.5538,1868.5
0.45752,0.216919,0.978882,2.89047,0.608521,33.1644,1868.52
-0.156982,0.155701,1.05206,2.73834,1.67343,26.0143,1868.54
0.139404,0.107117,0.7547,3.0426,-4.86816,18.2556,1868.56
0.145691,0.105591,1.11627,-1.67343,-0.45639,14.9088,1868.58
0.272034,0.103027,0.909912,2.43408,0.15213,8.67142,1868.6
0.359375,0.09021,0.954712,3.34686,-2.89047,1.97769,1868.62
-0.0238037,0.0931396,0.887146,0.760651,-1.36917,-0.30426,1868.64
-0.0740356,0.0987549,1.04413,-0,-1.36917,0.608521,1868.66
-0.0387573,0.127136,0.963318,-0.760651,-0.45639,-1.21704,1868.68
0.0597534,0.0997314,0.928894,2.28195,-2.12982,0.760651,1868.7
0.0172119,0.0796509,0.930237,-0,-0,0.30426,1868.72
0.0687256,0.0688477,0.914673,1.21704,-0.15213,-0.608521,1868.74
0.00305176,0.0908203,0.973816,-1.06491,-1.06491,-0.760651,1868.76
0.0393066,0.0662842,0.931946,1.82556,-0.608521,0.30426,1868.78
0.0479736,0.108398,0.963562,-0,-0.912781,-0.30426,1868.8
0.0220947,0.117615,0.92926,0.608521,-0.760651,-1.5213,1868.82
0.0440063,0.0927124,0.951782,-0.30426,0.15213,0.45639,1868.84
-0.0465088,0.0610962,0.941467,-0.608521,0.15213,0.15213,1868.86
0.0948486,0.0541992,0.961853,0.912781,-0,0.30426,1868.88
0.0232544,0.0809326,0.990295,-0.912781,0.30426,0.30426,1868.9
0.0900879,0.0404663,0.921692,1.5213,-0,0.608521,1868.92
-0.0126343,0.0415039,0.946106,-0.760651,0.30426,0.45639,1868.94
0.0587158,0.0255737,0.967468,-0,-0.15213,-0.15213,1868.96
0.0362549,0.0372314,0.970398,-1.21704,-0,0.30426,1868.98
0.057373,0.0154419,0.934387,1.21704,0.30426,0.30426,1869
0.00561523,0.0212402,0.942871,-0.760651,-0.15213,0.608521,1869.02
0.0197144,0.0198364,0.934998,-0,-0.15213,-0.760651,1869.04
0.055603,0.0216064,0.960754,0.15213,0.15213,0.15213,1869.06
0.0349731,0.0162354,0.943604,0.15213,0.15213,0.30426,1869.08
0.0490112,0.0137329,0.948059,0.15213,0.15213,-0.15213,1869.1
0.0238647,0.0172119,0.943848,0.15213,0.15213,-0.760651,1869.13
0.0557861,0.012085,0.950012,0.15213,0.15213,0.15213,1869.14
0.0420532,0.0114746,0.948975,0.45639,0.45639,0.15213,1869.16
0.0343628,0.0140991,0.942017,-0,-0,-0.608521,1869.18
0.038147,0.0139771,0.942505,-0,-0.15213,-0.15213,1869.2
0.0273438,0.0198364,0.944397,-0,-0,0.15213,1869.22
0.0430908,0.0180664,0.949097,0.15213,0.15213,0.15213,1869.24
0.0280762,0.0296021,0.949402,-0,-0,-0.45639,1869.26
0.0349731,0.0220947,0.946106,0.15213,0.15213,0.15213,1869.28
0.0379639,0.0181885,0.946472,0.15213,0.15213,-0,1869.3
0.0352783,0.0196533,0.948975,0.30426,0.30426,-0.15213,1869.32
0.039856,0.0209351,0.94873,-0,0.30426,-0,1869.34
0.0349121,0.0245972,0.939514,0.45639,0.15213,0.30426,1869.36
0.0359497,0.0222168,0.955261,-0,0.15213,-0,1869.38
0.0414429,0.0214233,0.953064,0.15213,0.15213,0.15213,1869.4
0.0361938,0.0222168,0.946533,-0,-0,-0,1869.42
0.0366821,0.0169678,0.948486,-0,-0,0.15213,1869.44
0.0366211,0.0214233,0.947388,-0,-0.30426,-0,1869.46
0.0387573,0.020874,0.946716,0.15213,0.45639,-0.30426,1869.48
0.0482178,0.0161133,0.949524,0.30426,0.45639,-0,1869.5
-0.0408936,0.258545,0.965698,-1.06491,-1.06491,6.69373,1869.52
0.10498,0.0543213,0.988159,-1.21704,-0,3.49899,1869.54
0.00817871,0.137329,0.821106,2.58621,-0.45639,-3.19473,1869.56
0.0255127,0.104309,0.956238,4.41177,0.15213,0.30426,1869.58
-0.0127563,0.00219727,0.775269,1.21704,1.21704,4.25964,1869.6
-0.000793457,0.10321,1.16174,-6.08521,0.45639,4.86816,1869.62
-0.00384521,0.0279541,0.932434,-4.86816,0.912781,5.02029,1869.64
0.0603027,0.0587769,1.03497,-0.45639,0.15213,4.5639,1869.66
0.0734253,0.0551147,0.962097,-1.82556,2.12982,3.65112,1869.68
0.0542603,0.0557251,0.951416,1.67343,1.21704,1.97769,1869.7
0.0616455,0.0430908,0.947998,-0.912781,1.5213,0.45639,1869.72
0.0258179,0.0426025,0.971985,-0.760651,1.21704,1.06491,1869.74
0.0630493,0.0560303,0.981812,-3.49899,1.67343,0.45639,1869.76
0.0151367,0.0888062,0.929443,-0,0.608521,-0.45639,1869.78
0.0206909,0.0742798,0.943909,0.760651,1.21704,-0,1869.8
0.0539551,0.0483398,0.962036,-0.45639,1.36917,1.97769,1869.82
0.0620728,0.0373535,0.945496,-0.45639,1.82556,0.912781,1869.84
0.0713501,0.0665894,1.0025,-1.06491,2.28195,0.45639,1869.86
0.0352783,0.0792236,0.856934,0.15213,0.760651,-0.30426,1869.88
0.0499268,0.0904541,1.01923,-4.10751,2.58621,1.67343,1869.9
0.0557861,0.00219727,0.965088,2.73834,-0.30426,0.15213,1869.92
0.0827026,0.0292358,1.00787,-2.73834,0.760651,0.760651,1869.94
0.0168457,0.0539551,0.908813,3.34686,0.608521,-0,1869.96
0.0604858,0.0228882,0.963745,-3.95538,0.608521,0.608521,1869.98
0.0463257,0.0297852,0.922607,-0.608521,0.45639,-0,1870
0.00506592,0.072876,0.972595,-0.912781,1.67343,1.06491,1870.02
-0.00836182,0.0575562,0.948669,-2.43408,1.67343,1.06491,1870.04
0.046875,0.00695801,1.00128,0.45639,-0.15213,0.45639,1870.06
0.0776367,0.0202637,0.89563,0.30426,2.73834,-0.760651,1870.08
0.0761719,0.0291748,0.913757,-0.15213,2.12982,0.608521,1870.11
0.00854492,0.0305176,0.951355,-0.15213,0.608521,0.608521,1870.12
-0.0661621,0.192444,0.937256,-1.06491,1.67343,1.82556,1870.15
-0.0101318,0.20929,1.05286,-1.06491,-1.36917,7.30225,1870.16
-0.010437,0.193787,0.892212,1.67343,2.12982,8.82355,1870.18
0.0360718,0.180481,0.937317,-1.97769,1.21704,10.0406,1870.2
-0.0065918,0.190491,0.927185,6.38947,-7.15012,20.3854,1870.23
-0.0137939,0.141479,0.821411,-0.15213,1.97769,22.6674,1870.24
0.0837402,0.15033,0.981995,0.608521,-4.10751,22.8195,1870.26
0.00738525,0.172485,0.860413,6.69373,-1.82556,27.8398,1870.28
-0.153625,0.185486,1.0163,0.608521,6.69373,36.0548,1870.3
0.0697021,0.147034,0.912842,7.15012,-4.25964,39.8581,1870.32
-0.0386353,0.162964,1.04181,-3.49899,-4.41177,45.0305,1870.34
0.131226,0.0236816,0.792969,0.608521,2.28195,62.9819,1870.36
-0.468628,0.16394,1.09454,0.912781,12.0183,74.5438,1870.38
-0.229187,0.148682,0.894958,14.3002,6.38947,84.8886,1870.4
-0.670349,0.109558,0.671387,1.06491,-8.67142,106.643,1870.42
0.446838,0.10083,0.985779,-1.36917,1.06491,115.619,1870.44
0.355957,0.0977173,1.19977,-2.89047,-4.86816,130.223,1870.46
-0.771484,0.224182,0.740906,10.497,-9.88846,137.982,1870.48
0.424805,0.0683594,0.937134,-2.73834,-1.97769,146.958,1870.5
-0.588257,0.242798,1.2793,2.89047,3.95538,153.499,1870.52
-0.439209,0.221436,1.06305,-5.93307,-6.5416,169.929,1870.54
0.103088,0.116211,0.605774,14.3002,3.95538,177.232,1870.56
-0.214844,0.244385,1.05487,-4.86816,8.21503,185.599,1870.58
0.0466919,0.228577,0.897522,16.8864,-10.3448,202.789,1870.6
-0.276978,0.199768,0.611267,-0.45639,0.608521,212.83,1870.62
0.211304,-0.118408,1.40588,-1.5213,1.5213,215.416,1870.64
0.441406,-0.352295,0.924805,-3.34686,4.5639,207.353,1870.66
0.288757,-0.156372,1.19373,3.49899,-4.71603,197.769,1870.68
0.339661,0.0542603,0.92981,2.12982,-11.2576,195.487,1870.7
0.286194,-0.0921021,0.896667,9.5842,-1.82556,191.228,1870.72
0.145264,0.102478,1.07489,2.73834,-3.95538,183.469,1870.74
0.233765,0.0482788,0.979309,4.71603,-5.62881,172.211,1870.76
0.236328,0.0355225,0.965942,8.67142,-6.38947,169.929,1870.78
0.189819,-0.0244751,0.837524,5.93307,-0,166.278,1870.8
0.28186,-0.034668,0.82135,3.19473,0.15213,154.868,1870.82
0.294861,0.0459595,0.963928,3.49899,-2.28195,150,1870.84
0.239563,-0.059082,0.775208,3.95538,3.80325,146.045,1870.86
0.154968,0.0181885,1.19891,0.30426,-5.78094,140.112,1870.88
0.0130005,-0.196289,1.09009,1.5213,-0.30426,135.7,1870.9
-0.0176392,-0.172852,0.84198,9.88846,3.19473,135.396,1870.92
0.220825,-0.158875,0.895447,1.97769,1.97769,134.635,1870.94
0.114441,-0.153992,0.954956,1.97769,-2.58621,133.722,1870.96
0.0527344,-0.150574,0.921082,8.0629,5.02029,135.092,1870.98
0.0211182,-0.219116,0.954651,3.65112,2.28195,131.44,1871
0.148254,-0.186584,0.964111,2.58621,0.15213,130.832,1871.02
0.229431,-0.322205,1.02301,1.97769,-0.30426,127.333,1871.04
0.400757,-0.393372,0.797729,6.23734,-0.15213,118.814,1871.06
-0.0170288,-0.0625,0.934998,2.43408,0.608521,108.317,1871.08
0.0323486,-0.120239,1.01392,-2.28195,-8.51929,108.317,1871.1
0.0131836,-0.00537109,1.03156,-0.30426,-3.34686,98.8846,1871.12
0.0952759,-0.055481,0.871948,8.51929,-0.45639,98.7325,1871.14
0.230896,-0.00524902,0.965759,1.5213,-1.97769,98.4282,1871.16
0.243408,-0.0543823,0.907227,5.78094,2.43408,95.3856,1871.18
-0.118713,-0.0020752,0.849915,6.08521,-0.912781,94.6249,1871.2
0.0934448,-0.0108032,0.982239,-1.82556,-7.60651,94.0164,1871.22
0.0968018,-0.0151367,0.996887,-0.15213,-5.78094,90.6696,1871.24
0.222412,-0.104065,0.68634,6.08521,-1.36917,90.5174,1871.26
0.170898,0.0473633,1.05585,-3.49899,-2.89047,90.5174,1871.28
-0.0372925,0.0342407,0.950073,4.10751,3.49899,87.0184,1871.3
-0.00396729,0.0410156,0.987244,4.10751,-0.760651,83.9758,1871.32
0.0318604,0.0209351,0.864441,2.28195,-0.15213,84.7365,1871.34
0.12915,0.0544434,1.10938,1.5213,-2.43408,81.3896,1871.36
0.108276,0.0464478,0.794739,0.15213,-3.65112,81.0854,1871.38
0.114319,0.0114136,1.04089,1.5213,-4.10751,80.1726,1871.4
-0.0462646,0.0480347,0.861633,1.67343,0.912781,79.2598,1871.42
0.141052,-0.0994873,0.6875,3.34686,-8.36716,73.1746,1871.44
0.0996704,0.0726318,0.977173,-1.5213,0.912781,74.2395,1871.46
0.0227051,-0.0146484,0.963562,3.80325,-1.82556,70.5884,1871.48
0.0205078,0.0498657,0.972839,0.30426,-2.12982,68.7628,1871.5
-0.0119019,0.017334,0.992249,0.760651,-4.25964,65.5681,1871.52
0.0974121,-0.0466309,0.770203,3.49899,-3.95538,64.9596,1871.54
0.0600586,0.0269165,0.857117,5.47668,12.1704,55.5275,1871.56
0.0882568,-0.0641479,1.01471,-0,-4.41177,53.8541,1871.58
0.225159,-0.2146,0.779663,-1.82556,-3.34686,35.5984,1871.6
0.281189,-0.10498,1.16949,-2.58621,-6.08521,27.3834,1871.62
0.451721,-0.15625,0.834839,-0.45639,3.34686,23.2759,1871.64
0.0408325,-0.0310059,0.954163,3.49899,0.760651,14.9088,1871.66
0.216553,0.00579834,0.838867,1.21704,7.75864,1.97769,1871.68
0.00372314,-0.123901,1.06232,-1.21704,3.19473,-1.06491,1871.7
0.152527,-0.09375,0.892334,-0.760651,-5.47668,-0.15213,1871.72
-0.0717163,-0.0405884,1.20331,-1.5213,1.06491,0.30426,1871.74
0.0137939,-0.00537109,0.700806,6.99799,-4.5639,-2.28195,1871.76
0.0952148,-0.198486,1.13684,1.67343,-4.71603,-0.30426,1871.78
0.158508,-0.167603,1.01117,-2.12982,2.89047,-0.30426,1871.8
0.0895996,-0.0818481,0.793823,-7.30225,-0.45639,-0.45639,1871.83
0.0332642,0.0704346,1.21509,-2.89047,1.06491,-1.5213,1871.84
-0.0148926,-0.0358276,0.838257,3.0426,-2.73834,-2.28195,1871.86
-0.111755,0.0088501,1.06366,-3.65112,-0.608521,-2.43408,1871.88
0.0311279,0.104126,1.20734,-9.5842,4.71603,-0.30426,1871.9
-0.170715,-0.140564,0.824158,10.6491,-0.15213,-2.28195,1871.92
-0.177429,0.125671,1.16003,-6.99799,5.93307,-1.5213,1871.94
0.240845,0.112671,0.968506,-2.89047,6.84586,0.30426,1871.96
-0.00775146,-0.0153198,0.902954,-4.41177,-2.12982,-1.67343,1871.98
-0.0571289,0.0585938,1.00366,-2.12982,3.65112,-0.30426,1872
0.0635986,-0.00335693,1.03705,-2.43408,6.08521,-0.608521,1872.02
-0.203064,0.0264282,1.32001,1.82556,-2.73834,-2.43408,1872.04
0.234009,0.0286865,0.701477,8.67142,1.21704,0.15213,1872.06
     0,-0.0374146,1.06097,12.1704,3.0426,-0.760651,1872.08
-0.164734,0.0327759,0.83075,5.32455,1.06491,-0.608521,1872.1
0.188538,-0.132263,1.1825,0.15213,-13.0832,-2.58621,1872.12
-0.163208,0.142944,0.87085,9.88846,0.912781,-1.06491,1872.14
-0.299316,0.057251,0.759399,9.12781,0.608521,-9.43207,1872.16
-0.0950928,0.127625,1.06995,0.45639,-2.43408,-8.51929,1872.18
0.017395,0.153931,0.970215,-1.21704,-1.67343,-5.17242,1872.2
0.00689697,-0.0635986,0.96759,5.93307,2.89047,-4.71603,1872.22
-0.0161743,0.226746,0.965088,1.97769,-5.78094,-4.10751,1872.24
-0.0349121,0.199402,0.872681,2.43408,4.10751,-2.43408,1872.26
-0.142151,-0.106262,1.06549,1.97769,7.91077,-3.0426,1872.28
0.00872803,0.212952,1.00055,9.43207,7.75864,-2.12982,1872.3
0.134705,0.0565796,0.823975,6.69373,3.80325,-2.43408,1872.32
0.101074,-0.0133667,0.918396,3.65112,-5.62881,-5.32455,1872.34
0.0308228,-0.00427246,1.04236,1.06491,12.1704,-2.89047,1872.36
-0.0131836,0.0423584,1.03754,0.608521,0.760651,-3.80325,1872.38
0.235474,-0.0946655,0.690369,1.97769,-1.5213,-5.02029,1872.4
-0.147522,-0.110901,1.14948,1.82556,4.71603,-6.08521,1872.42
0.17804,-0.133362,0.633057,4.41177,1.67343,-2.89047,1872.44
-0.0709229,0.107727,1.05865,-5.32455,10.497,-5.17242,1872.46
-0.0921021,-0.0282593,1.04041,2.43408,11.5619,-3.95538,1872.48
0.0162354,0.0969849,1.11121,3.19473,0.608521,-4.86816,1872.5
0.0733032,0.00708008,0.939209,3.19473,-1.67343,-5.78094,1872.52
-0.00543213,0.032959,0.874878,0.912781,1.21704,-5.32455,1872.54
-0.0770264,-0.0797729,1.17572,-3.49899,12.0183,-8.21503,1872.56
0.276123,-0.11554,0.934631,5.17242,0.45639,-10.3448,1872.58
0.276123,-0.11554,0.934631,5.17242,0.45639,-10.3448,1872.6
0.276123,-0.11554,0.934631,5.17242,0.45639,-10.3448,1872.62
0.276123,-0.11554,0.934631,5.17242,0.45639,-10.3448,1872.64
0.348877,-0.0839233,0.817505,-8.36716,-11.5619,-23.7323,1872.66
0.203674,-0.180298,0.935608,2.73834,-0.15213,-42.9007,1872.68
0.290955,-0.185242,0.96875,-3.49899,-8.82355,-47.3125,1872.7
0.0473022,-0.0806274,0.959534,6.38947,-3.49899,-52.3328,1872.72
0.374207,-0.102234,1.02582,12.0183,-6.84586,-60.6999,1872.74
0.451355,-0.126526,0.826355,-1.67343,-9.12781,-62.0691,1872.76
0.237183,-0.0634155,1.00635,-4.71603,3.80325,-64.6553,1872.78
0.294312,-0.0125732,0.844788,14.4524,1.82556,-71.6533,1872.8
0.0137329,0.150696,0.995972,-8.36716,2.12982,-74.3916,1872.82
0.389893,0.117859,1.35455,-11.714,5.62881,-77.7385,1872.84
0.223511,-0.0930786,0.853394,3.0426,-6.99799,-83.6716,1872.86
-0.16156,-0.057251,0.721985,19.7769,9.12781,-88.5397,1872.88
0.134338,-0.0553589,0.649353,-10.6491,3.19473,-88.2355,1872.9
0.352417,0.0770874,0.846863,8.51929,0.15213,-86.7142,1872.92
0.525146,0.00256348,0.901917,-18.1035,-1.06491,-83.3673,1872.94
0.417358,0.0280762,1.19031,-16.5822,-5.32455,-82.9109,1872.96
0.705566,-0.0480957,0.2099,1.36917,-4.86816,-75.6087,1872.98
0.410645,-0.088623,1.08167,-11.4098,-0.45639,-78.347,1873
0.413635,0.233582,1.24762,-4.86816,-5.47668,-75.3044,1873.02
0.897278,-0.0886841,0.585266,-14.4524,-6.38947,-69.2192,1873.04
-0.173096,-0.171143,0.117859,17.0386,10.9534,-73.0225,1873.06
0.569397,-0.0425415,1.45642,-29.3611,-8.82355,-71.5012,1873.08
0.241089,-0.121643,0.259155,9.88846,3.49899,-67.5458,1873.1
-0.234741,-0.0299683,1.41394,-26.4706,-1.82556,-68.0022,1873.12
-0.0107422,0.0171509,0.935791,13.8438,13.0832,-68.6107,1873.14
-0.13739,-0.0969238,0.71405,-5.02029,-6.69373,-62.3734,1873.16
-0.169922,0.0681763,1.05225,-4.5639,-0.45639,-62.9819,1873.18
0.427185,0.0395508,1.19623,-14.3002,-12.0183,-60.8521,1873.2
-0.503906,-0.0348511,0.573547,-12.0183,0.15213,-58.2658,1873.22
-0.151855,-0.119202,1.35498,2.28195,-6.38947,-56.4403,1873.24
0.337769,0.0516968,0.62146,4.10751,2.58621,-48.5295,1873.26
-0.342407,0.261475,0.831238,-6.5416,5.47668,-36.6634,1873.28
-0.280457,0.21167,1.37854,-12.3225,-9.27994,-22.8195,1873.3
-0.528442,0.470703,1.13739,14.9088,17.495,-12.0183,1873.32
-0.151306,0.237793,0.863831,8.21503,-6.38947,7.15012,1873.34
0.102661,0.17511,1.15619,-4.5639,1.36917,13.0832,1873.36
0.0444336,0.345886,0.916382,0.912781,4.10751,14.3002,1873.38
0.121216,0.103027,1.09338,-4.86816,-9.88846,10.6491,1873.4
 0.237,0.126587,0.757751,11.1055,1.5213,-0.30426,1873.42
0.019165,0.0994263,0.886963,-6.38947,-1.82556,-0.15213,1873.44
-0.0344849,0.137939,1.13123,-8.51929,-1.5213,0.608521,1873.46
0.659485,0.182373,0.972046,6.99799,-2.58621,-5.17242,1873.48
0.0341797,0.28186,0.797668,6.69373,5.47668,-11.2576,1873.5
-0.0429688,0.293884,1.10095,-1.36917,2.89047,-16.8864,1873.52
0.0154419,0.320251,1.0036,-6.99799,-2.12982,-16.4301,1873.54
0.0335083,0.290894,0.931458,-0,1.21704,-21.2982,1873.56
0.195984,0.31958,0.981995,1.21704,0.912781,-23.7323,1873.58
0.37262,0.28125,1.15295,-5.62881,-2.89047,-25.2536,1873.6
-0.274841,0.208191,0.665833,-2.28195,1.82556,-26.6228,1873.62
0.505859,0.255859,0.873779,6.69373,-13.996,-31.6431,1873.64
-0.0487671,0.281494,0.530151,5.02029,-1.36917,-34.8378,1873.66
-0.00335693,0.400391,1.36163,-14.6045,-15.5173,-37.2719,1873.68
-0.248474,0.511414,1.12396,-2.58621,2.43408,-38.9453,1873.7
-0.0411377,0.446899,0.85614,7.60651,1.21704,-37.8804,1873.72
0.0561523,0.41925,0.829346,-3.65112,0.760651,-34.9899,1873.74
-0.145813,0.358643,0.878784,5.32455,0.760651,-35.5984,1873.76
0.0906982,0.342896,1.06897,-1.06491,-2.58621,-34.9899,1873.78
-0.00500488,0.381653,0.947327,1.97769,1.21704,-34.2293,1873.8
0.0376587,0.363525,1.06659,-9.27994,-4.71603,-30.1218,1873.82
-0.0344238,0.279236,1.08618,0.15213,5.93307,-26.7749,1873.84
0.175171,0.164978,0.748413,6.23734,1.97769,-24.0366,1873.86
0.0421753,0.0375977,0.756714,3.95538,7.60651,-30.1218,1873.88
0.252075,0.0534668,0.992432,-7.75864,-5.47668,-43.8135,1873.9
-0.0088501,0.196594,1.02576,-0.760651,0.15213,-50.6593,1873.92
-0.0390015,0.0886841,0.991943,-3.0426,-7.60651,-52.0285,1873.94
0.0706787,0.120178,0.772339,-0.760651,-1.21704,-54.919,1873.96
0.304321,0.216187,1.15088,-8.51929,-12.3225,-56.8967,1873.98
0.146851,0.135742,1.00055,-5.78094,5.47668,-66.633,1874
0.226135,0.194336,0.780396,0.15213,0.15213,-71.349,1874.02
0.24292,0.223633,1.12799,-8.36716,-1.06491,-76.2172,1874.04
0.178101,0.185486,1.02545,-2.73834,1.06491,-88.844,1874.06
0.242859,0.191223,0.698486,0.45639,4.41177,-93.2558,1874.08
-0.0455933,0.186829,0.8703,-5.47668,0.912781,-97.059,1874.1
0.32251,0.193909,1.18933,-3.65112,0.912781,-101.014,1874.12
0.250305,0.0915527,1.10065,0.912781,3.95538,-112.576,1874.14
0.360596,-0.0217896,0.759399,-3.49899,2.43408,-123.682,1874.16
-0.23468,0.125549,1.19873,-8.0629,-2.89047,-145.132,1874.18
0.41394,0.0133667,0.858826,-0.608521,3.49899,-155.933,1874.2
0.117371,0.0244141,1.06439,-8.51929,3.0426,-167.191,1874.22
0.13916,-0.0978394,0.756409,-8.51929,-2.58621,-190.315,1874.24
0.560669,0.00494385,1.20697,-6.84586,5.93307,-202.181,1874.26
0.375549,-0.16095,0.82373,-4.86816,2.43408,-213.743,1874.28
0.333313,-0.278625,1.01385,-8.82355,7.45438,-241.431,1874.3
0.512268,-0.147827,0.972168,-7.30225,1.21704,-256.035,1874.32
0.286621,0.0645142,0.974304,-6.5416,8.36716,-280.072,1874.35
0.0626221,0.0147705,1.04596,-5.93307,0.912781,-291.329,1874.36
0.384399,0.105347,0.996033,-10.1927,5.78094,-299.544,1874.38
-0.0211792,-0.0614624,0.978577,-12.0183,0.30426,-309.281,1874.4
0.442932,-0.0751343,0.72229,-13.0832,-1.82556,-328.449,1874.42
0.432434,0.0286255,0.997314,-18.8641,-3.65112,-340.771,1874.44
0.298706,0.151733,0.978088,-7.30225,7.75864,-351.725,1874.46
0.506165,0.0563354,0.870605,-6.5416,3.19473,-372.719,1874.48
0.334717,0.212952,0.68396,-8.36716,-1.36917,-379.413,1874.5
0.232178,0.239807,1.01569,-15.6694,3.95538,-383.52,1874.52
0.0668945,0.333862,0.990845,-16.8864,7.45438,-390.67,1874.54
0.43158,0.198303,0.998657,-8.67142,5.62881,-391.279,1874.56
0.228882,0.225952,0.661621,-9.5842,-6.38947,-397.82,1874.58
0.0591431,0.367859,0.758972,-4.10751,10.1927,-397.668,1874.6
-0.0372314,0.439636,1.23541,-11.2576,-18.1035,-386.563,1874.62
-0.0372925,0.506348,1.08929,-6.84586,3.65112,-367.851,1874.64
0.0227661,0.204163,0.753906,-10.1927,3.49899,-339.707,1874.66
-0.135986,0.398804,1.05109,-6.69373,0.912781,-332.404,1874.68
-0.389954,0.296265,0.7099,-10.8012,4.25964,-324.037,1874.7
-0.315796,0.363525,0.939453,-7.60651,6.5416,-302.435,1874.72
-0.234802,0.281128,0.912109,-5.62881,10.3448,-292.85,1874.74
-0.34436,0.205872,0.869385,-10.6491,7.60651,-286.005,1874.76
-0.0524902,0.14563,0.811584,-6.08521,4.10751,-265.163,1874.78
-0.370178,0.255554,0.804626,-2.12982,2.58621,-256.491,1874.8
-0.265869,0.102905,0.947876,-16.7343,4.86816,-244.777,1874.82
-0.0932617,0.128906,0.553284,4.71603,-1.82556,-228.956,1874.84
-0.146851,0.189209,0.8396,-16.2779,4.41177,-219.524,1874.86
-0.0598145,0.174438,1.10419,-3.65112,0.30426,-211.157,1874.88
-0.0779419,0.233032,1.23834,-22.0589,11.8661,-197.009,1874.9
-0.112732,0.352722,1.00995,1.67343,6.84586,-186.816,1874.92
-0.333984,0.324646,0.810852,-1.67343,-4.25964,-172.059,1874.94
-0.189575,0.0897827,0.746887,9.5842,0.15213,-159.889,1874.96
-0.171509,0.15271,1.11267,-16.4301,5.47668,-150.761,1874.98
0.27063,-0.455872,1.23779,-1.67343,1.36917,-153.043,1875
0.0427856,-0.170715,0.890198,4.71603,1.5213,-174.341,1875.02
0.169312,-0.121887,0.892883,-14.7566,-3.95538,-177.992,1875.04
0.355286,-0.235474,0.788574,-5.32455,8.67142,-180.883,1875.06
0.207947,-0.0823364,1.16931,-1.5213,0.30426,-186.968,1875.08
-0.151733,-0.313232,0.33136,-1.21704,6.38947,-183.621,1875.1
-0.214722,-0.0269775,1.51062,-11.1055,-10.497,-176.167,1875.12
-0.146545,-0.216736,0.931763,-18.1035,-13.6917,-158.063,1875.14
0.0437012,-0.0549927,1.43359,-9.12781,-5.17242,-150.305,1875.16
-0.146912,-0.211914,1.21375,2.89047,-0.608521,-131.897,1875.19
-0.299683,-0.259338,0.818176,-0,-9.88846,-122.008,1875.2
-0.0643921,-0.176758,1.37744,-4.71603,-0.30426,-110.903,1875.22
-0.256836,-0.185303,0.91272,6.5416,-8.67142,-104.513,1875.24
-0.19812,-0.0597534,0.861755,-8.21503,-6.5416,-85.9535,1875.26
-0.172241,-0.0845947,0.976807,6.38947,-3.34686,-71.6533,1875.28
-0.476868,-0.0341187,0.702637,-0.760651,-4.71603,-58.8744,1875.3
-0.190979,0.195984,0.771912,4.71603,-7.75864,-28.7526,1875.32
-0.213928,0.102295,1.3418,-8.82355,0.45639,-14.1481,1875.34
-0.633362,0.170471,1.2865,-2.43408,9.43207,-4.25964,1875.36
-0.295715,0.202332,1.07458,11.2576,8.67142,12.1704,1875.38
-0.104614,0.0698242,0.914062,6.23734,-1.82556,16.1258,1875.4
0.347961,0.0407104,0.679626,1.97769,-9.27994,19.4727,1875.42
-0.0514526,-0.0248413,0.790344,5.32455,9.73633,22.5153,1875.44
-0.026123,0.00195312,0.989563,15.5173,5.17242,18.712,1875.46
-0.144592,0.0865479,0.770264,5.62881,-7.15012,16.4301,1875.48
-0.140015,0.0632935,1.55115,-0.15213,-2.58621,13.996,1875.5
0.0446777,0.188232,0.674622,15.9737,9.27994,9.5842,1875.52
-0.00476074,-0.053894,0.868408,10.1927,-6.38947,4.25964,1875.54
0.0974731,0.280029,0.917236,-2.58621,-12.3225,-0,1875.56
0.53949,0.0909424,0.760742,4.41177,-6.69373,-3.49899,1875.58
0.0883789,0.225769,1.18317,3.0426,0.760651,-9.73633,1875.6
-0.121399,0.148987,0.88208,6.99799,-9.43207,-12.9311,1875.62
0.171265,0.22699,1.08105,-0.912781,0.912781,-5.47668,1875.64
-0.148987,0.0588379,0.739014,8.67142,3.0426,-0.30426,1875.66
-0.0984497,0.13623,0.83905,5.93307,5.78094,-2.12982,1875.68
0.098877,0.110168,1.091,-5.17242,1.06491,-0,1875.7
0.0223389,0.123413,0.912964,6.99799,4.25964,-1.06491,1875.72
0.139832,0.161377,0.957764,-1.82556,-6.5416,0.15213,1875.76
-0.0457764,0.104553,0.705261,-2.12982,5.62881,0.760651,1875.78
-0.0148315,0.0509644,0.730164,19.0163,6.99799,0.30426,1875.8
-0.069458,0.0703125,0.986267,-7.15012,5.32455,2.28195,1875.82
0.0499878,0.0603638,1.07526,1.97769,1.5213,-0,1875.84
-0.0869141,0.177673,1.22565,-7.15012,-1.5213,2.28195,1875.86
-0.0184326,0.13385,0.990234,4.25964,2.43408,0.45639,1875.88
0.086731,0.259888,1.05725,-2.89047,-1.36917,-1.82556,1875.9
0.0197754,0.226501,0.875549,5.62881,6.99799,-5.78094,1875.92
-0.10968,0.209595,0.977478,-4.41177,1.67343,-7.45438,1875.94
-0.16394,0.455933,0.778809,1.67343,0.608521,-3.65112,1875.96
0.154236,0.450134,0.966309,-1.82556,1.36917,10.497,1875.98
-0.105591,0.432495,1.11169,-2.28195,-0.30426,15.5173,1876
-0.0961914,0.46936,0.911682,7.30225,-2.12982,18.8641,1876.02
0.0144653,0.421021,1.0238,-0.608521,-1.67343,22.8195,1876.04
0.0397339,0.378479,0.923828,1.97769,-3.49899,23.2759,1876.06
-0.0302734,0.450317,1.05139,-0.45639,-2.73834,23.1238,1876.08
-0.0632935,0.521301,0.962708,-2.12982,0.45639,21.7546,1876.1
0.098938,0.454346,1.02533,3.95538,-0.608521,21.7546,1876.12
-0.0529785,0.492432,0.843262,1.36917,3.34686,22.211,1876.14
0.0674438,0.459717,1.00873,9.5842,3.0426,17.7992,1876.16
-0.0285034,0.364319,0.782837,1.36917,4.25964,13.996,1876.18
0.0838623,0.263306,1.08875,-3.34686,-2.28195,11.714,1876.2
-0.129517,0.181458,0.962646,-10.497,-1.06491,14.4524,1876.23
-0.00732422,0.197205,1.10608,6.84586,-2.58621,14.1481,1876.24
-0.0130615,0.150818,0.891174,0.30426,3.0426,16.7343,1876.26
-0.27655,0.0581055,1.03906,5.93307,-2.12982,31.7952,1876.28
-0.0483398,0.0281372,0.752686,5.47668,3.0426,39.706,1876.3
-0.09375,0.129211,1.19421,-1.5213,-3.95538,41.3794,1876.32
-0.272644,0.173279,0.961121,-3.80325,-1.97769,43.205,1876.34
-0.0715332,0.0827026,0.878235,1.67343,2.28195,46.8561,1876.36
-0.161011,0.0749512,1.01526,1.82556,-4.25964,57.6573,1876.38
0.0317383,0.00488281,0.917236,0.608521,-1.82556,88.2355,1876.4
-0.0505371,0.0216675,0.923584,8.36716,8.51929,99.4931,1876.42
-0.562134,0.0335693,0.733093,6.23734,13.8438,111.664,1876.44
-0.0349731,0.122253,0.953003,2.12982,-1.97769,132.657,1876.46
-0.402893,0.0952148,0.82782,-1.67343,-2.73834,141.785,1876.48
-0.380249,-0.00402832,1.28448,0.760651,1.36917,151.674,1876.5
0.0744019,0.189941,0.964172,2.73834,1.21704,176.319,1876.52
-0.294006,0.287659,1.04688,-4.25964,-9.88846,187.272,1876.54
-0.310181,0.0650635,0.899902,-12.4747,7.30225,207.81,1876.56
0.101196,0.0779419,1.23163,4.86816,-6.38947,218.002,1876.58
-0.211182,-0.0120239,0.621765,19.6248,-10.497,226.826,1876.6
0.0109253,0.0115967,0.853821,-2.73834,-2.58621,228.804,1876.62
-0.192566,-0.132935,0.880432,13.6917,-1.21704,226.217,1876.64
0.319031,-0.0953369,0.876465,2.73834,-2.43408,226.37,1876.66
0.065979,-0.0770874,1.00427,5.78094,-8.97568,228.499,1876.68
0.380432,0.00408936,0.799805,1.5213,-2.73834,221.958,1876.7
-0.154724,0.024231,0.832214,-3.49899,1.06491,227.282,1876.72
0.232788,-0.0488281,0.983215,4.71603,-2.58621,230.325,1876.74
0.213562,0.00195312,1.00745,-1.36917,1.21704,229.869,1876.76
0.238403,0.0151367,1.05359,10.0406,-2.12982,226.065,1876.78
0.259399,-0.0195312,0.800293,12.3225,-13.3875,223.023,1876.8
0.278564,-0.010437,0.821289,4.71603,-7.75864,227.891,1876.82
0.161682,-0.0640869,0.665894,2.43408,1.06491,226.065,1876.84
0.150818,0.0178223,1.12256,-0.45639,7.75864,220.893,1876.86
0.320068,-0.0560303,0.854309,6.5416,0.45639,214.808,1876.88
0.142029,0.0230103,1.08264,7.30225,-6.5416,209.483,1876.9
0.00756836,-0.00341797,0.946106,7.45438,-7.30225,206.136,1876.92
-0.0765991,-0.0784302,0.937683,-3.49899,-2.89047,200.203,1876.94
0.472473,-0.219788,0.993774,4.25964,4.41177,194.422,1876.96
0.30542,-0.625793,1.26477,5.78094,-0.608521,177.992,1876.98
0.401428,-0.306152,0.835632,6.38947,-12.3225,151.674,1877
0.0407104,-0.203064,0.774536,5.02029,-3.34686,151.522,1877.02
0.32959,-0.159424,0.946533,-1.67343,12.7789,153.651,1877.04
0.194641,-0.135132,1.05011,-13.5396,12.9311,147.87,1877.06
0.0818481,-0.152649,1.19977,-4.86816,4.25964,135.548,1877.08
-0.130798,-0.0685425,1.10712,3.19473,8.21503,127.333,1877.1
-0.228882,-0.0386353,1.14221,6.38947,-3.80325,127.029,1877.12
0.220093,-0.0397339,1.09338,5.62881,11.2576,130.071,1877.14
-0.327332,-0.0569458,0.758057,12.1704,9.73633,128.094,1877.16
-0.0627441,-0.0501099,1.12897,0.760651,11.8661,119.27,1877.18
-0.244324,-0.0149536,0.701233,-3.80325,-4.5639,116.38,1877.23
0.0088501,-0.133606,0.88562,-5.78094,-1.97769,118.357,1877.24
0.266174,-0.0532227,0.942566,7.60651,-11.5619,116.836,1877.26
-0.221863,0.266174,0.628174,-2.28195,-12.4747,120.639,1877.28
0.221069,-0.0358887,0.967529,8.21503,-4.5639,119.118,1877.3
0.0489502,0.0813599,0.850647,7.75864,-9.5842,103.601,1877.32
0.315308,0.16217,0.970764,0.15213,0.912781,96.1462,1877.34
-0.090332,0.0708618,1.12433,-1.67343,-8.0629,86.562,1877.36
0.809509,0.085083,0.908997,5.93307,-10.3448,77.5864,1877.38
-0.102661,0.178772,0.964111,-0.760651,-1.06491,66.7851,1877.4
-0.124512,0.121948,1.13519,6.69373,6.69373,52.3328,1877.42
0.311218,-0.0300293,0.69458,3.95538,9.12781,44.2699,1877.44
-0.217041,0.1651,1.43121,6.84586,-1.67343,36.5112,1877.46
0.0390015,0.0519409,1.0213,-7.15012,-0.912781,26.6228,1877.48
0.546753,0.0444336,0.947327,-0.760651,-5.93307,16.2779,1877.5
0.134033,0.145264,0.67926,8.67142,-8.97568,7.75864,1877.52
0.204956,0.101013,0.956848,3.34686,-4.86816,-2.73834,1877.54
-0.0316162,0.0922852,0.676208,2.28195,0.608521,-0.15213,1877.56
0.00567627,0.0791016,0.858948,10.6491,-0.912781,-2.43408,1877.58
0.0813599,0.0894775,0.881592,-3.65112,-0.45639,0.45639,1877.6
0.0924072,0.194946,1.12354,-4.10751,-2.43408,-1.5213,1877.62
-0.208374,0.258118,0.964172,3.80325,1.21704,-9.88846,1877.64
-0.00219727,0.383179,0.831604,0.15213,0.912781,-12.3225,1877.66
0.0608521,0.493958,0.928162,1.5213,2.89047,-7.91077,1877.68
0.0552368,0.434509,0.943542,4.10751,0.608521,-7.75864,1877.7
0.0250244,0.442627,0.968567,-0.30426,1.21704,-8.0629,1877.72
0.0571899,0.401978,0.891785,0.45639,0.15213,-7.91077,1877.74
-0.0339355,0.505859,1.08667,-1.97769,-0.608521,-6.99799,1877.76
-0.00286865,0.466064,1.05768,-5.62881,-1.06491,-4.25964,1877.78
0.0449829,0.327515,0.877136,5.02029,2.58621,-4.10751,1877.8
0.134583,0.339172,0.993835,-0.912781,0.30426,-5.93307,1877.82
0.0355225,0.331177,0.946838,-1.36917,0.912781,-5.02029,1877.84
0.274353,0.257324,1.03088,-0.760651,-2.28195,-5.32455,1877.86
0.150085,0.396057,0.988037,-0.30426,3.49899,-5.47668,1877.88
0.0234985,0.254883,1.08972,-6.99799,2.43408,-8.82355,1877.9
-0.00268555,0.15802,0.853821,6.84586,0.30426,-9.43207,1877.92
0.219055,0.207886,0.951355,-11.2576,-6.69373,-12.6268,1877.94
0.105408,0.181091,1.11108,-1.67343,4.41177,-15.6694,1877.96
0.0652466,0.165894,0.809937,5.62881,5.93307,-18.712,1877.98
-0.0368652,0.133606,0.951477,-2.58621,-0.45639,-19.6248,1878
0.169678,0.108521,0.797607,1.97769,11.1055,-23.428,1878.02
0.156372,0.186951,1.11084,-10.9534,-6.84586,-24.9493,1878.04
0.124695,0.295471,1.23474,7.30225,-0.608521,-28.1441,1878.06
0.144104,0.120667,0.914856,-2.12982,6.5416,-31.9473,1878.08
0.108093,0.0679932,0.838989,6.99799,-1.06491,-34.5335,1878.1
0.0391235,0.136719,0.840027,-10.1927,-6.08521,-34.3814,1878.12
0.212219,-0.00708008,0.804626,5.62881,-6.69373,-42.9007,1878.14
0.0389404,0.0335083,1.13446,-8.21503,-8.0629,-43.6613,1878.16
-0.188599,0.127319,0.809509,8.67142,-10.0406,-46.5518,1878.18
0.0978394,0.217957,1.48566,-21.9067,-8.36716,-45.4869,1878.2
0.346191,-0.0152588,0.0626221,25.5579,18.712,-46.3997,1878.22
-0.0393066,-0.0779419,0.932678,-28.1441,2.28195,-47.3125,1878.24
-0.00793457,-0.119263,0.349243,-1.82556,4.86816,-44.7263,1878.26
-0.388123,0.0425415,1.20837,-19.3205,-3.49899,-40.923,1878.28
0.0953979,-0.0808716,0.913391,24.1887,-2.58621,-38.4889,1878.3
-0.345154,-0.0206909,1.44464,-8.67142,-6.84586,-30.5782,1878.32
0.201233,-0.0882568,0.567383,24.0366,-15.5173,-29.6654,1878.34
0.0891724,-0.0229492,0.807312,-8.82355,-7.15012,-25.5579,1878.36
-0.646973,0.00439453,0.821472,5.47668,11.4098,-17.3428,1878.38
-0.400391,-0.0108643,1.11298,0.912781,21.1461,-15.0609,1878.4
0.000976562,-0.0667725,0.837036,6.5416,-14.6045,-10.0406,1878.42
0.0811768,-0.113586,0.98175,5.17242,-7.15012,-5.32455,1878.44
-0.052002,-0.104736,0.821899,0.15213,-4.71603,-3.0426,1878.46
-0.0463867,-0.0584106,1.09198,-0.608521,1.21704,-3.34686,1878.48
0.0216675,-0.185242,1.05359,4.86816,-9.12781,-5.93307,1878.5
0.149536,-0.139221,0.856384,4.5639,-7.30225,-7.45438,1878.52
-0.0128174,-0.170105,0.814087,-1.67343,-3.19473,-10.1927,1878.54
0.196777,-0.00384521,0.96051,-0.15213,9.5842,-10.0406,1878.56
-0.139282,-0.139465,0.89502,-9.5842,11.5619,-13.8438,1878.58
0.322693,-0.0688477,1.06177,-1.5213,4.10751,-14.4524,1878.6
0.138611,-0.078186,1.03278,-5.17242,4.25964,-14.3002,1878.62
0.192322,-0.0152588,0.929077,4.86816,1.36917,-17.1907,1878.64
0.241272,-0.159058,0.845215,-5.62881,-1.67343,-16.8864,1878.66
-0.113037,-0.110474,0.746521,-3.34686,5.02029,-17.1907,1878.68
0.108704,-0.0801392,1.06555,-8.97568,-0.760651,-19.4727,1878.7
-0.0419312,-0.055481,0.894226,0.15213,2.89047,-22.3631,1878.72
-0.0524902,0.0280151,1.03003,0.15213,1.67343,-21.1461,1878.74
0.25238,-0.0747681,0.881104,1.97769,-4.5639,-23.5802,1878.76
-0.0827026,0.0600586,0.852661,-7.15012,-4.86816,-25.4057,1878.78
0.466003,-0.108276,1.10138,-6.84586,0.15213,-28.9047,1878.8
0.00396729,-0.00512695,0.986511,-5.47668,-0.912781,-32.4037,1878.82
-0.341675,0.134766,0.874634,-6.69373,7.75864,-28.4483,1878.84
0.0653076,0.0704956,1.15295,-1.67343,-3.0426,-23.8844,1878.86
-0.078064,0.0766602,0.883057,11.4098,-5.02029,-28.2962,1878.88
0.0568848,0.00799561,0.770935,-6.08521,-3.0426,-25.8621,1878.9
-0.0968018,0.0687256,0.55365,9.88846,-0,-29.5132,1878.92
-0.221069,0.0726929,0.739685,-15.213,11.1055,-25.5579,1878.94
0.0996094,0.0622559,1.98004,-17.495,-8.67142,-23.7323,1878.96
-0.0219116,0.155945,0.773438,-28.7526,10.8012,-27.8398,1878.98
0.0227051,0.200867,1.27936,-0.15213,7.75864,-30.2739,1879
0.241211,0.0761108,0.599365,9.43207,1.06491,-33.0122,1879.02
0.292908,0.128845,1.27582,-4.71603,-13.6917,-38.4889,1879.04
0.298523,-0.225525,0.610901,3.0426,-2.43408,-46.3997,1879.06
0.47876,-0.160217,0.933655,10.6491,10.6491,-77.4342,1879.08
0.302551,-0.197449,0.590332,-1.06491,6.23734,-91.2781,1879.1
0.427979,-0.0269165,1.25409,-11.8661,-12.3225,-104.057,1879.12
0.670898,-0.194702,0.858521,-0.912781,4.86816,-120.791,1879.14
0.0879517,-0.158936,0.801575,-2.12982,3.34686,-145.893,1879.16
0.397156,-0.162842,1.02136,-9.43207,-0.608521,-152.891,1879.18
0.163086,-0.210938,0.735779,6.08521,5.47668,-172.82,1879.2
0.292114,-0.0380859,1.02753,-12.4747,-5.47668,-181.643,1879.22
0.567139,-0.0548706,0.759949,-7.30225,-5.62881,-190.467,1879.24
0.271606,0.0267334,0.886963,-13.0832,-9.73633,-199.595,1879.26
0.159302,-0.0353394,0.737488,2.89047,4.86816,-217.394,1879.28
0.268494,0.0803833,1.01135,-9.73633,-0.45639,-223.783,1879.3
0.19104,0.0550537,0.941772,-7.45438,-3.49899,-228.499,1879.32
-0.0283203,0.123169,1.18866,-2.28195,7.91077,-237.779,1879.34
0.386719,0.0401611,0.847534,6.08521,10.8012,-242.191,1879.36
0.404907,0.0635376,0.607422,-11.1055,1.67343,-243.56,1879.38
0.0517578,0.215088,1.04291,-1.06491,1.21704,-256.491,1879.4
0.0692749,0.100464,0.808716,0.608521,-3.80325,-261.512,1879.42
-0.182617,0.212769,1.01599,-20.6897,5.47668,-263.489,1879.44
0.340942,0.134644,0.795532,-4.41177,3.49899,-265.315,1879.46
0.098999,0.246704,0.857849,2.73834,3.95538,-271.096,1879.48
-0.0896606,0.30719,0.866211,-17.1907,-2.12982,-274.138,1879.5
0.233459,0.119446,0.781372,3.19473,-6.5416,-279.007,1879.52
0.0457153,0.358276,0.762878,-8.67142,14.1481,-280.224,1879.54
0.197449,0.158142,1.01422,-12.9311,9.43207,-280.376,1879.56
0.136597,0.248901,0.891235,-13.8438,10.0406,-280.68,1879.58
-0.0631714,0.2146,0.91217,-8.36716,11.5619,-283.114,1879.6
0.21405,0.26239,1.35925,-23.1238,2.28195,-281.593,1879.62
0.1203,0.221008,1.11267,-0.45639,8.21503,-282.506,1879.64
0.0890503,0.0762329,0.497925,-2.43408,-0,-283.875,1879.66
0.50061,0.407593,1.71185,0.15213,4.86816,-273.378,1879.68
0.164673,0.0795898,0.260437,3.0426,3.80325,-270.183,1879.7
0.0673218,0.188293,1.32703,-13.996,-1.82556,-269.118,1879.72
-0.174316,0.575928,0.371338,-11.714,-3.34686,-251.015,1879.74
0.107178,0.147949,1.40338,-23.428,27.9919,-245.69,1879.76
0.107178,0.147949,1.40338,-23.428,27.9919,-245.69,1879.78
0.107178,0.147949,1.40338,-23.428,27.9919,-245.69,1879.8
0.107178,0.147949,1.40338,-23.428,27.9919,-245.69,1879.82
0.0728149,0.408142,1.28699,-28.2962,9.88846,-238.996,1879.84
-0.13147,0.282349,1.37354,-21.7546,-7.45438,-223.327,1879.86
0.218567,0.0352173,0.857788,-25.5579,-4.86816,-211.309,1879.88
-0.2276,0.331848,1.17126,-3.0426,-2.43408,-203.702,1879.9
-0.323181,0.0430908,0.361816,-2.28195,11.2576,-195.487,1879.92
-0.266296,0.122314,0.633911,0.608521,8.97568,-180.578,1879.94
0.00341797,0.239807,1.21271,-17.1907,8.51929,-171.451,1879.97
-0.695007,0.205872,1.00067,4.5639,10.6491,-163.996,1879.98
-0.0803223,0.125,1.14746,-14.1481,-3.0426,-143.002,1880
-0.235352,0.17395,0.973328,3.95538,-1.06491,-134.635,1880.02
-0.402893,0.0361938,0.820618,-6.69373,-0.608521,-125.051,1880.04
-0.319214,-0.0336304,0.854858,5.78094,-4.71603,-97.9718,1880.06
-0.329651,-0.0250854,0.925598,-7.60651,4.10751,-85.8014,1880.08
-0.345886,-0.000183105,0.889038,1.5213,-1.21704,-62.6776,1880.1
-0.435242,-0.0682373,0.945801,-5.02029,1.67343,-50.3551,1880.12
-0.18811,-0.0679321,1.0213,1.21704,-0.760651,-39.4017,1880.14
-0.167908,-0.0852051,0.837952,3.19473,-3.65112,-26.6228,1880.16
-0.343811,-0.0457764,0.937195,4.41177,-2.73834,-3.0426,1880.18
-0.0980225,-0.11908,0.904968,-1.36917,3.95538,6.23734,1880.2
-0.100342,-0.110291,0.979248,1.5213,-0.608521,10.8012,1880.22
-0.156982,-0.143127,0.900635,-1.5213,0.15213,23.5802,1880.24
0.0496826,-0.669189,1.01831,0.912781,-0.15213,17.9514,1880.26
-0.148438,-0.336975,1.02777,1.36917,4.25964,13.3875,1880.28
-0.218567,-0.232239,0.788879,5.02029,4.71603,24.6451,1880.3
0.124512,-0.367798,0.894592,3.0426,-4.41177,26.1664,1880.32
-0.213135,-0.244019,1.18878,2.73834,-1.21704,27.6877,1880.34
0.0518799,-0.210632,0.849426,5.62881,-1.97769,29.6654,1880.36
-0.191162,-0.192932,0.86499,8.0629,-5.02029,30.8824,1880.38
-0.583191,-0.176697,0.753296,8.36716,10.6491,38.1847,1880.4
-0.434937,-0.179871,1.05774,1.97769,-4.5639,39.5538,1880.42
0.0869141,-0.225647,0.592773,16.7343,3.19473,41.3794,1880.44
0.264893,-0.278503,0.952881,-5.93307,-10.8012,44.7263,1880.46
-0.299561,-0.233643,1.1228,-5.78094,2.89047,50.5072,1880.48
-0.883972,-0.184998,1.04016,10.8012,4.5639,52.0285,1880.5
0.554565,-0.259521,0.906921,6.69373,-9.43207,53.3977,1880.52
-0.412781,-0.177917,1.17358,-4.10751,5.47668,53.2455,1880.54
0.158691,-0.25824,1.12006,10.0406,5.93307,52.3328,1880.56
-0.16272,-0.236755,0.655701,20.3854,-1.82556,51.2679,1880.58
-0.484314,-0.0517578,0.954712,4.41177,10.8012,57.3531,1880.6
0.0283813,-0.0996704,0.81897,-5.62881,-6.23734,60.5478,1880.62
-0.375916,-0.069397,1.25409,4.86816,-1.5213,59.0265,1880.64
-0.0222778,-0.102783,0.691711,-4.71603,-4.10751,60.2435,1880.66
-0.0899658,-0.0630493,0.94751,6.5416,2.43408,60.8521,1880.68
-0.0942993,-0.0482788,1.13995,-5.78094,-7.15012,59.4829,1880.7
-0.347961,-0.109741,1.39465,25.4057,7.45438,57.2009,1880.72
0.614807,-0.142273,0.424683,15.6694,0.45639,59.1786,1880.74
0.406738,-0.0361938,0.663269,3.34686,17.495,58.418,1880.76
-0.00665283,0.167297,0.89093,-6.69373,0.912781,60.6999,1880.78
0.313599,0.045166,0.857056,-1.82556,-4.41177,61.1563,1880.8
-0.282227,-0.0128784,0.690674,0.608521,-13.5396,62.9819,1880.82
-0.0577393,0.0216064,0.756104,7.91077,1.06491,64.5032,1880.84
-0.0460205,0.100647,0.810303,3.65112,-5.02029,67.5458,1880.86
0.245483,0.0154419,0.704468,13.6917,8.97568,67.5458,1880.88
-0.119202,0.186035,0.853333,14.9088,2.58621,68.9149,1880.9
-0.249329,0.172729,0.932861,-4.41177,-7.75864,72.4139,1880.92
0.741394,0.13147,1.03131,-5.78094,-3.80325,73.4789,1880.94
-0.20105,0.0958862,0.683838,7.75864,-14.9088,76.0651,1880.96
-0.0892334,0.0109253,1.05035,-8.21503,-7.75864,79.7162,1880.98
0.0270386,0.0498047,1.00568,6.23734,1.97769,79.8683,1881
-0.135071,0.0913086,1.01312,8.97568,-4.25964,80.4768,1881.02
0.173279,0.140015,0.899902,6.5416,3.19473,83.8237,1881.04
0.385681,0.0793457,1.09149,-5.78094,5.17242,81.846,1881.06
-0.0377197,0.0540161,0.79071,-12.3225,-13.6917,80.629,1881.08
-0.103394,-0.0222778,1.74414,-20.5376,-1.36917,79.7162,1881.1
-0.429749,0.0158691,0.891479,22.3631,8.36716,74.3916,1881.12
-0.00561523,0.100708,1.04639,-4.41177,0.608521,75.1523,1881.14
-0.0952759,-0.0297241,0.889954,-0.608521,-7.60651,73.4789,1881.16
-0.185303,0.129456,1.23218,0.912781,3.34686,64.5032,1881.18
-0.078125,-0.0793457,0.72937,12.7789,-0.912781,60.3957,1881.2
0.0526123,0.0614014,0.75885,-3.95538,-0.30426,59.1786,1881.22
-0.0291748,0.141724,1.4859,-6.38947,-6.84586,54.4626,1881.24
-0.0116577,-0.0710449,1.1004,-0,-0.760651,49.5944,1881.26
0.200806,-0.105957,0.646973,-0,-2.12982,48.8338,1881.28
0.0966797,0.0617065,1.24426,0.15213,7.30225,44.422,1881.3
0.119995,-0.0916138,0.622925,2.43408,-1.06491,42.5964,1881.32
0.0768433,0.039917,1.04828,-3.19473,-3.0426,43.6613,1881.34
-0.17981,0.0757446,1.25562,-2.28195,5.78094,42.4443,1881.36
0.288574,-0.026123,0.607361,8.21503,13.5396,38.3368,1881.38
-0.376221,0.211914,0.907959,-4.5639,4.41177,40.923,1881.4
-0.121277,-0.0543823,0.838013,-1.06491,3.80325,40.0102,1881.42
0.814819,-0.207275,0.371338,-1.21704,-14.3002,39.5538,1881.44
-0.584656,0.24823,1.20306,-13.996,7.91077,38.9453,1881.46
0.26416,-0.157471,0.730286,3.0426,-23.8844,35.7506,1881.48
0.233704,-0.0107422,1.11786,2.89047,4.41177,30.2739,1881.5
-0.353271,0.0736084,1.04205,-11.2576,10.0406,29.9696,1881.52
0.0654907,-0.069519,1.22876,3.49899,3.95538,28.7526,1881.54
0.00976562,0.0255737,0.833252,-4.25964,-3.80325,20.994,1881.56
0.0612183,-0.0653076,0.779785,-2.58621,1.97769,18.8641,1881.58
0.375122,-0.124023,0.932434,0.15213,9.5842,16.2779,1881.6
0.129517,-0.0264893,1.17908,8.67142,5.93307,13.996,1881.62
0.624634,-0.0539551,0.489685,10.8012,-5.78094,13.996,1881.64
-0.687439,0.00274658,1.1181,-22.5153,-5.32455,16.1258,1881.66
0.132202,0.0175781,1.08435,8.67142,5.93307,13.3875,1881.68
-0.225769,-0.00177002,0.497925,0.45639,1.21704,12.6268,1881.7
0.424927,-0.00567627,1.04144,-1.5213,1.97769,13.8438,1881.72
-0.0401001,-0.0499878,1.19977,-3.49899,-0.30426,15.3651,1881.74
-0.198242,0.09198,0.864014,13.2353,-9.12781,12.3225,1881.76
0.467407,-0.0584717,0.970764,-18.4077,-3.34686,19.7769,1881.78
0.0856934,0.0932007,1.3877,14.1481,9.73633,18.4077,1881.8
-0.120422,-0.0987549,0.402832,13.3875,-9.73633,15.213,1881.82
-0.149963,0.151733,1.24298,-6.38947,5.93307,13.5396,1881.84
-0.0147705,0.147827,0.987976,21.6025,6.84586,5.17242,1881.86
0.347351,-0.00640869,0.497864,6.23734,-9.5842,3.19473,1881.88
-0.00872803,0.0776367,0.817078,-1.36917,-1.06491,0.15213,1881.9
0.127991,-0.0134888,0.769165,-16.2779,7.45438,2.43408,1881.92
0.0140991,0.171753,1.24493,-0.30426,2.89047,0.760651,1881.94
0.267456,0.000366211,0.633911,4.5639,3.0426,2.28195,1881.96
-0.0113525,0.159729,0.768188,2.58621,-4.41177,-7.60651,1881.98
0.342773,0.1745,0.868652,-18.8641,-3.19473,-9.5842,1882
-0.0459595,0.0787354,0.824097,4.71603,-2.73834,-14.3002,1882.03
0.146423,0.223267,0.785339,-3.65112,-7.60651,-13.0832,1882.04
0.0157471,0.332947,1.25183,-17.0386,0.45639,-8.67142,1882.06
-0.133118,0.167297,0.97522,-1.97769,-0.15213,-8.36716,1882.08
-0.154053,0.309265,0.796448,4.10751,3.0426,5.32455,1882.1
0.143066,0.279663,1.16382,0.15213,6.08521,14.3002,1882.12
-0.251282,0.391785,0.978882,-6.84586,3.19473,18.5599,1882.14
0.0142822,0.361755,1.16541,7.15012,3.80325,20.994,1882.16
-0.0299072,0.268494,0.61853,4.25964,-0.30426,21.6025,1882.18
-0.124756,0.38739,1.23004,1.82556,4.86816,28.1441,1882.2
-0.108154,0.200562,0.719238,3.19473,6.5416,33.6208,1882.22
0.0985107,0.342896,1.10889,-6.69373,0.912781,38.1847,1882.24
0.122925,0.20697,0.771851,-2.58621,-2.28195,42.14,1882.26
-0.133728,0.343262,0.912598,-0.30426,0.15213,41.0751,1882.28
0.124756,0.212463,0.659851,7.45438,-2.12982,40.923,1882.3
-0.105469,0.285156,0.795288,-4.25964,1.5213,42.14,1882.32
-0.479004,0.295471,0.881348,7.15012,5.93307,41.9879,1882.34
0.370056,0.230042,0.862793,1.82556,-1.06491,43.0528,1882.36
0.533569,0.254211,1.04266,1.67343,1.06491,42.7486,1882.38
-0.0826416,0.254578,1.08038,-0.15213,0.15213,42.14,1882.4
0.136292,0.281494,0.841858,3.34686,-1.06491,41.0751,1882.42
0.190674,0.215393,0.946899,1.36917,1.97769,39.706,1882.44
0.500366,0.104675,0.907837,1.97769,-0.15213,33.6208,1882.46
-0.115417,0.207031,1.02179,0.15213,2.58621,32.5558,1882.48
0.294312,0.186768,0.775879,1.21704,1.36917,22.0589,1882.5
-0.125671,0.0723267,0.963013,0.15213,0.45639,19.7769,1882.52
0.370361,0.0236206,0.993591,1.06491,-0.912781,14.3002,1882.54
0.268921,0.0200195,0.982849,-0.30426,0.15213,0.912781,1882.56
0.0604858,0.0280151,0.891663,-0,-0.608521,-1.5213,1882.58
-0.0910034,0.0313721,0.98822,-0.912781,-1.06491,0.912781,1882.6
-0.00201416,-0.0772095,0.925415,0.45639,-0.760651,1.5213,1882.62
0.0184326,-0.0110474,0.961182,-0.15213,-1.97769,0.760651,1882.64
0.0323486,0.0521851,0.92572,1.06491,-1.21704,-2.43408,1882.66
0.0396729,0.156921,0.94751,-2.73834,0.608521,1.5213,1882.68
-0.0149536,0.223328,0.950867,-1.82556,-4.10751,9.73633,1882.7
-0.00689697,0.165955,0.974426,-2.28195,-1.36917,6.84586,1882.72
0.0429688,0.164917,0.994873,-1.67343,0.912781,12.9311,1882.74
0.00939941,0.156738,1.01068,2.73834,-0.30426,12.7789,1882.76
0.00445557,0.14917,0.798279,2.89047,-1.5213,12.1704,1882.78
-0.0595703,0.167114,1.0321,-5.32455,-0.30426,14.3002,1882.8
-0.022522,0.045105,0.793579,1.06491,-2.89047,26.6228,1882.82
-0.121216,0.0849609,1.08307,-3.65112,-0.760651,32.4037,1882.84
-0.221924,0.0675049,0.900696,-0.30426,-2.43408,44.8784,1882.86
-0.104736,0.0199585,1.05438,-1.5213,-2.28195,51.1157,1882.88
-0.0477905,-0.0324707,0.855042,7.60651,-0.912781,55.5275,1882.9
-0.122925,-0.00756836,1.01923,-0.15213,1.21704,60.2435,1882.92
0.00836182,-0.0411987,0.826782,5.02029,-3.19473,75.0002,1882.94
-0.144531,-0.0770264,0.827881,-4.25964,-4.86816,80.4768,1882.96
-0.0569458,0.0163574,1.01636,5.62881,-1.21704,87.627,1882.98
-0.273743,0.0435181,0.884155,4.41177,3.65112,101.623,1883
0.0278931,-0.0645142,0.959473,4.10751,-5.93307,112.576,1883.03
-0.0250854,-0.129028,1.00934,9.27994,-1.67343,116.684,1883.04
-0.0390015,-0.0220337,0.805298,10.1927,6.69373,119.118,1883.06
-0.0283813,-0.121399,0.879578,-3.34686,-1.82556,122.617,1883.08
0.330994,-0.232239,0.898926,12.7789,2.73834,126.42,1883.1
-0.0428467,-0.0343018,1.05029,13.996,5.93307,130.376,1883.12
0.13501,-0.151245,0.767456,2.43408,-5.62881,132.657,1883.14
-0.0706787,-0.0949097,1.09009,2.58621,5.02029,136.004,1883.16
-0.0855713,-0.0884399,0.771729,7.75864,5.62881,136.461,1883.18
-0.0969849,-0.131226,0.924255,-6.99799,2.58621,137.982,1883.2
0.0209351,-0.139526,0.842102,10.8012,0.912781,140.72,1883.22
-0.292419,-0.0235596,1.00458,2.73834,-0,142.85,1883.24
0.117065,-0.0414429,0.864807,9.5842,-8.82355,148.023,1883.26
0.204712,-0.0450439,1.02832,6.08521,0.760651,152.891,1883.28
-0.331665,-0.000366211,0.693665,0.912781,-3.65112,153.043,1883.3
-0.102783,0.0410156,1.01953,-12.7789,-1.36917,154.868,1883.32
-0.0127563,0.00866699,0.774963,8.51929,-0.45639,165.822,1883.34
-0.269714,0.158569,1.19684,-1.36917,1.21704,170.386,1883.36
-0.52063,0.0620117,1.20953,10.3448,1.06491,172.668,1883.38
-0.00598145,0.0570068,0.828552,8.67142,-3.80325,183.317,1883.4
-0.38623,0.0314331,1.00336,-1.21704,-4.86816,187.424,1883.42
0.0261841,0.0807495,0.971191,5.78094,-5.62881,193.053,1883.44
-0.412781,0.296875,1.55133,-7.45438,4.86816,208.418,1883.46
0.160095,0.036438,0.754883,18.8641,-7.75864,214.503,1883.48
-0.562073,0.144165,1.00409,-3.95538,0.15213,226.826,1883.5
-0.0406494,0.0358887,0.442688,23.1238,-8.0629,241.887,1883.52
0.0325928,0.176636,0.769287,-7.30225,1.21704,250.71,1883.54
0.406982,0.255676,0.995422,12.0183,3.19473,255.731,1883.56
-0.341675,0.173828,0.516235,5.02029,-3.34686,259.838,1883.58
-0.187927,0.168823,0.850769,16.4301,-2.43408,265.923,1883.6
0.252014,0.0270386,0.94043,8.21503,-5.02029,271.096,1883.62
-0.270386,0.368408,0.914307,-4.25964,-10.8012,275.051,1883.64
-0.765686,0.283264,1.78607,-4.5639,3.65112,277.181,1883.66
-0.396362,0.121582,0.775391,23.8844,14.9088,279.159,1883.68
0.100037,0.352417,0.94281,17.1907,-0.608521,286.005,1883.7
-0.257751,0.336487,0.721497,-1.97769,-2.12982,287.83,1883.72
-0.501099,0.481567,1.71039,0.760651,6.5416,289.656,1883.74
-0.54657,0.2771,1.0722,8.21503,9.43207,290.264,1883.76
0.102417,0.0939331,0.510864,29.9696,-9.27994,292.394,1883.78
0.148376,0.0272217,0.642273,14.7566,-6.5416,294.22,1883.8
-0.236084,0.166931,0.924866,16.7343,-0,293.915,1883.82
-0.194824,0.0874634,0.863586,1.06491,-0.45639,295.132,1883.84
-0.434509,0.176636,1.14966,16.2779,7.60651,295.437,1883.86
0.391907,0.086792,0.413208,12.9311,-6.38947,298.936,1883.89
-0.286377,0.250366,0.985535,1.82556,-2.58621,296.654,1883.9
-0.326416,0.409912,1.28925,5.78094,3.65112,294.372,1883.92
-0.415894,0.288147,0.957092,5.47668,7.15012,292.09,1883.94
-0.0769043,0.071228,0.841309,19.4727,5.32455,292.394,1883.97
0.0133057,0.0772095,0.897705,17.0386,7.15012,291.786,1883.98
0.0526123,0.184082,0.655334,31.4909,6.84586,291.481,1884
-0.0217896,0.252258,1.31,0.15213,-20.6897,289.96,1884.02
0.420837,0.143677,0.752563,14.3002,-4.86816,288.287,1884.04
-0.266907,0.525574,1.22815,3.19473,3.49899,295.285,1884.06
-0.822021,0.324341,1.03625,23.428,7.60651,298.479,1884.08
-0.422119,0.393311,0.920959,19.6248,12.0183,302.13,1884.1
0.0720215,0.448059,0.724854,2.89047,-3.0426,313.388,1884.12
-0.101501,0.524841,1.51019,1.5213,-9.43207,314.909,1884.14
-0.0556641,0.366699,0.930176,12.1704,-3.80325,314.453,1884.16
-0.243042,0.465332,0.751709,14.1481,-14.7566,312.019,1884.18
0.257629,0.272278,0.959473,15.5173,-0,310.802,1884.2
0.0667114,0.424072,1.07629,7.45438,-6.38947,310.041,1884.22
0.407288,0.186523,0.635681,7.91077,-1.21704,299.848,1884.24
-0.184509,0.204834,0.971375,3.80325,-5.02029,285.092,1884.26
0.725403,0.0750122,0.863281,21.4503,-1.5213,267.749,1884.28
0.461609,0.175476,1.19794,-6.5416,-2.43408,234.889,1884.3
-0.598083,0.271545,1.19257,16.4301,15.3651,221.958,1884.32
0.405701,0.121826,0.698975,13.8438,-1.5213,218.611,1884.34
-0.37085,0.218018,1.22119,7.15012,6.23734,218.915,1884.36
0.141479,0.0515137,0.700806,-4.25964,6.69373,216.025,1884.38
-0.0596924,0.161133,0.888916,1.97769,-6.84586,212.374,1884.4
-0.232056,-0.0283813,0.986389,3.34686,6.99799,212.069,1884.42
-0.130554,-0.00592041,0.927429,20.0812,6.08521,209.635,1884.44
0.176025,0.00738525,0.638611,10.1927,-2.28195,207.658,1884.46
-0.406982,0.211243,1.26465,1.06491,2.43408,209.027,1884.48
-0.0341187,0.0878906,0.748474,8.36716,4.25964,212.982,1884.5
0.043396,0.0362549,0.849915,-5.62881,-5.02029,212.982,1884.52
0.0823364,0.108643,1.40558,12.4747,11.1055,207.201,1884.54
0.229614,-0.126343,0.539001,14.7566,2.58621,203.246,1884.56
0.216125,-0.530029,0.897827,1.21704,-4.41177,187.272,1884.58
0.199402,0.0559692,0.38092,3.95538,13.2353,175.102,1884.6
0.259888,-0.233826,1.74091,-27.0792,-10.497,174.189,1884.62
0.125793,-0.0537109,0.864319,37.7283,25.8621,162.931,1884.64
-0.0795288,0.071167,1.40192,5.78094,8.21503,146.958,1884.66
0.61969,-0.159058,0.415894,12.0183,0.45639,140.112,1884.68
-0.176392,-0.00933838,1.37231,-16.7343,-6.08521,136.917,1884.7
0.413818,-0.14563,0.451294,-3.34686,-19.1684,129.158,1884.72
-0.0305176,-0.157776,1.01636,-3.95538,-13.2353,123.986,1884.74
0.775818,-0.0680542,0.809998,5.93307,18.5599,120.791,1884.76
0.0865479,-0.107971,1.26801,5.93307,-9.88846,106.795,1884.78
0.282349,-0.162842,0.793274,4.25964,-15.9737,106.795,1884.8
0.423096,-0.00671387,0.841736,-1.82556,1.36917,102.84,1884.82
0.2276,-0.0593872,0.927551,3.80325,-10.3448,94.7771,1884.84
-0.297363,-0.0803833,0.726196,-2.28195,-4.86816,92.6472,1884.86
0.227173,-0.119507,0.726013,-6.38947,-4.86816,91.4302,1884.88
-0.359375,0.038269,1.0401,-10.1927,19.3205,85.345,1884.9
-0.251404,0.02948,0.904785,-8.51929,11.4098,81.846,1884.92
-0.133484,0.105591,1.40771,-6.38947,-29.3611,82.3024,1884.94
-0.139099,0.0689697,1.30615,-17.495,-8.82355,81.846,1884.96
-0.632324,-0.0599365,0.703674,6.23734,-14.7566,79.1077,1884.98
0.179016,-0.119751,0.791748,-15.8215,-9.88846,82.7588,1885
0.0107422,-0.0394287,0.326355,16.7343,-19.6248,75.0002,1885.02
-0.652283,0.133728,1.39117,-33.3165,-0.30426,77.7385,1885.04
-0.373779,-0.024292,1.53577,-4.10751,-6.5416,74.6959,1885.06
-0.104126,0.0123291,1.19672,-14.7566,-13.8438,74.6959,1885.08
-0.0701294,0.0327759,0.785095,16.4301,15.5173,71.6533,1885.1
-0.0703125,0.0231934,0.815186,-14.3002,-4.71603,71.6533,1885.12
-0.134094,0.0723267,1.18182,3.19473,7.60651,70.132,1885.14
0.114685,0.0020752,1.35278,-2.58621,2.73834,70.5884,1885.16
0.394104,-0.0377197,0.686462,4.71603,-12.0183,70.2841,1885.18
-0.169861,0.0736084,1.15839,20.2333,14.9088,61.917,1885.2
-0.0512695,0.130066,0.984558,2.28195,0.912781,55.9839,1885.22
0.209656,0.113525,0.759155,6.99799,6.5416,48.6816,1885.24
0.587036,0.34021,0.953003,-0.45639,11.1055,26.4706,1885.26
0.28418,0.284912,0.889343,4.25964,19.7769,10.3448,1885.28
0.37793,0.217163,0.468628,-2.89047,-6.84586,-2.12982,1885.3
0.0865479,0.341431,0.989807,-0.760651,6.5416,-13.0832,1885.32
-0.0472412,0.170715,1.0578,-4.86816,2.58621,-11.5619,1885.34
-0.0383911,0.230652,0.867798,2.58621,-7.15012,-0.912781,1885.36
0.0905151,0.0245361,0.878052,-0.45639,-3.95538,-1.67343,1885.38
0.281677,-0.112915,1.00958,1.5213,-2.73834,-4.86816,1885.4
-0.00421143,-0.182861,0.792236,3.49899,-13.8438,-7.15012,1885.42
0.151184,-0.0610352,0.629944,12.9311,20.5376,-12.1704,1885.44
-0.0479126,0.072876,0.8797,1.06491,-3.0426,-12.0183,1885.46
-0.026062,-0.0210571,1.13904,0.15213,2.73834,-13.8438,1885.48
0.337097,0.0460205,0.567444,16.2779,5.02029,-11.2576,1885.5
0.116333,0.0795898,1.05579,-10.0406,-4.41177,-20.5376,1885.52
0.0947876,0.157654,0.994812,3.0426,5.78094,-25.5579,1885.54
0.0964355,-0.0107422,1.10834,4.25964,-9.43207,-32.5558,1885.56
0.236755,0.0341187,0.660461,14.3002,0.45639,-37.1198,1885.58
0.0343628,0.0205078,0.993469,-3.80325,-2.89047,-41.8358,1885.6
-0.0396118,-0.0153198,0.966003,7.30225,-0.760651,-49.5944,1885.62
0.194641,0.0632935,0.991882,5.47668,7.15012,-55.0711,1885.64
0.216003,0.0350342,0.743408,1.82556,10.6491,-60.3957,1885.66
0.185181,-0.00012207,1.08881,6.23734,-5.62881,-68.7628,1885.68
0.127502,-0.013855,0.617554,10.497,5.17242,-71.349,1885.7
0.346863,0.107239,1.22192,-10.1927,-1.36917,-71.0448,1885.72
-0.0477295,0.0682983,0.821411,-0,0.608521,-81.2375,1885.74
0.0862427,0.0984497,1.11597,-9.27994,0.45639,-82.1503,1885.76
0.159851,0.144897,1.09344,8.0629,-0.45639,-86.562,1885.78
0.172668,0.0733643,0.918823,-5.32455,-0.45639,-90.5174,1885.8
-0.000671387,0.0916748,1.12701,9.12781,-1.21704,-92.6472,1885.82
0.29126,0.0220337,0.731506,1.5213,-0.15213,-93.1036,1885.84
0.122375,-0.0766602,0.491577,7.15012,10.3448,-100.406,1885.86
0.429504,0.126648,1.61652,-7.45438,-6.38947,-100.254,1885.88
0.0407715,0.126648,0.671936,15.5173,17.7992,-104.361,1885.9
0.0407715,0.126648,0.671936,15.5173,17.7992,-104.361,1885.92
0.0407715,0.126648,0.671936,15.5173,17.7992,-104.361,1885.94
0.0407715,0.126648,0.671936,15.5173,17.7992,-104.361,1885.96
0.620056,0.0705566,0.938477,-20.2333,-8.21503,-106.947,1885.98
0.312317,0.0281372,1.03491,-2.73834,-2.12982,-110.751,1886
0.165222,0.0541382,0.812439,6.23734,-8.82355,-110.294,1886.02
0.141968,0.158203,0.99231,-0,2.73834,-110.599,1886.04
-0.00671387,0.115234,0.874268,-0.912781,4.5639,-109.686,1886.06
0.053894,0.170837,0.952393,1.21704,1.36917,-106.795,1886.08
-0.0328369,0.161255,0.91217,6.08521,3.65112,-99.7974,1886.1
0.204956,0.0941162,0.75,-3.0426,-1.67343,-94.6249,1886.12
-0.127014,0.239624,1.5517,-3.80325,-0.912781,-94.0164,1886.14
-0.0404053,0.233643,0.909607,-6.99799,-0.760651,-90.9738,1886.16
-0.219177,0.501038,1.03333,0.15213,-0.30426,-84.8886,1886.18
-0.297546,0.484314,0.853455,-0.912781,4.86816,-73.4789,1886.2
-0.098877,0.206421,0.957092,1.36917,0.608521,-65.7202,1886.22
-0.0596924,0.170776,0.923584,1.67343,-2.12982,-70.4362,1886.24
-0.0908813,0.229309,1.16272,-3.34686,0.15213,-72.2618,1886.26
0.0620728,0.247375,1.05292,-8.0629,2.43408,-67.5458,1886.28
0.0654297,0.186096,0.804016,5.47668,2.89047,-67.3936,1886.3
0.132385,0.20874,1.04834,-10.6491,-1.67343,-68.4586,1886.32
0.139709,0.227661,0.921265,-1.06491,-1.82556,-73.9352,1886.34
0.09198,0.235718,1.07025,-5.62881,0.608521,-74.3916,1886.36
0.00994873,0.292542,0.915894,-0.45639,-0,-75.0002,1886.38
0.0438843,0.326782,1.1488,-5.93307,-5.93307,-71.9576,1886.4
0.140137,0.219788,0.878418,-0,-0,-72.1097,1886.42
-0.0747681,0.259216,0.91333,-1.5213,-0.912781,-73.4789,1886.44
0.110046,0.221741,0.938904,0.30426,3.95538,-71.349,1886.46
0.1026,0.235596,0.976318,-4.41177,-0.45639,-72.4139,1886.48
0.126038,0.332458,1.164,-4.10751,0.45639,-71.5012,1886.5
0.0234985,0.259155,0.898315,-1.5213,-2.12982,-69.6756,1886.52
0.115295,0.318176,1.02087,-5.02029,-0,-68.9149,1886.54
0.0432129,0.221252,0.981384,2.73834,3.49899,-70.2841,1886.56
0.055542,0.217957,0.941956,2.58621,-2.28195,-70.2841,1886.58
0.138123,0.225464,0.836182,-5.62881,-1.82556,-68.4586,1886.6
0.148926,0.16748,0.979065,-1.67343,-3.19473,-66.7851,1886.62
-0.015625,0.0801392,1.034,-1.36917,-1.36917,-69.9799,1886.64
0.335083,0.085083,1.02917,1.21704,8.21503,-72.4139,1886.66
0.069458,0.0444946,0.687439,6.69373,5.17242,-79.4119,1886.68
0.182861,0.0543823,0.751343,9.5842,-1.21704,-84.5844,1886.7
0.0669556,0.181091,0.952332,-8.0629,-2.28195,-86.1057,1886.72
0.0910645,0.0698853,1.0882,2.73834,2.89047,-90.9738,1886.74
-0.0194702,0.206909,0.95752,-0.912781,4.5639,-99.4931,1886.76
0.10144,0.128235,0.995789,-4.10751,-5.32455,-100.862,1886.78
0.263367,0.0657349,0.750244,-1.97769,-7.30225,-103.753,1886.8
0.0651855,0.00695801,0.89447,1.67343,2.58621,-111.511,1886.82
0.09198,0.233704,0.936035,-5.47668,5.32455,-113.945,1886.84
-0.0733643,0.139648,0.894592,-1.67343,5.47668,-117.749,1886.86
-0.0614624,0.0413818,0.830322,0.760651,-0.15213,-120.183,1886.88
0.0533447,0.0709839,1.02203,-1.36917,-5.17242,-120.335,1886.9
-0.140259,0.106628,0.852112,2.28195,8.51929,-118.357,1886.92
-0.0454712,0.0287476,0.818726,0.608521,5.47668,-111.968,1886.94
0.0946045,0.0936279,0.917542,-8.21503,-3.34686,-112.576,1886.96
-0.154114,0.0884399,0.960144,-2.58621,1.82556,-112.12,1886.98
0.183228,0.081665,0.921143,-1.5213,-0.912781,-113.185,1887
0.0839233,0.185791,0.983215,-5.17242,-0.15213,-117.14,1887.02
0.0892334,0.186707,0.995056,-3.49899,-1.06491,-119.574,1887.04
0.0476685,0.126648,0.80603,0.30426,5.62881,-127.333,1887.06
0.24292,0.140625,1.04523,-8.0629,-6.99799,-132.201,1887.08
0.253235,0.154724,0.791565,-5.47668,-5.93307,-138.743,1887.1
0.172974,0.225342,0.956543,-6.84586,-1.06491,-147.414,1887.12
0.192383,0.106812,0.879456,-1.97769,-1.21704,-152.282,1887.14
0.299683,0.164001,1.0022,-8.97568,0.912781,-158.063,1887.16
0.0664673,0.25,1.07214,-13.2353,-5.17242,-166.278,1887.18
-0.022522,0.097168,0.99115,-6.99799,-3.49899,-168.864,1887.2
